#[1]   PG_main.asm
    4                     
#[2]   defDebug.h
    5                             .INCLUDE        "defDebug.h"
    1                     
    2                     ;==========================================================
    3                     ; デバッグコントロール定義
    4                     ;==========================================================
    5                     ; デバッグビルドコントロール
    6           0001      DEBUG_BUILD EQU  1
    7                     
    8                     ; マッパー番号
    9           0000      MAPPER_NO       EQU 0
   10                     
   11                     ; デバッグ機能ON
   12           0001      DEBUG_MODE = 1
   13                     
   14                     
   15           0000      DEBUG_NO_GAME_OVER = 0
   16                     
   17                     
   18           0000      AUTO_SHOT_OFF = 0                       ; =1 の時、通常弾のオートショットをＡボタン押しっぱなしで停止出来る
   19                     
   20                     
   21           0000      SINGLE_SHOT_TEST = 0            ; =1 自機の通常弾1発のみテスト
   22           0000      STAGE_TEST               = 0            ; !=0  指定ステージからスタート =8 テスト
   23                     
   24           0000      MMC_TYPE = 0                            ; =0 MMC3  =1 AX-A1 =2 INL-SWAP
   25           0001      NO_COPY_PROTECT =  1            ; =1 コピープロテクト無し
   26           00A4      FLASH_DEV_CODE = $A4
   27           00C2      FLASH_MAN_CODE = $C2
   28           0000      WRAM_PROTECT_CODE = 0
   29                     
   30           0000      ARDUINO_MODE = 0                        ; =1 ARDUINO 搭載モード
   31                     
#[1]   PG_main.asm
    6                     
    7                             .inesprg 2              ; プログラムバンク数
    8                             .ineschr 1              ; CHR バンク数
    9                             .inesmir 1              ; 0:V 垂直２画面（ 水平ミラー） 1:H 水平２画面（垂直ミラー）
   10                             .inesmap 0              ; mapper #0
   11                     
#[2]   defMacro.h
   12                             .INCLUDE        "defMacro.h"
    1                     ;******************************************************************************
    2                     ;       MOVE関係
    3                     ;******************************************************************************
    4                     LD_W MACRO
    5                             lda  \2
    6                             sta  \1
    7                             lda  \2+1
    8                             sta  \1+1
    9                             ENDM
   10                     
   11                     ;******************************************************************************
   12                     ;       算術関係
   13                     ;******************************************************************************
   14                     
   15                     ADD_W MACRO
   16                             clc
   17                             lda  \1
   18                             adc  \2
   19                             sta  \1
   20                             lda  \1+1
   21                             adc  \2+1
   22                             sta  \1+1
   23                             ENDM
   24                     
   25                     ;------------------------------------------------------------------------------
   26                     ;                               バイト足し演算
   27                     ;------------------------------------------------------------------------------
   28                     add     MACRO
   29                             clc
   30                             adc     \1
   31                             ENDM
   32                     ;------------------------------------------------------------------------------
   33                     ;                               バイト引き演算
   34                     ;------------------------------------------------------------------------------
   35                     sub     MACRO
   36                             sec
   37                             sbc     \1
   38                             ENDM
   39                     ;------------------------------------------------------------------------------
   40                     ;                               ワード足し演算
   41                     ;                               xy + \1\2 = xy
   42                     ;------------------------------------------------------------------------------
   43                     addw    MACRO
   44                             pha
   45                     
   46                             tya
   47                             add     \2
   48                             tay
   49                             bne     .byte_over\@
   50                             bcc     .byte_over\@
   51                     
   52                             sec
   53                     .byte_over\@:
   54                             txa
   55                             adc     \1
   56                             tax
   57                     
   58                             pla
   59                             ENDM
   60                     ;------------------------------------------------------------------------------
   61                     ;                               ワード引き演算
   62                     ;                               xy - \1\2 = xy
   63                     ;------------------------------------------------------------------------------
   64                     subw    MACRO
   65                             pha
   66                     
   67                             tya
   68                             sub     \2
   69                             tay
   70                     
   71                             txa
   72                             sbc     \1
   73                             tax
   74                     
   75                             pla
   76                             ENDM
   77                     
   78                     ;------------------------------------------------------------------------------
   79                     ;                               ワードインクリメント
   80                     ;                               \1\2 + 1 = \1\2
   81                     ;------------------------------------------------------------------------------
   82                     incw    MACRO
   83                             inc     \1
   84                             bne     .iend\@
   85                     
   86                             inc     \1 + 1
   87                     .iend\@:
   88                     
   89                             ENDM
   90                     
   91                     ;------------------------------------------------------------------------------
   92                     ;                               ワードデクリメント
   93                     ;                               \1\2 - 1 = \1\2
   94                     ;------------------------------------------------------------------------------
   95                     decw    MACRO
   96                             lda     \1
   97                             bne     .dend\@
   98                     
   99                             dec     \1 + 1
  100                     .dend\@:
  101                             dec     \1
  102                     
  103                             ENDM
  104                     
  105                     ;------------------------------------------------------------------------------
  106                     ;               擬似ワードレジスタ　AR に固定ワードセット
  107                     ;------------------------------------------------------------------------------
  108                     SET_AR  MACRO
  109                             LDA     \1 & $ff
  110                             STA     <W_AR
  111                             LDA     \1 >> 8
  112                             STA     <W_AR+1
  113                             ENDM
  114                     
  115                     ;------------------------------------------------------------------------------
  116                     ;               擬似ワードレジスタ　BR に固定ワードセット
  117                     ;------------------------------------------------------------------------------
  118                     SET_BR  MACRO
  119                             LDA     \1 & $ff
  120                             STA     <W_BR
  121                             LDA     \1 >> 8
  122                             STA     <W_BR+1
  123                             ENDM
  124                     
  125                     ;------------------------------------------------------------------------------
  126                     ;               擬似ワードレジスタ　AR にメモリー上のワード値セット
  127                     ;------------------------------------------------------------------------------
  128                     SET_AR_M        MACRO
  129                             LDA     \1
  130                             STA     <W_AR
  131                             LDA     \1+1
  132                             STA     <W_AR+1
  133                             ENDM
  134                     
  135                     ;------------------------------------------------------------------------------
  136                     ;               擬似ワードレジスタ　BR にメモリー上のワード値セット
  137                     ;------------------------------------------------------------------------------
  138                     SET_BR_M        MACRO
  139                             LDA     \1
  140                             STA     <W_BR
  141                             LDA     \1+1
  142                             STA     <W_BR+1
  143                             ENDM
  144                     
  145                     ;------------------------------------------------------------------------------
  146                     ;                               対象のメモリーのビットをセットする
  147                     ;                               対象メモリーアドレス = \1
  148                     ;                               セットするビット     = \2
  149                     ;------------------------------------------------------------------------------
  150                     SET_BIT         MACRO
  151                             LDA     \1
  152                             ORA     \2
  153                             STA     \1
  154                             ENDM
  155                     
  156                     ;------------------------------------------------------------------------------
  157                     ;                               対象のメモリーのビットをクリアーする
  158                     ;                               対象メモリーアドレス = \1
  159                     ;                               クリアーするビット   = \2
  160                     ;------------------------------------------------------------------------------
  161                     CLR_BIT         MACRO
  162                             LDA     \1
  163                             AND     $ff - \2
  164                             STA     \1
  165                             ENDM
  166                     
  167                     ;------------------------------------------------------------------------------
  168                     ;                               対象のメモリーのビットをチェックする
  169                     ;                               対象メモリーアドレス = \1
  170                     ;                               チェックするビット   = \2
  171                     ;------------------------------------------------------------------------------
  172                     CHK_BIT         MACRO
  173                             LDA     \1
  174                             AND     \2
  175                             ENDM
  176                     
  177                     
  178                     ;------------------------------------------------------------------------------
  179                     ;                               XYレジスタをスタックに退避
  180                     ;------------------------------------------------------------------------------
  181                     phxy            MACRO
  182                             sta  <TMP_SYS
  183                             txa
  184                             pha
  185                             tya
  186                             pha
  187                             lda  <TMP_SYS
  188                             ENDM
  189                     
  190                     ;------------------------------------------------------------------------------
  191                     ;                               XYレジスタをスタックから復帰
  192                     ;------------------------------------------------------------------------------
  193                     plxy            MACRO
  194                             sta  <TMP_SYS
  195                             pla
  196                             tay
  197                             pla
  198                             tax
  199                             lda  <TMP_SYS
  200                             ENDM
  201                     
  202                     ;------------------------------------------------------------------------------
  203                     ;                               SRC_ADRをスタックに退避
  204                     ;------------------------------------------------------------------------------
  205                     phSRC_ADR       MACRO
  206                             lda  <SRC_ADR+0
  207                             pha
  208                             lda  <SRC_ADR+1
  209                             pha
  210                             ENDM
  211                     
  212                     ;------------------------------------------------------------------------------
  213                     ;                               XYレジスタをスタックから復帰
  214                     ;------------------------------------------------------------------------------
  215                     plSRC_ADR       MACRO
  216                             pla
  217                             sta  <SRC_ADR+1
  218                             pla
  219                             sta  <SRC_ADR+0
  220                             ENDM
  221                     
  222                     ;******************************************************************************
  223                     ;       表示関係
  224                     ;******************************************************************************
  225                     ;       画面切り替え時にＩＲＱ割り込みラインでのノイズを対処すべく、
  226                     ;       表示on、表示offは、マクロ化しました。→DISP_ON, DISP_OFF
  227                     ;       それに伴い、NMI_FLGの操作も併せて、こちらに移動しました。
  228                     ;                                                       渡部
  229                     ;------------------------------------------------------------------------------
  230                     ;                               表示on
  231                     ;------------------------------------------------------------------------------
  232                     DISP_ON         MACRO
  233                             jsr  _disp_on_sub
  234                             ENDM
  235                     
  236                     ;------------------------------------------------------------------------------
  237                     ;                               表示off
  238                     ;------------------------------------------------------------------------------
  239                     DISP_OFF        MACRO
  240                             jsr  _disp_off_sub
  241                             ENDM
  242                     
  243                     ;------------------------------------------------------------------------------
  244                     ;                               VRAMアドレスセット
  245                     ;                               VRAMアドレス = \1(16bit adr)
  246                     ;------------------------------------------------------------------------------
  247                     SET_VRAM_ADD2   MACRO
  248                             lda #HIGH (\1)
  249                         sta $2006
  250                             lda #LOW  (\1)
  251                             sta $2006
  252                             ENDM
  253                     
  254                     ;------------------------------------------------------------------------------
  255                     ;                               VRAMアドレスセット
  256                     ;                               VRAMアドレス = \1(16bit adr)
  257                     ;------------------------------------------------------------------------------
  258                     SET_VRAM_ADD_A_00       MACRO
  259                             STA  $2006
  260                             LDA     #$00
  261                             STA  $2006
  262                             ENDM
  263                     
  264                     
  265                     ;------------------------------------------------------------------------------
  266                     ;                               データアドレスセット
  267                     ;                               データアドレス = \1 (16bit adr)
  268                     ;------------------------------------------------------------------------------
  269                     SET_DATA_SRC    MACRO
  270                             lda     #LOW (\1)
  271                             sta     <SRC_ADR
  272                             lda #HIGH (\1)
  273                         sta <SRC_ADR+1
  274                             ENDM
  275                     
  276                     ;------------------------------------------------------------------------------
  277                     ;                               データアドレスセット
  278                     ;                               データアドレス = \1 (16bit adr)
  279                     ;------------------------------------------------------------------------------
  280                     SET_DATA_DST    MACRO
  281                             lda     #LOW (\1)
  282                             sta     <DST_ADR
  283                             lda #HIGH (\1)
  284                         sta <DST_ADR +1
  285                             ENDM
  286                     
  287                     
  288                     ;------------------------------------------------------------------------------
  289                     ;                               データアドレスセット
  290                     ;                               データアドレス = \1 (16bit adr)
  291                     ;                               データアドレス = \2 (16bit adr)
  292                     ;------------------------------------------------------------------------------
  293                     SET_DATA_ADR    MACRO
  294                             lda     #LOW (\2)
  295                             sta     \1
  296                             lda #HIGH (\2)
  297                         sta \1+1
  298                             ENDM
  299                     
  300                     ;------------------------------------------------------------------------------
  301                     ;                               パレット転送
  302                     ;                               データアドレス = \1 (アドレス)
  303                     ;------------------------------------------------------------------------------
  304                     TRANS_PAL       MACRO
  305                             lda  #LOW (\1)
  306                             sta  <SRC_ADR
  307                             lda  #HIGH (\1)
  308                         sta  <SRC_ADR+1
  309                             jsr  SET_PAL_DATA
  310                             ENDM
  311                     
  312                     ;------------------------------------------------------------------------------
  313                     ;                               ネームテーブル＆パレット転送
  314                     ;                               データアドレス = \1 (バンク付アドレス)
  315                     ;------------------------------------------------------------------------------
  316                     DRAW_BG_DATA    MACRO
  317                             lda  #LOW (\1)
  318                             sta  <SRC_ADR
  319                             lda  #HIGH (\1)
  320                         sta  <SRC_ADR+1
  321                             ldx  #BANK (\1) /2
  322                             jsr  TRANS_NAME_PAL
  323                             ENDM
  324                     
  325                     ;------------------------------------------------------------------------------
  326                     ;                               ネームテーブル転送
  327                     ;                               データアドレス = \1 (バンク付アドレス)
  328                     ;------------------------------------------------------------------------------
  329                     DRAW_BG_DATA_NP MACRO
  330                             lda  #LOW (\1)
  331                             sta  <SRC_ADR
  332                             lda  #HIGH (\1)
  333                         sta  <SRC_ADR+1
  334                             ldx  #BANK (\1) /2
  335                             lda  <A0_BNK            ;
  336                             pha                     ;現行のバンクを保存
  337                             txa
  338                             jsr  CHG_A0_BANK
  339                             jsr  TRANS_NAMETBL_SUB
  340                     
  341                             pla
  342                             jsr  CHG_A0_BANK
  343                             ENDM
  344                     
  345                     
  346                     ;------------------------------------------------------------------------------
  347                     ;                               ネームテーブル転送
  348                     ;                               データアドレス = \1 (バンク付アドレス)
  349                     ;------------------------------------------------------------------------------
  350                     DRAW_BG_TEXT    MACRO
  351                             lda  #LOW (\1)
  352                             sta  <SRC_ADR
  353                             lda  #HIGH (\1)
  354                         sta  <SRC_ADR+1
  355                             ldx  #BANK (\1) /2
  356                             jsr  TRANS_TEXT
  357                             ENDM
  358                     
  359                     ;------------------------------------------------------------------------------
  360                     ;                               文字列描画
  361                     ;                               \1 = 文字列
  362                     ;------------------------------------------------------------------------------
  363                     DRAW_STRING2 MACRO
  364                             LDA  #HIGH (.end\@ -1)
  365                             PHA
  366                             LDA  #LOW (.end\@ -1)
  367                             PHA
  368                             LDA  #LOW (.tbl\@ )
  369                             STA  <SRC_ADR
  370                             LDA  #HIGH (.tbl\@ )
  371                             jmp  DRAW_STRING_SUB
  372                     .tbl\@:
  373                         db  \1,0
  374                     .end\@:
  375                             ENDM
  376                     
  377                     ;------------------------------------------------------------------------------
  378                     ;                               文字列描画
  379                     ;                               データソースアドレス = \1 (16bit adr)
  380                     ;------------------------------------------------------------------------------
  381                     DRAW_STRING     MACRO
  382                             lda     #\1 & $ff
  383                             STA     <SRC_ADR
  384                             LDA     #\1 >> 8
  385                     ;;      STA     <SRC_ADR+1
  386                             JSR     DRAW_STRING_SUB
  387                             ENDM
  388                     
  389                     ;------------------------------------------------------------------------------
  390                     ;                               文字列描画（クリアー切り替え付き）
  391                     ;                               データソースアドレス = \1 (16bit adr)
  392                     ;------------------------------------------------------------------------------
  393                     DRAW_STRING_S   MACRO
  394                             lda     #\1 & $ff
  395                             STA     <SRC_ADR
  396                             LDA     #\1 >> 8
  397                     ;;      STA     <SRC_ADR+1
  398                             JSR     DRAW_STRING_S_SUB
  399                             ENDM
  400                     
  401                     ;------------------------------------------------------------------------------
  402                     ;                               文字列描画（テーブル選択型）
  403                     ;                               A reg = テーブル選択番号
  404                     ;                               テーブルデータアドレス = \1 (16bit adr)
  405                     ;------------------------------------------------------------------------------
  406                     DRAW_STRING_TBL_SEL     MACRO
  407                             ASL     A
  408                             TAX
  409                             LDA     \1,X
  410                             STA     <SRC_ADR
  411                             LDA     \1+1,X
  412                     ;;      STA     <SRC_ADR+1
  413                             JSR     DRAW_STRING_SUB
  414                             ENDM
  415                     
  416                     ;------------------------------------------------------------------------------
  417                     PAL_CHG MACRO
  418                             inc  <PAL_CHG_FG
  419                             ENDM
  420                     
  421                     ;******************************************************************************
  422                     ;       テーブル関係
  423                     ;******************************************************************************
  424                     
  425                     ;------------------------------------------------------------------------------
  426                     ;                               テーブルジャンプ
  427                     ;                               A reg = ジャンプ先テーブル番号
  428                     ;------------------------------------------------------------------------------
  429                     TBL_JUMP        MACRO
  430                             ASL     A
  431                             stx  <TMP_SYS
  432                             TAX
  433                             LDA     .tbl\@+1,X
  434                             PHA
  435                             LDA     .tbl\@+0,X
  436                             ldx  <TMP_SYS
  437                             PHA
  438                             RTS
  439                     .tbl\@:
  440                             ENDM
  441                     
  442                     ;------------------------------------------------------------------------------
  443                     ;  テーブルジャンプ先　宣言用マクロ　スタックを使う場合ジャンプ先-1 をプッシュ
  444                     ;------------------------------------------------------------------------------
  445                     JPTBL   MACRO
  446                             DW      \1 -1
  447                             ENDM
  448                     
  449                     
  450                     ;=================================================================
  451                     ;                               NMIユーザー処理登録用マクロ
  452                     ;=================================================================
  453                     SET_NMI_CALL    MACRO
  454                             LDA     #HIGH (\1)
  455                             STA <NMI_CALL_ADR+1
  456                             LDA     #LOW  (\1)
  457                             STA <NMI_CALL_ADR
  458                             LDA     #BANK (\1) /2
  459                             STA <NMI_CALL_BNK
  460                             ENDM
  461                     
  462                     
  463                     ;=================================================================
  464                     ;                               NMIユーザー処理解除用マクロ
  465                     ;=================================================================
  466                     CLR_NMI_CALL    MACRO
  467                             LDA     #0
  468                             STA <NMI_CALL_BNK
  469                             ENDM
  470                     
  471                     ;=================================================================
  472                     ;                               RAM転送システム用のマクロ
  473                     ;=================================================================
  474                     
  475                     ;------------------------------------------------------
  476                     ; VRAM転送先アドレス指定マクロ
  477                     ;------------------------------------------------------
  478                     SET_VRAMT_ADR   MACRO
  479                             lda   #HIGH (\1)
  480                             jsr   writeVRAMT_DATA
  481                             lda   #LOW  (\1)
  482                             jsr   writeVRAMT_DATA
  483                             ENDM
  484                     
  485                     
  486                     
  487                     ;-------------------------------------------------------------------------------
  488                     ; メモリー制御
  489                     ;-------------------------------------------------------------------------------
  490                     
  491                     ;   A reg クリアーデータ
  492                     ;   Y reg クリアーサイズ ( 0 は 256バイト )
  493                     ;       \1 = クリアーメモリーアドレス (16bit adr)
  494                     
  495                     CLEAR_MEM       macro
  496                     
  497                     .loop\@:
  498                             dey
  499                             sta   \1,Y
  500                             bne   .loop\@
  501                     
  502                                     endm
  503                     
  504                     
  505                     COPY_TBL        macro
  506                             ldx  #0
  507                     .loop\@:
  508                             lda  \1,x
  509                             sta  \2,x
  510                             inx
  511                             cpx  #\3
  512                             bne   .loop\@
  513                                     endm
  514                     
  515                     
  516                     ;       \1 = 転送元アドレス (BNK+16bit adr)
  517                     ;       \2 = 転送先アドレス (16bit adr)
  518                     ;       \3 = 転送サイズ (8bit)
  519                     
  520                     COPY_MEM        macro
  521                             lda  #LOW (\1)
  522                             sta  <SRC_ADR
  523                             lda  #HIGH (\1)
  524                         sta  <SRC_ADR+1
  525                     
  526                             lda  #LOW (\2)
  527                             sta  <DST_ADR
  528                             lda  #HIGH (\2)
  529                         sta  <DST_ADR+1
  530                     
  531                             ldy  #HIGH (\3)
  532                             jsr  memcpy
  533                     
  534                             endm
  535                     
  536                     ;       \1 = 転送元アドレス (BNK+16bit adr)
  537                     ;       \2 = 転送先アドレス (16bit adr)
  538                     ;       \3 = 転送サイズ (16bit)
  539                     
  540                     COPY_MEM16      macro
  541                             lda  #LOW (\1)
  542                             sta  <SRC_ADR
  543                             lda  #HIGH (\1)
  544                         sta  <SRC_ADR+1
  545                     
  546                             lda  #LOW (\2)
  547                             sta  <DST_ADR
  548                             lda  #HIGH (\2)
  549                         sta  <DST_ADR+1
  550                     
  551                             ldy  #LOW (\3)
  552                             ldx  #HIGH (\3)
  553                     
  554                             lda  #BANK (\1) /2
  555                     
  556                             jsr  memcpy_x
  557                     
  558                             endm
  559                     
  560                     
  561                     
  562                     ;-------------------------------------------------------------------------------
  563                     ; BEEP
  564                     ;-------------------------------------------------------------------------------
  565                     
  566                     BEEP    MACRO
  567                             lda #0
  568                             sta $4015
  569                     
  570                     ;       lda $4015               ; サウンドレジスタ
  571                     ;       ora #%00000001  ; 矩形波チャンネル１を有効にする
  572                             lda #%00000001  ; 矩形波チャンネル１を有効にする
  573                             sta $4015
  574                     
  575                             lda #%10111111  ; Duty比・長さ無効・減衰無効・減衰率
  576                             sta $4000       ; 矩形波チャンネル１制御レジスタ１
  577                     
  578                     ;       lda #%10101011  ; スイープ有効・変化率・方向・変化量
  579                     ;       lda #%00101011  ; スイープ有効・変化率・方向・変化量
  580                             lda #(\2)       ; スイープ有効・変化率・方向・変化量
  581                             sta $4001       ; 矩形波チャンネル１制御レジスタ２
  582                             
  583                             lda #LOW(\1)    ; 周波数(下位8ビット)
  584                             sta $4002       ; 矩形波チャンネル１周波数レジスタ１
  585                             lda #%11111000 +(HIGH(\1) &7)   ; 再生時間・周波数(上位3ビット)
  586                             sta $4003       ; 矩形波チャンネル１周波数レジスタ２
  587                     
  588                             ENDM
  589                     
  590                     
  591                     
#[1]   PG_main.asm
   13                     
#[2]   defRAM.h
   14                             .INCLUDE        "defRAM.h"
    1                     ;========================================
    2                     
    3                     
    4                     ;----------------
    5                     ; サウンドドライバーのワーク
    6                     ;----------------
    7           0000      SND_WK0         EQU     $00     ; size $32
    8                     
    9                     ;========================================
   10                     ;  NSF再生用
   11                     ;========================================
   12           0005      __ptr           EQU     $05     ; 汎用ポインタ 2byte
   13           0007      __tmp           EQU     $07
   14                     
   15           000A      __flag          EQU $0A
   16           0000       .if 0
   26                      .endif
   27                     
   28                     ;========================================
   29           0040      W_AR            EQU     $40     ; 16 bit 計算用  2 bytes
   30           0042      W_BR            EQU     $42     ; 16 bit 計算用  2 bytes
   31                     
   32           0044      TMP_SVA         EQU     $44     ; 汎用 A レジスタ保存用アドレス
   33           0045      TMP_SVX         EQU     $45     ; 汎用 X レジスタ保存用アドレス
   34           0046      TMP_SVY         EQU     $46     ; 汎用 Y レジスタ保存用アドレス
   35           0047      TMP_LOOP_CNT    EQU     $47     ; 汎用ループカウンタ
   36                     
   37           0048      TMP_SV0         EQU     $48     ; 汎用レジスタ保存用アドレス
   38           0049      TMP_SV1         EQU     $49     ; 汎用レジスタ保存用アドレス
   39           004A      TMP_SV2         EQU     $4A     ; 汎用レジスタ保存用アドレス
   40           004B      TMP_SV3         EQU     $4B     ; 汎用レジスタ保存用アドレス
   41           004C      TMP_SV4         EQU     $4C     ; 汎用レジスタ保存用アドレス
   42           004D      TMP_SV5         EQU     $4D     ; 汎用レジスタ保存用アドレス
   43           004E      TMP_SV6         EQU     $4E     ; 汎用レジスタ保存用アドレス
   44           004F      TMP_SV7         EQU     $4F     ; 汎用レジスタ保存用アドレス
   45                     
   46                     
   47           0050      TMP_WRK0        EQU     $50
   48           0051      TMP_WRK1        EQU     $51
   49           0052      TMP_WRK2        EQU     $52
   50           0053      TMP_WRK3        EQU     $53
   51                     
   52           0053      TMP_DISP2       EQU     TMP_WRK3        ; 1 byte  表示汎用
   53                     
   54                     
   55           0054      TMP_COUNT       EQU $54         ; 2バイト
   56                     
   57                     
   58           0056      SRC_ADR         EQU     $56             ; 汎用ソースアドレス  2 bytes
   59           0058      DST_ADR         EQU     $58             ; 汎用デスティネーションアドレス  2 bytes
   60                     
   61           005A      TMP_ADR0                EQU     $5A             ; 汎用アドレス  2 bytes
   62           005C      TMP_ADR0_IDX    EQU     $5C             ; 汎用アドレス  1 bytes
   63           005D      TMP_ADR1                EQU     $5D             ; 汎用アドレス  2 bytes
   64           005F      TMP_ADR1_IDX    EQU     $5F             ; 汎用アドレス  1 bytes
   65                     
   66                     ;----------------
   67                     ; サブル－チン呼び出しパラメーター
   68                     ;----------------
   69           0060      PRM_0           EQU $60
   70           0061      PRM_1           EQU $61
   71           0062      PRM_2           EQU $62
   72           0063      PRM_3           EQU $63
   73           0064      PRM_4           EQU $64
   74           0065      PRM_5           EQU $65
   75           0066      PRM_6           EQU $66
   76           0067      PRM_7           EQU $67
   77                     
   78           0068      PRM_X_POS       EQU $68
   79           0069      PRM_Y_POS       EQU $69
   80           006A      PRM_W_POS       EQU $6A
   81           006B      PRM_H_POS       EQU $6B
   82           006C      PRM_WT_POS      EQU $6C
   83           006D      PRM_HT_POS      EQU $6D
   84                     
   85                     
   86                     ;----------------
   87                     ; 各画面毎に初期化して利用するワーク
   88                     ;----------------
   89           0070      GM_TMP0         EQU     $70
   90           0071      GM_TMP1         EQU     $71
   91           0072      GM_TMP2         EQU     $72
   92           0073      GM_TMP3         EQU     $73
   93           0074      GM_TMP4         EQU     $74
   94           0075      GM_TMP5         EQU     $75
   95           0076      GM_TMP6         EQU     $76
   96           0077      GM_TMP7         EQU     $77
   97           0078      GM_TMP8         EQU     $78
   98           0079      GM_TMP9         EQU     $79
   99           007A      GM_TMP10        EQU     $7A
  100                     
  101                     ; 選択画面系
  102           0075      DEBUG_KEY_CNT   EQU GM_TMP5     ; デバッグ突入チェック用
  103           0077      PUSH_CTR        EQU     GM_TMP7 ; 文字＆カーソル点滅用
  104                     
  105                     
  106           0077      DEBUG_0         EQU  GM_TMP7
  107           0078      DEBUG_1         EQU  GM_TMP8
  108           0079      DEBUG_2         EQU  GM_TMP9
  109           007A      DEBUG_3         EQU  GM_TMP10
  110                     
  111                     ; 空き
  112           0080      DEBUG_COM       EQU     $80
  113                     
  114                     
  115                     
  116           008A      USR_PROG        EQU  $8A        ; USRプログラム用
  117           008D      SP_LOCK           EQU $8D       ; スプライト更新制御用 （=1 更新しない）
  118                     
  119           008E      CACHE_GET_NENMY_NT_FG  EQU $8E
  120                     
  121                     
  122           0090      PAL_WRK         EQU     $90              ;size $20      転送用
  123                     
  124                     ;----------------
  125                     ; デモ用
  126                     ;----------------
  127           00B0      DEMOMODE_NAM    EQU     $B0
  128                     
  129           00B1      DBD_BGTEST_FLG  EQU     $B1     ; 非 0:BG テスト中 (3,4 面の水面制御抑制に使う)
  130                     
  131                     
  132           00B2      GM_WAIT         EQU     $B2     ; 2 bytes  ゲーム待ち
  133                     
  134                     ;----------------
  135                     ; 処理落ち対策
  136                     ;----------------
  137           00B4      ENEMY_FLFG              EQU  $B4        ;
  138           00B5      ENEMY_NT_FLFG   EQU  $B5        ;
  139                     
  140                     ;----------------
  141                     ; 拡張アダプター モード
  142                     ;----------------
  143           00B6      EXA_MODE        EQU     $B6     ; =0 拡張モード =1 スタンドアロンモード
  144                     
  145                     ;----------------
  146                     ; ゲーム関連
  147                     ;----------------
  148           00B7      DEMO_FG         EQU     $B7     ; デモフラグ
  149           00B8      DEMO_TIMER      EQU     $B8     ; デモタイマー
  150                     
  151                     
  152                     
  153                     
  154                     ;----------------
  155                     ; キー関連
  156                     ;----------------
  157           00C0      KEY_CH0D        EQU     $C0     ; ΔPCM ノイズ除去用に増設 (新設)
  158           00C1      KEY_CH2D        EQU     $C1     ; ΔPCM ノイズ除去用に増設 (新設)
  159                     
  160           00C2      KEY_REL         EQU     $C2     ;
  161           00C3      KEY_TRG         EQU     $C3     ;
  162           00C4      KEY_OLD         EQU     $C4     ;
  163           00C5      KEY_NEW         EQU     $C5     ;
  164           00C6      KEY_CH0         EQU     $C6     ;
  165           00C7      KEY_CH1         EQU     $C7     ;
  166           00C8      KEY_CH2         EQU     $C8     ; 拡張パッド用に増設 (新設)
  167           00C9      KEY_CH3         EQU     $C9     ; 拡張パッド用に増設 (新設)
  168                     
  169           00CA      REP_KEY         EQU     $CA     ; リピート用のキー
  170           00CB      REP_NEW         EQU     $CB     ; リピートによる押下状態
  171           00CC      REP_CNT         EQU     $CC     ; ウェイト、インターバルのカウンタ
  172                     
  173           00CD      BG_STAR_DISP    EQU     $CD     ; ゲーム中BG_STAR最大表示数
  174           00CE      BG_STAR_MODE    EQU     $CE     ; ゲーム中BG_STARスクロールモード
  175                     
  176                     ;----------------
  177                     ; IRQ処理関連
  178                     ;----------------
  179                     
  180                     ;HIRQ_ENA       EQU  $CF ; IRQ フラグ制御 (未使用=0)
  181                     
  182           00D0      SCR_LINE        EQU     $D0     ; size 4 bytes  多重スクロール用 (各段の開始位置)
  183           00D4      BG_SCR_X        EQU     $D4 ; size 4 bytes
  184                     
  185           00DA      BG_BNK          EQU     $DA     ; size 6 bytes 
  186           00DA      BG0_BNK         EQU     BG_BNK
  187           00DB      BG1_BNK         EQU     BG_BNK+1
  188                     
  189                     
  190                     
  191                     ;----------------
  192                     ; システム関連
  193                     ;----------------
  194           00E0      FLG_2000        EQU     $E0
  195           00E1      FLG_2001        EQU     $E1
  196           00E2      BG_SCR_Y        EQU     $E2
  197                     
  198           00E3      NMI_FLG         EQU     $E3
  199           00E4      PAL_CHG_FG      EQU     $E4             ; パレット変更フラグ
  200                     
  201           00E5      SYS_TIMER       EQU     $E5             ; 2 bytes
  202           00E7      FLM_TIMER       EQU     $E7             ; フレームタイマー
  203                     
  204           00E8      STG_COD         EQU     $E8
  205           00E9      STG_COD_SUB     EQU     $E9
  206                     
  207                     ;----------------
  208                     ; バンク関連
  209                     ;----------------
  210           00EA      SPT_BNK         EQU     $EA
  211           00EB      SPT_BNK2        EQU     $EB
  212           00EC      A0_BNK          EQU     $EC             ; バンク切り替えリクエスト用　実際にはVBankで切り替わる
  213                     
  214                     
  215                     ;----------------
  216                     ; NMIからコールするプログラムのアドレス
  217                     ;----------------
  218           00ED      NMI_CALL_BNK    EQU $ED ; 1byte ０ならコールしない
  219           00EE      NMI_CALL_ADR    EQU $EE ; 2byte コールするプログラムアドレス
  220                     
  221                     
  222           00F0      TMP_SYS         EQU     $F0             ;システムで使うTMP
  223           00F1      TMP_SYS2        EQU     $F1             ;システムで使うTMP
  224           00F2      TMP_SYS3        EQU     $F2             ;システムで使うTMP
  225           00F3      TMP_SYS4        EQU     $F3             ;システムで使うTMP
  226                     
  227                     
  228                     ;----------------
  229                     ; サウンド関連
  230                     ;----------------
  231           00F4      REQ_TMPUP               EQU     $F4     ; テンポアップ
  232           00F5      REQ_SE_NO               EQU     $F5
  233           00F6      REQ_SE_NO2              EQU     $F6     ; 
  234           00F7      REQ_SE_NO3              EQU     $F7     ; 
  235                     
  236                     ;LAST_SE_LOCK   EQU     $F8     ; 同一効果音の最低再生フレーム数
  237                     ;LAST_SE_NO             EQU     $F9     ; 最後に再生したSE
  238           00FA      REQ_BGM_NO              EQU     $FA
  239                     ;REQ_SE_NO              EQU     $FB
  240           00FC      SEQ_CTR                 EQU     $FC     ; カウンタ
  241                     ;SND_FLG                        EQU     $FD
  242           00FD      __MusBank               EQU $FD
  243                     
  244                     
  245           00FF      MASTER_VOL              EQU $FF
  246                     
  247           0100      WRAM_EXIST      EQU     $100    ; 1 byte  非 0: WRAM が存在
  248                                                     ; 1 byte
  249           0102      HISCORES        EQU     $102    ; 8 bytes LV1 のハイスコア,キャラ,
  250                                                     ;         LV2 のハイスコア,キャラ
  251           010A      MAGIC           EQU     $10a    ; 6 bytes 起動/リセット判別用マジックナンバー
  252                     
  253                     
  254                     ;----------------
  255                     ; ランダムシステム
  256                     ;----------------
  257           010B      RND_SEL         EQU     $10b
  258           010C      RND_WK0         EQU     $10c
  259           010D      RND_WK1         EQU     $10d
  260           010E      RND_WK2         EQU     $10e
  261           010F      RND_WK3         EQU     $10f
  262                     
  263                     
  264                     ;----------------
  265                     ; ゲーム内表示関連
  266                     ;----------------
  267           0110      GM_SCORE        EQU     $110    ; 4 bytes
  268           0114      GM_HISCORE      EQU     $114    ; 4 bytes ハイスコア実作業用
  269           0118      SCR_CHG_SW      EQU     $118    ; 1 byte  スコア変化フラグ
  270                     
  271           011A      DEBUG_FLG               EQU     $11a    ; デバッグモード突入フラグ
  272           011B      DEBUG_MT_FLG    EQU     $11b    ; デバッグモード突入フラグ
  273                     
  274                     
  275           011E      PLY_LIFE                EQU $11e        ; B 残機数
  276           011F      PLY_CONTINUE    EQU $11f        ; コンティニュー回数 カウント上限99
  277                     
  278                     ;----------------
  279                     ; その他
  280                     ;----------------
  281           0120      DEBUG_SEL       EQU     $120
  282                     
  283           0121      DEBUG_DT0       EQU     $121
  284           0122      DEBUG_DT1       EQU     $122
  285           0123      DEBUG_DT2       EQU     $123
  286           0124      DEBUG_DT3       EQU     $124
  287           0125      DEBUG_DT4       EQU     $125
  288           0126      DEBUG_DT5       EQU     $126
  289           0127      DEBUG_DT6       EQU     $127
  290           0128      DEBUG_DT7       EQU     $128
  291                     
  292           0121      DEBUG_DT        EQU     DEBUG_DT0
  293                     
  294                     
  295           0121      PLY_STAGE               EQU     DEBUG_DT0       ; ステージ番号
  296           0122      DBD_SOUND_TST   EQU     DEBUG_DT1       ; サウンドテスト
  297           0123      DBD_M_TYPE              EQU     DEBUG_DT2       ; ミッションタイプ
  298           0124      DBD_MT_SUB              EQU     DEBUG_DT3       ; ミッションタイプサブ
  299           0125      DBD_STEP_JUMP   EQU     DEBUG_DT4       ; ステップジャンプ
  300                     
  301                     
  302                     
  303                     ;========================================
  304                     ; サウンドワーク
  305                     ; $200-$328
  306                     ;========================================
  307           0200      SND_WK1         EQU     $200    ; size $128
  308                     
  309                     ;========================================
  310                     ;  NSF再生用
  311                     ;========================================
  312           0200      _eff            EQU $200                ; 効果音テーブル開始番号
  313           0201      _play           EQU $201                ; フレームオーバー防止用変数
  314                     
  315                     
  316                     
  317                     
  318                     
  319                     
  320                     
  321                     
  322                     ;-----------------------------------------------------
  323                     ; ここから下の$300台のワークは ステージ開始時に０クリアー
  324                     ;-----------------------------------------------------
  325           032E      CLEAR_300W_TOP  EQU  $32E
  326                     
  327                     
  328                     
  329           0384      MISSON_ATK_NO   EQU  $384       ; B ミッション攻撃番号
  330           0385      MISSON_ATK_IDX  EQU  $385       ; B ミッション攻撃インデックス
  331           0386      MISSON_ATK_CNT  EQU  $386       ; B ミッション攻撃カウンター
  332                     
  333                     
  334           038A      MISSON_LDBG0    EQU  $38A       ; B ミッションBG番号
  335           038B      MISSON_LDBG1    EQU  $38B       ; B ミッションBG番号
  336           038C      MISSON_LDBG2    EQU  $38C       ; B ミッションBG番号
  337                     
  338           038D      MISSON_ANM_NO   EQU  $38D       ; B ミッションアニメ番号
  339           038E      MISSON_ANM_CNT  EQU  $38E       ; B ミッションアニメカウンター
  340                     ;---- ミッション用ソフトスタック -------
  341           038F      MISSON_PC_SP    EQU  $38F       ; B ミッションPCスタックポインタ
  342                     
  343           0390      MISSON_STACK    EQU $390                ; 16byte ミッション用スタック
  344                     
  345                     ;----------------
  346                     ; ミッション制御系ワーク
  347                     ;----------------
  348           03A0      MISSON_NO               EQU $3A0        ; B ステージ内ミッション番号
  349           03A1      MISSON_TYPE             EQU $3A1        ; B ミッションタイプ
  350           03A2      MISSON_TYPE_SUB EQU $3A2        ; B ミッションタイプ
  351           03A3      MISSON_WAIT             EQU $3A3        ; B MISSON_PCの次の処理までのウェイト
  352           03A4      MISSON_PC               EQU $3A4        ; W ミッションPC
  353                     
  354           03A6      MISSON_LOOP_CNT EQU $3A6        ; B ミッション ループカウンタ
  355           03A9      MISSON_FLG              EQU $3A9        ; B ミッション フラグ
  356           03AA      MISSON_STEP             EQU $3AA        ; B ミッション 処理ステップ
  357           03AB      MISSON_TMP              EQU $3AB        ; B ミッション 汎用
  358                     
  359           03AC      SECRET_STAT             EQU $3AC        ; B シークレット状態(0:初期値 1:解放 2:取得)
  360           03AD      SECRET_LIFE_ADD EQU $3AD        ; B シークレットアイテム獲得時のライフボーナス
  361                     
  362           03AE      MISSON_ASM              EQU $3AE        ; W ミッション毎フレーム割込み処理
  363                     
  364           03B0      ENEMY_ATK_LV    EQU $3B0        ; B 敵の攻撃LV 
  365                                                                             ;  0:攻撃しない 1:自機狙い弾 2:ホーミング弾
  366                                                                             ;  3:自機狙い＆ホーミング 4: 高速ホーミング
  367                     
  368           03B1      MISSON_CMP_P    EQU $3B1    ; B 比較命令時のフラグ保存
  369                     
  370           03B2      DAM_BG_FLASH    EQU $3B2        ; ダメージＢＧフラッシュ
  371                     
  372                     ;----------------
  373                     ; プレーヤーワーク
  374                     ;----------------
  375           03B3      PLY_ANM_NO              EQU $3B3        ; アニメーション番号
  376           03B4      PLY_FORM                EQU $3B4        ; フォーメーション
  377           03B5      PLY_DISP_FG             EQU $3B5        ; プレーヤー表示制御
  378           03B6      PLY_MUTEKI_TM   EQU $3B6        ; 無敵タイマー
  379                     
  380                     ;---- ボスミッション用 ワーク -------
  381           03B7      BM_DEATH_ANM    EQU $3B7                ; w ボス死亡アニメ
  382           03B9      BM_DEATH_MSC    EQU $3B9                ; w ボス死亡ミッションスクリプト
  383                     
  384           03BB      SHOT_TARGET             EQU $3BB
  385                     
  386                     
  387                     ;----------------
  388                     ; プレーヤーワーク
  389                     ;----------------
  390                     
  391           0500      PLY_OBJ_KIND    EQU     $500
  392           0501      PLY_OBJ_DIR             EQU     $501
  393           0502      PSHOT_KIND              EQU     $502
  394           0503      PSHOT_DIR               EQU     $503
  395                     
  396           0520      POS_PLY_X               EQU $520
  397           0521      POS_PLY_Y               EQU $521
  398                     
  399                     ;----------------
  400                     ; 自機の通常弾ワーク
  401                     ;----------------
  402           0522      PSHOT_A_X        EQU (POS_PLY_X+2)
  403           0523      PSHOT_A_Y        EQU (POS_PLY_Y+2)      ; =0 の時はスタンバイ状態
  404           000F      PSHOT_A_SUU      EQU 15
  405                     
  406                     
  407           0540      PLY_OBJ_WX              EQU     $540
  408           0541      PLY_OBJ_WY              EQU     $541
  409           0542      PSHOT_A_WX               EQU (PLY_OBJ_WX+2)
  410           0543      PSHOT_A_WY               EQU (PLY_OBJ_WY+2)
  411                     
  412                     
  413                     
  414                     
  415                     ;----------------
  416                     ; 敵のノーマル弾ワーク
  417                     ; $600-$6AF 8x22セット
  418                     ;----------------
  419           0600      ENEMY_NT_WORK   EQU     $600
  420           0600      ENEMY_NT_KIND   EQU     $600
  421           0601      ENEMY_NT_MP             EQU     $601    ; 移動パターン番号
  422           0602      ENEMY_NT_DT             EQU     $602    ; 特殊制御用データ
  423           0603      ENEMY_NT_HP             EQU     $603    ; 耐久力
  424           0604      ENEMY_NT_X              EQU $604        ; W
  425           0606      ENEMY_NT_Y              EQU $606        ; W
  426                     
  427           0008      ENEMY_NT_SIZE    EQU 8
  428           0016      ENEMY_NT_SUU     EQU 22
  429                     
  430                     ;----------------
  431                     ; 爆発演出ワーク
  432                     ; $6B0-$6D7 3x13セット
  433                     ;----------------
  434           06B0      BAKU_EFC_X       EQU $6B0
  435           06B1      BAKU_EFC_Y       EQU $6B1
  436           06B2      BAKU_EFC_CNT EQU $6B2
  437                     
  438           000D      BAKU_EFC_SUU EQU 13
  439                     
  440                     
  441                     
  442                     ;----------------
  443                     ; パレット関連
  444                     ;----------------
  445           06D7      PALFADE_TIME    EQU     $6D7    ; パレットフェード速度
  446           06D8      PALFADE_CNT             EQU     $6D8    ; パレットフェードカウンタ
  447           06D9      PALFADE_VAL             EQU     $6D9    ; 加算値、減算値
  448           06DA      PALFADE_ADD             EQU     $6DA    ; 変化の加算値
  449           060B      PALFADE_MASK    EQU     $60B    ; 変化させないパレットビット指定
  450                     
  451                     ;--- 空きあり ---
  452                     ; 6DC-6DF
  453                     
  454                     
  455           06E0      PAL_WRK2        EQU     $6E0    ;size $20       フェード中転送用
  456                     
  457                     
  458           0700      OBJ_BUF         EQU     $700            ; 256 bytes
  459           0700      BPE_BUF         EQU     $700            ; BEP展開バッファ
  460                     
  461                     
#[1]   PG_main.asm
#[2]   defGame.h
   15                             .INCLUDE        "defGame.h"
    1                     
    2                     ;----------------
    3                     ; PPU
    4                     ;----------------
    5                     ; MMC3のIRQを使う場合は BG を$0000番地, Spr を$1000番地に配置しなければならない
    6           00A8      FLG_PPU2000     EQU     %101_01_0_00
    7                                                     ; NMI gen,master,SP8x8,BG$0000,SP$0000,+1,v0,h0
    8                     
    9                     
   10           001E      FLG_PPU2001     EQU     %000_11_11_0
   11                     
   12                     
   13                     ;----------------
   14                     ; KEY BIT CODE
   15                     ;----------------
   16           0080      KEY_A           EQU     $80
   17           0040      KEY_B           EQU     $40
   18           0020      KEY_SEL         EQU     $20
   19           0010      KEY_RUN         EQU     $10
   20           0008      KEY_UP          EQU     $08
   21           0004      KEY_DOWN        EQU     $04
   22           0002      KEY_LEFT        EQU     $02
   23           0001      KEY_RIGHT       EQU     $01
   24                     
   25           00C0      KEY_AB          EQU     $C0
   26           00F0      KEY_ABRS        EQU     $F0
   27                     
   28                     
   29                     ;----------------
   30                     ; KEY DIR
   31                     ;----------------
   32           00FF      KDIR_N          EQU $FF
   33           0000      KDIR_U          EQU $00
   34           0001      KDIR_UR         EQU $01
   35           0002      KDIR_R          EQU $02
   36           0003      KDIR_DR         EQU $03
   37           0004      KDIR_D          EQU $04
   38           0005      KDIR_DL         EQU $05
   39           0006      KDIR_L          EQU $06
   40           0007      KDIR_UL         EQU $07
   41                     
   42                     
   43                     ;----------------
   44                     ; キーリピート設定
   45                     ;----------------
   46           0018      REP_WAIT        EQU     24      ; リピート開始までの時間 (フレーム数)
   47           0008      REP_INTERVAL    EQU      8      ; リピート間隔 (フレーム数)
   48                     
   49                     
   50                     ;----------------
   51                     ; バンク定義
   52                     ;----------------
   53           0000      PBNK_SYS        EQU  $00
   54                     
   55                     
   56                     
   57                     ;----------------
   58                     ; 各種P定義
   59                     ;----------------
   60           00F0      SP_CLR_Y        EQU 240         ; スプライトクリアーY
   61                     
   62                     ;----------------
   63                     ; STEP定義
   64                     ;----------------
   65           0000      ST_INIT         EQU      0      ; 初期化
   66           0001      ST_EXA00        EQU      1      ; 拡張システム起動チェック
   67           0002      ST_TITLE        EQU      2
   68           0003      ST_OPTION       EQU      3
   69           0004      ST_DEBUG        EQU      4
   70           0005      ST_MAIN         EQU      5
   71           0006      ST_CLEAR        EQU      6
   72           0007      ST_OVER         EQU      7
   73           0008      ST_LICENSE      EQU      8      ; ライセンス
   74                     
   75           0009      ST_MAX          EQU      9      ; ステップの最大値
   76                     
   77                     
   78                     
   79                     ;==========================================================
   80                     ; デモタイマー関連定義
   81                     ;==========================================================
   82           001A      TITLE_DEMO_TM   EQU     (7*60/16)       ; 約7秒
   83           0038      GAME_DEMO_TM    EQU     (15*60/16)      ; 約15秒
   84           0012      CREDIT_DEMO_TM  EQU     (5*60/16)       ; 約5秒
   85                     
   86                     
   87                     
   88                     ;==========================================================
   89                     ; プレーヤーアニメ制御関連定義
   90                     ;==========================================================
   91           0000      PLY_AN_WAIT             EQU  0          ; 待機
   92           0001      PLY_AN_CHARGE   EQU  1          ; チャージ
   93           0002      PLY_AN_SHOTA    EQU  2          ; ショットA
   94           0003      PLY_AN_SHOTB    EQU  3          ; ショットB
   95           0004      PLY_AN_DEAD             EQU  4          ; 死亡アニメ
   96                     
   97                     
   98                     
   99                     ;----------------
  100                     ; サウンド定義
  101                     ;----------------
  102           0001      BGM_BOSS        EQU  1  ;
  103           0002      BGM_STAGE       EQU  2  ;
  104           0003      BGM_CLEAR       EQU  3  ;
  105           0004      BGM_OVER        EQU  4  ;
  106                     
  107           0005      SE_TOP_NO       EQU  5
  108                     
  109           0005      SE_CUR_SEL              EQU  (SE_TOP_NO+0)      ; 00 カーソル 移動
  110           0006      SE_CUR_ENT              EQU  (SE_TOP_NO+1)      ; 01 カーソル 決定
  111           0007      SE_CUR_CAN              EQU  (SE_TOP_NO+2)      ; 02 カーソル キャンセル　(オプション 使用)
  112           0008      SE_SHOT_A               EQU  (SE_TOP_NO+3)      ; 03 自機ショット音
  113           0009      SE_PLY_DAME             EQU  (SE_TOP_NO+4)      ; 04 自機ダメージ音
  114           000A      SE_PLY_DEAD             EQU  (SE_TOP_NO+5)      ; 05 自機死亡
  115           000B      SE_PLY_FORM             EQU  (SE_TOP_NO+6)      ; 06 自機フォーメーションチェンジ
  116                     
  117           000C      SE_BAKU_S               EQU  (SE_TOP_NO+7)      ; 07 敵 撃破 敵サイズ小 ザコ
  118           000D      SE_BAKU_M               EQU  (SE_TOP_NO+8)      ; 08 敵 撃破 敵サイズ中 ザコ
  119           000E      SE_BAKU_L               EQU  (SE_TOP_NO+9)      ; 09 敵 撃破 敵サイズ大 ボス
  120                     
  121           000F      SE_NO_DAME              EQU  (SE_TOP_NO+10)     ; 10 敵無敵音
  122           0010      SE_DAME                 EQU  (SE_TOP_NO+11)     ; 11 ダメージ受け音
  123                     
  124           0011      SE_BOSS_MOVE1   EQU  (SE_TOP_NO+12)     ; 12 ボス移動1
  125           0012      SE_BOSS_MOVE2   EQU  (SE_TOP_NO+13)     ; 13 ボス移動2
  126                     
  127           0013      SE_BOSS_ATK1    EQU  (SE_TOP_NO+14)     ; 14 ボス攻撃
  128           0014      SE_TITLE                EQU  (SE_TOP_NO+15)     ; 15 タイトルＳＥ
  129           0015      SE_START_JET    EQU  (SE_TOP_NO+16)     ; 16 スタートジェット
  130           0016      SE_HADOU_CHG    EQU  (SE_TOP_NO+17)     ; 17 波動砲　チャージ
  131           0017      SE_HADOU_SHT    EQU  (SE_TOP_NO+18)     ; 18 波動砲　発射
  132           0018      SE_DM_DIVE              EQU  (SE_TOP_NO+19)     ; 19 次元潜航
  133           0019      SE_YAMATO_S             EQU  (SE_TOP_NO+20)     ; 20 ヤマト発進
  134                     
  135           001A      SNDTST_MAX   EQU (SE_TOP_NO+21)
  136                     
  137                     
  138           0006      SE_TITLE_START  EQU  SE_CUR_ENT
  139           0006      SE_POWUP                EQU  SE_CUR_ENT
  140           000C      SE_BAKU_EFC             EQU  SE_BAKU_S
  141           000D      SE_BAKU_BG              EQU  SE_BAKU_M
  142                     
  143           000B      SE_SPECIAL      EQU      SE_PLY_FORM    ;
  144                     
  145           0003      BGM_GAME_CLEAR  EQU  BGM_CLEAR
  146                     
  147                     
  148                     
  149                     
#[1]   PG_main.asm
#[2]   defMission.h
   16                             .INCLUDE        "defMission.h"
    1                     
    2                     ;==========================================================
    3                     ; ミッション制御関連定義
    4                     ;==========================================================
    5           0000      MT_HARA         EQU  0          ; HARADIUSミッション
    6           0001      MT_FLET         EQU  1          ; 艦隊ミッション
    7           0002      MT_BOSS         EQU  2          ; ボス敵ミッション
    8           0003      MT_EVNT         EQU  3          ; イベント
    9                     
   10           0004      MT_MAX          EQU  4          ; ミッションタイプMAX
   11                     
   12                     ;---- 特殊ミッション制御 ----
   13           00FB      MT_ATK_NO       EQU  $FB        ; ミッション攻撃番号セット
   14           00FC      MT_ANM_NO       EQU  $FC        ; ミッションアニメ番号セット
   15           00FD      MT_BOSSJMP      EQU  $FD        ; デモ時の開始ボスミッションにジャンプ
   16           00FE      MT_DEMOJMP      EQU  $FE        ; デモ時の開始ミッションにジャンプ
   17           00FF      MT_END          EQU  $FF        ; ミッション終了
   18                     
   19                     
   20                     ;==========================================================
   21                     ; ミッションサブ　バリエーションタイプ
   22                     ;==========================================================
   23           0000      MTSV_0          EQU  $00
   24           0040      MTSV_1          EQU  $40
   25           0080      MTSV_2          EQU  $80
   26           00C0      MTSV_3          EQU  $C0
   27                     
   28                     ;==========================================================
   29                     ; ミッション　アニメ番号(下位２ビットはバリエーション番号）
   30                     ;==========================================================
   31           0000      MTA_OFF                 EQU  $00*4              ; アニメオフ
   32                     
   33                     
   34           0080      MTA_ASTRO_F             EQU  $80+0*4    ; 隕石　右から
   35           0084      MTA_ASTRO_B             EQU  $80+1*4    ; 隕石　左から
   36           0088      MTA_ASTRO_U             EQU  $80+2*4    ; 隕石　上から
   37           008C      MTA_ASTRO_D             EQU  $80+3*4    ; 隕石　下から
   38           0090      MTA_ZAKO_F0             EQU  $80+4*4    ; 敵　前から 弱ザコのみ
   39           0094      MTA_ZAKO_F1             EQU  $80+5*4    ; 敵　前から 硬ザコMIX
   40           0098      MTA_ZAKO_F2             EQU  $80+6*4    ; 敵　前から ブラックタイガー隊
   41           009C      MTA_WARPIN0             EQU  $80+7*4    ; ワープIN 弱ザコ
   42           00A0      MTA_WARPIN1             EQU  $80+8*4    ; ワープIN ブラックタイガー
   43           00A4      MTA_WARPIN2             EQU  $80+9*4    ; ワープIN 隕石
   44                     
   45                     
   46                     ;==========================================================
   47                     ; ミッション　SP敵攻撃パターン(下位２ビットは攻撃頻度）
   48                     ;==========================================================
   49           0000      MAA_OFF                 EQU  $00*4              ; 攻撃オフ
   50           0004      MAA_1SHOT               EQU  $01*4              ; １発攻撃
   51           0008      MAA_3SHOT               EQU  $02*4              ; ３発攻撃
   52                     
   53                     
   54                     
   55                     ;----------------------------------------------
   56                     ; ミッションコントロールコード
   57                     ;----------------------------------------------
   58           0000      _MC_END                 EQU  $00
   59           00FF      _MC_CALL                EQU  $FF        ; MC_CALL, 呼び出し先アドレスラベル　　コールは先からコールは不可
   60           00FE      _MC_RET                 EQU  $FE
   61           00FD      _MC_LOOP_CNT    EQU  $FD        ; MC_LOOP_CNT, （ループ回数）
   62           00FC      _MC_JMP                 EQU  $FC        ; MC_JMP, ジャンプ条件, ジャンプ先アドレス
   63           00FB      _MC_ZAKO                EQU  $FB        ; 雑魚敵セット
   64           00FA      _MC_MEMCPYN             EQU  $FA        ; メモリーコピー Nバイト版
   65           00F9      _MC_MEMCPY2             EQU  $F9        ; メモリーコピー 2バイト版
   66           00F8      _MC_BOSS_NS             EQU  $F8        ; ボス通常弾発射
   67           00F7      _MC_PALSET              EQU  $F7        ; パレット書き換え
   68           00F6      _MC_MEMSET              EQU  $F6        ; メモリーセット 1バイト版
   69           00F5      _MC_MEMSET2             EQU  $F5        ; メモリーセット 2バイト版
   70           00F4      _MC_PGCALL              EQU  $F4        ; プログラムコール プログラムを呼び出す
   71           00F3      _MC_MEMCLR              EQU  $F3        ; メモリークリアー
   72                     
   73           00F2      _MC_BG_ANIME    EQU  $F2        ;  BGにアニメーションデータをセットする
   74           00F1      _MC_PGCALL2             EQU  $F1        ;  バンク付きプログラムコール プログラムを呼び出す
   75                     ;_MC_VRAMSET            EQU  $F0        ;  VRAMセット　アドレス、値
   76           00EF      _MC_MEMADD              EQU  $EF        ;  メモリー加算 1バイト版 アドレス、値
   77           00EE      _MC_MEMCMP              EQU  $EE        ;  メモリー比較 1バイト版 アドレス、値
   78           00ED      _MC_MEMPUSH             EQU  $ED        ;  メモリー 1バイト PUSH
   79           00EC      _MC_MEMPOP              EQU  $EC        ;  メモリー 1バイト POP
   80                     
   81                     
   82           00EC      _MC_BASE        EQU  $EC                ; コマンド予約の開始番号
   83                     
   84                     
   85                     ;----------------------------------------------
   86                     ; ミッション拡張関数コード
   87                     ;----------------------------------------------
   88                     
   89                     
   90                     
   91                     ;----------------------------------------------
   92                     ; ミッションコントロールコード　ジャンプ条件
   93                     ;----------------------------------------------
   94           0000      MCJ_JMP                 EQU  0          ; 無条件ジャンプ
   95           0001      MCJ_LOOP_CNT    EQU  1          ; ループカウンターをマイナス１してゼロでなければジャンプ
   96                                                                             ; MC_LOOP_CNTであらかじめループ回数セット
   97                     
   98                     ;MCJ_BOSS_HP            EQU  2          ; ボスＨＰがボスＨＰ比較データより大きければジャンプ
   99           0003      MCJ_ENEMY_Z             EQU  3          ; BG敵の残りがゼロならジャンプ
  100           0004      MCJ_EBG_TAG_Z   EQU  4          ; 指定タグのＢＧ敵がゼロならジャンプ
  101           0005      MCJ_ESP_TAG_Z   EQU  5          ; 指定タグのＳＰ敵がゼロならジャンプ
  102           0006      MCJ_CMP_Z               EQU  6          ; メモリー比較結果がZならジャンプ
  103           0007      MCJ_CMP_NZ              EQU  7          ; メモリー比較結果がNZならジャンプ
  104           0008      MCJ_CMP_C               EQU  8          ; メモリー比較結果がCならジャンプ
  105           0009      MCJ_CMP_NC              EQU  9          ; メモリー比較結果がNCならジャンプ
  106                     
  107                     
  108                     ;----------------
  109                     ; ミッションコントロールマクロ
  110                     ;----------------
  111                     
  112                     MC_END MACRO
  113                             DB      _MC_END
  114                             ENDM
  115                     
  116                     MC_CALL MACRO
  117                             DB      _MC_CALL
  118                             DW  \1                  ; 呼び出し先アドレスラベル
  119                             ENDM
  120                     
  121                     MC_RET MACRO
  122                             DB      _MC_RET
  123                             ENDM
  124                     
  125                     MC_LOOP_CNT MACRO
  126                             DB      _MC_LOOP_CNT
  127                             DB  \1                  ; ループ回数
  128                             ENDM
  129                     
  130                     MC_JMP MACRO
  131                             DB      _MC_JMP
  132                             DW  \1                  ; ジャンプ先アドレスラベル
  133                             DB  \2                  ; ジャンプ条件
  134                             DB  0
  135                             ENDM
  136                     
  137                     MC_JMP2 MACRO
  138                             DB      _MC_JMP
  139                             DW  \1                  ; ジャンプ先アドレスラベル
  140                             DB  \2                  ; ジャンプ条件
  141                             DB  \3                  ; ジャンプ条件
  142                             ENDM
  143                     
  144                     
  145                     
  146                     MC_ZAKO MACRO
  147                             DB      _MC_ZAKO
  148                             DB  \1                  ; 種類
  149                             DB  \2                  ; 移動パターン（最下位ビット=1 でX軸反転）
  150                             DB  ((\3) /2)           ; Ｘオフセット 0-511 (1/2してセットされる）
  151                             DB  \4                  ; Ｙオフセット -128 から 127　まで
  152                             ENDM
  153                     
  154                     
  155                     ;-------------------------------
  156                     ;  LBF_ZAKO 用弾発射
  157                     ;-------------------------------
  158                     MC_BOSS_NS MACRO
  159                             DB      _MC_BOSS_NS
  160                             DB  \1                  ; LASTER_BG IDX
  161                             DB  \2                  ; ターゲット
  162                             DB  \3                  ; 弾の種類
  163                             DB  \4                  ; 移動パターン
  164                             ENDM
  165                     
  166                     MC_BOSS_SS MACRO
  167                             DB      _MC_BOSS_SS
  168                             DB  \1                  ; Ｘオフセット -128 から 127　まで
  169                             DB  \2                  ; Ｙオフセット -128 から 127　まで
  170                             DB  \3                  ; パラメーター
  171                             ENDM
  172                     
  173                     MC_BOSS_HS MACRO
  174                             DB      _MC_BOSS_HS
  175                             DB  \1                  ; Ｘオフセット -128 から 127　まで
  176                             DB  \2                  ; Ｙオフセット -128 から 127　まで
  177                             DB  \3                  ; 弾の種類
  178                             DB  \4                  ; 移動パターン
  179                             ENDM
  180                     
  181                     MC_PALSET MACRO
  182                             DB      _MC_PALSET
  183                             DB  \1                  ; セット位置 4xN +1 (N= 0～7)
  184                             DB  \2,\3,\4    ; パレットデータ
  185                             ENDM
  186                     
  187                     MC_MEMSET MACRO
  188                             DB      _MC_MEMSET
  189                             DW  \1                  ; 書き換えアドレス
  190                             DB  \2                  ; 書き換えデータ
  191                             ENDM
  192                     
  193                     MC_MEMSET2 MACRO
  194                             DB      _MC_MEMSET2
  195                             DW  \1                  ; 書き換えアドレス
  196                             DW  \2                  ; 書き換えデータ
  197                             ENDM
  198                     
  199                     MC_MEMSET3B MACRO
  200                             DB      _MC_MEMSET2
  201                             DW  \1                  ; 書き換えアドレス
  202                             DB  \2,\3               ; 書き換えデータ
  203                             DB      _MC_MEMSET
  204                             DW  \1+2                ; 書き換えアドレス
  205                             DB  \4                  ; 書き換えデータ
  206                             ENDM
  207                     
  208                     MC_MEMADD MACRO
  209                             DB      _MC_MEMADD
  210                             DW  \1                  ; アドレス
  211                             DB  \2                  ; 加算データ
  212                             ENDM
  213                     
  214                     MC_MEMCMP MACRO
  215                             DB      _MC_MEMCMP
  216                             DW  \1                  ; アドレス
  217                             DB  \2                  ; 比較データ
  218                             ENDM
  219                     
  220                     MC_MEMCPYN MACRO
  221                             DB      _MC_MEMCPYN
  222                             DW  \2                  ; アドレス SRC
  223                             DW  \1                  ; アドレス DST
  224                             DB  \3
  225                             ENDM
  226                     
  227                     MC_MEMCPY2 MACRO
  228                             DB      _MC_MEMCPY2
  229                             DW  \2                  ; アドレス SRC
  230                             DW  \1                  ; アドレス DST
  231                             ENDM
  232                     
  233                     
  234                     MC_MEMPUSH MACRO
  235                             DB      _MC_MEMPUSH
  236                             DW  \1                  ; PUSH変数アドレス
  237                             ENDM
  238                     
  239                     MC_MEMPOP MACRO
  240                             DB      _MC_MEMPOP
  241                             DW  \1                  ; POP変数アドレス
  242                             ENDM
  243                     
  244                     
  245                     MC_PGCALL MACRO
  246                             DB      _MC_PGCALL
  247                             DB  #high( \1 -1)       ; コールアドレス
  248                             DB  #low( \1 -1)        ; コールアドレス
  249                             DB  0                   ; コール時にYreg にセットする値
  250                             DB  \2                  ; コール時にAreg にセットする値
  251                             ENDM
  252                     
  253                     MC_PGCALL2 MACRO
  254                             DB      _MC_PGCALL
  255                             DB  #high( \1 -1)       ; コールアドレス
  256                             DB  #low( \1 -1)        ; コールアドレス
  257                             DB  \3                  ; コール時にYreg にセットする値
  258                             DB  \2                  ; コール時にAreg にセットする値
  259                             ENDM
  260                     
  261                     MC_PGCALL_A MACRO
  262                             DB      _MC_PGCALL2
  263                             DW  \3                  ; TMP_ADR0にセットする値
  264                             DB  #high( \1 -1)       ; コールアドレス
  265                             DB  #low( \1 -1)        ; コールアドレス
  266                             DB  0                   ; コール時にYreg にセットする値
  267                             DB  \2                  ; コール時にAreg にセットする値
  268                             ENDM
  269                     
  270                     
  271                     
  272                     
  273                     MC_MEMCLR MACRO
  274                             DB      _MC_MEMCLR
  275                             DW  \1                  ; アドレス
  276                             DB  \2                  ; サイズ
  277                             DB  \3                  ; クリア値
  278                             ENDM
  279                     
  280                     MC_BG_POS_CLR MACRO
  281                             DB      _MC_BG_POS_CLR
  282                             DB  \1                  ; Ｘ
  283                             DB  \2                  ; Ｙ
  284                             ENDM
  285                     
  286                     
  287                     MC_BG_TAG_SBG MACRO
  288                             DB      _MC_BG_TAG_SBG
  289                             DB  \1                  ; タグ番号
  290                             DB  \2                  ; BG化する敵の種類番号
  291                             ENDM
  292                     
  293                     MC_BG_POS_HS MACRO
  294                             DB      _MC_BG_POS_HS
  295                             DB  \1                  ; Ｘ
  296                             DB  \2                  ; Ｙ
  297                             DB  \3                  ; 弾種類
  298                             DB  \4                  ; 移動パターン
  299                             ENDM
  300                     
  301                     
  302                     
  303                     
  304                     
  305                     
  306                     MC_WAIT MACRO
  307                             DB  \1                  ; ウェイトフレーム数 1-200
  308                             ENDM
  309                     
  310                     
  311                     
  312                     ;------------------------------------
  313                     ; ミッション拡張関数
  314                     ;  \1 ->拡張関数番号
  315                     ;------------------------------------
  316                     MC_MISSION_FUNC MACRO
  317                             DB      _MC_PGCALL
  318                             DB  #high( MissionFunc -1)      ; コールアドレス
  319                             DB  #low( MissionFunc -1)       ; コールアドレス
  320                             DB  \1                  ; コール時にAreg にセットする値
  321                             ENDM
  322                     
  323                     
  324                     
  325                     
#[1]   PG_main.asm
#[2]   .\chr\pallet.h
   17                             .INCLUDE        ".\chr\pallet.h"
    1           000F      PAL_BG = $0F
    2                     
    3                     ;------------------------------------------------------------------------------
    4                     ;  各種画面のパレットを集中管理するファイル
    5                     ;------------------------------------------------------------------------------
    6                     PAL_PLYER               MACRO
    7                             DB   PAL_BG,$21,$10,$20
    8                             ENDM
    9                     
   10                     PAL_PLYER2              MACRO
   11                             DB   PAL_BG,$1A,$17,$29
   12                             ENDM
   13                     
   14                     
   15                     PAL_EFFECT              MACRO
   16                             DB   PAL_BG,$15,$19,$20
   17                             ENDM
   18                     
   19                     PAL_GAGE_EFC    MACRO
   20                             DB  PAL_BG,$21,$21,$20                  ; BG 3  ゲージ＆爆発エフェクト
   21                             ENDM
   22                     
   23                     PAL_POWUP       MACRO
   24                             DB   PAL_BG,$21,$10,$20         ; BG 2
   25                             ENDM
   26                     
   27                     
   28                     ;------------------------------------------------------------------------------
   29                     ;  タイトル画面パレット
   30                     ;------------------------------------------------------------------------------
   31                     PAL_TITLE       MACRO
   32                             ; PAL_DAT
   33                             DB      PAL_BG,$20,$20,$20 ;(緑) 
   34                             DB      PAL_BG,$2A,$2A,$2A ;(赤) 
   35                             DB      PAL_BG,$15,$27,$30 ;(青) 
   36                             DB      PAL_BG,$1A,$1A,$1A ; 
   37                             ;       スプライト用パレット
   38                             DB  PAL_BG,$0F,$20,$20 ;スプライト0
   39                             PAL_PLYER2
   40                             PAL_EFFECT
   41                             PAL_PLYER
   42                             ENDM
   43                     
   44                     
   45                     
   46                     ;------------------------------------------------------------------------------
   47                     ;  クリアー画面パレット
   48                     ;  ゲームオーバー画面パレット
   49                     ;------------------------------------------------------------------------------
   50                     PAL_CLEAR       MACRO
   51                             ; PAL_DAT
   52                             DB  PAL_BG,$15,$21,$20  ;(黒) グラフィック
   53                             DB  PAL_BG,$00,$10,$20  ;(青)
   54                             DB  PAL_BG,$00,$10,$20  ;(緑)
   55                             DB  PAL_BG,$0F,$20,$20  ;(赤) 文字
   56                             ;       スプライト用パレット
   57                             DB   PAL_BG,$00,$10,$20 ;スプライト0
   58                             PAL_PLYER2
   59                             PAL_EFFECT
   60                             PAL_PLYER
   61                             ENDM
   62                     
   63                     ;------------------------------------------------------------------------------
   64                     ;  オプション画面＆デバッグ画面パレット
   65                     ;------------------------------------------------------------------------------
   66                     PAL_OPTION      MACRO
   67                             ; PAL_DAT
   68                             DB      PAL_BG,$20,$20,$20 ;(白) 
   69                             DB  PAL_BG,$07,$17,$28                  ; BG 1  ステージテーマサブ色
   70                             DB      PAL_BG,$0f,$20,$20 ;(緑) 
   71                             DB      PAL_BG,$0f,$20,$20 ;(緑) 
   72                             ; スプライト用パレット　デバッグ
   73                             DB      PAL_BG,$00,$21,$20 ;(青) 
   74                             PAL_PLYER2
   75                             PAL_EFFECT
   76                             PAL_PLYER
   77                             ENDM
   78                     
   79                     
   80                     ;------------------------------------------------------------------------------
   81                     ;  エンディング画面パレット
   82                     ;------------------------------------------------------------------------------
   83                     PAL_ENDING      MACRO
   84                             ; PAL_DAT
   85                             DB  PAL_BG,$20,$20,$20  ;(黒)
   86                             DB  PAL_BG,$00,$10,$20  ;(青)
   87                             DB  PAL_BG,$00,$10,$20  ;(緑)
   88                             DB  PAL_BG,$0F,$20,$20  ;(赤) 文字
   89                             ;       スプライト用パレット
   90                             DB  PAL_BG,$00,$10,$20 ;スプライト0
   91                             DB  PAL_BG,$00,$10,$20 ;スプライト1
   92                             DB  PAL_BG,$20,$10,$20 ;スプライト2　背景 星 色
   93                             DB  PAL_BG,$00,$10,$20 ;スプライト3
   94                             ENDM
   95                     
   96                     
   97                     ;------------------------------------------------------------------------------
   98                     ;  スタッフ画面パレット
   99                     ;------------------------------------------------------------------------------
  100                     PAL_STAFF       MACRO
  101                             ; PAL_DAT
  102                             DB  PAL_BG,$00,$10,$20  ;(黒)
  103                             DB      PAL_BG,$20,$05,$15 ;(青) 
  104                             DB      PAL_BG,$11,$21,$2C ;(黒)
  105                             DB  PAL_BG,$20,$12,$20  ;(赤) 文字
  106                             ;       スプライト用パレット
  107                             DB  PAL_BG,$00,$10,$20 ;スプライト0
  108                             DB  PAL_BG,$00,$10,$20 ;スプライト1
  109                             PAL_EFFECT
  110                             PAL_PLYER
  111                             ENDM
  112                     
  113                     
  114                     ;------------------------------------------------------------------------------
  115                     ;  ステージ用パレット
  116                     ;------------------------------------------------------------------------------
  117                     
  118                     ; ステージ共通パレット
  119                     PAL_STAGE_COM   MACRO
  120                             PAL_POWUP                                       ; BG2
  121                             PAL_GAGE_EFC                            ; BG3
  122                     
  123                             DB  $0F,$0C,$1C,$2C                     ; SP 0  隕石 ザコ敵　緑系
  124                             PAL_PLYER2
  125                             PAL_EFFECT                                      ; SP 2  敵弾
  126                             PAL_PLYER                                       ; SP 3  プレーヤー系
  127                             ENDM
  128                     
  129                     
  130                     
  131                     PAL_STAGE01     MACRO
  132                             ; STAGE 1
  133                             DB  PAL_BG,$06,$16,$26                  ; BG 0  ステージテーマメイン色
  134                             DB  PAL_BG,$2D,$27,$37                  ; BG 1  ステージテーマサブ色
  135                             ENDM
  136                     
  137                     
  138                     PAL_STAGE02     MACRO
  139                             ; STAGE 2
  140                             DB  PAL_BG,$0A,$1A,$2A                  ; BG 0  ステージテーマメイン色
  141                             DB  PAL_BG,$05,$15,$25                  ; BG 1  ステージテーマサブ色
  142                             ENDM
  143                     
  144                     
  145                     PAL_STAGE03     MACRO
  146                             ; STAGE 3
  147                             DB  PAL_BG,$04,$14,$24                  ; BG 0  ステージテーマメイン色
  148                             DB  PAL_BG,$07,$17,$28                  ; BG 1  ステージテーマサブ色
  149                             ENDM
  150                     
  151                     
  152                     PAL_STAGE04     MACRO
  153                             ; STAGE 4
  154                             DB  PAL_BG,$11,$21,$20                  ; BG 0  ステージテーマメイン色
  155                             DB  PAL_BG,$07,$17,$28                  ; BG 1  ステージテーマサブ色
  156                             ENDM
  157                     
  158                     
  159                     PAL_STAGE05     MACRO
  160                             ; STAGE 5
  161                             DB  PAL_BG,$02,$12,$22                  ; BG 0  ステージテーマメイン色
  162                             DB  PAL_BG,$07,$17,$28                  ; BG 1  ステージテーマサブ色
  163                             ENDM
  164                     
  165                     
  166                     PAL_STAGE06     MACRO
  167                             ; STAGE 6
  168                             DB  PAL_BG,$16,$27,$20                  ; BG 0  ザコ敵　オレンジ系
  169                             DB  PAL_BG,$25,$36,$20                  ; BG 1  ザコ敵　ピンク系
  170                             ENDM
  171                     
#[1]   PG_main.asm
   18                     
   19                     
   20           E000              .code
   21                     
   22                             ;========================================
   23                             ; ゲームバンク0
   24                             ;========================================
   25           0000              .BANK           0
   26           8000              ORG  $8000
   27                     
   28  00:8000                    .INCBIN         "mml\sound.bin"                         ;4090 bytes
#[2]   .\SysSound.asm
   29                             .INCLUDE        ".\SysSound.asm"
    1                     ;======================================================
    2                     ;                       サウンドシステム
    3                     ;======================================================
    4                     
    5           8010      _nsf_init               EQU $8010       ; NSF init address 
    6           8084      _nmi_main               EQU $8084       ; NSF play address
    7           80A1      _nsd_init               EQU $80A1
    8           80AB      _nsd_set_dpcm   EQU $80AB       ; ax = Pointer of ⊿PCM infomation Struct
    9           80B2      _nsd_main               EQU $80B2
   10           8137      _nsd_play_bgm   EQU $8137       ; ax = Pointer of BGM
   11           8219      _nsd_stop_bgm   EQU $8219
   12           8239      _nsd_play_se    EQU $8239       ; ax = Pointer of SE
   13           82B7      _nsd_stop_se    EQU $82B7
   14           8AB6      _nsd_snd_init   EQU $8AB6
   15                     
   16           8F6E      _nsd_table_idx  EQU $8F6E       ; テーブルインデックス
   17                     
   18                     
   19           8F70      bgm_addr        EQU (_nsd_table_idx+2)
   20           8F70      se_addr         EQU (_nsd_table_idx+2)
   21                     
   22           82B7      STOP_SE_SYS      EQU  _nsd_stop_se
   23                     
   24  00:9C24            STOP_SE:
   25  00:9C24  4C B7 82          jmp  STOP_SE_SYS
   26                     
   27                     
   28                     
   29                     ;===============================
   30                     ; BGM再生
   31                     ;===============================
   32  00:9C27            PLAY_BGM:
   33  00:9C27  85 FA             STA  <REQ_BGM_NO
   34  00:9C29  60            RTS
   35                     
   36                     ;===============================
   37                     ; SE再生
   38                     ;===============================
   39  00:9C2A            PLAY_SE_FORCE:
   40  00:9C2A  85 F5             STA     <REQ_SE_NO
   41  00:9C2C  60                rts
   42                     
   43  00:9C2D            PLAY_SE:
   44                             phxy
       00:9C2D  85 F0             sta  <TMP_SYS
       00:9C2F  8A                txa
       00:9C30  48                pha
       00:9C31  98                tya
       00:9C32  48                pha
       00:9C33  A5 F0             lda  <TMP_SYS
   45                     ;       ldy  <DEMO_FG
   46                     ;       bne  .end
   47                     
   48  00:9C35  A0 02             ldy  #2
   49  00:9C37  AA                tax
   50  00:9C38            .loop
   51  00:9C38  BE F5 00          ldx  REQ_SE_NO,y
   52  00:9C3B  F0 03             beq  .set
   53  00:9C3D  88                dey
   54  00:9C3E  D0 F8             bne  .loop
   55  00:9C40            .set
   56  00:9C40  99 F5 00          sta  REQ_SE_NO,y
   57  00:9C43            .end
   58                             plxy
       00:9C43  85 F0             sta  <TMP_SYS
       00:9C45  68                pla
       00:9C46  A8                tay
       00:9C47  68                pla
       00:9C48  AA                tax
       00:9C49  A5 F0             lda  <TMP_SYS
   59  00:9C4B  60                RTS
   60                     
   61                     
   62                     
   63                     ;===============================
   64                     ; サウンド初期化
   65                     ;===============================
   66  00:9C4C            INIT_SOUND:
   67  00:9C4C  A9 0F             lda  #15
   68  00:9C4E  85 FF             sta  <MASTER_VOL
   69  00:9C50  4C A1 80          jmp  _nsd_init
   70                     
   71                     ;---------------------------------------------
   72                     ;       A       bit 0   BGM Status (0:Stop / 1:Play)
   73                     ;               bit 1   SE  Status (0:Stop / 1:Play)
   74                     
   75  00:9C53            MUSDRV_GET_STATE:
   76  00:9C53  AD 0A 00          lda  __flag
   77  00:9C56  60                rts
   78                     
   79                     
   80                     
   81                     
   82                     
   83  00:9C57            STOP_BGM:
   84  00:9C57            STOP_BGM_SYS:
   85                             ; BGM 停止時に DPCM が止まらないので無理矢理止める (2016-05-15 門真)
   86  00:9C57  A9 0F             lda     #%00001111
   87  00:9C59  8D 15 40          sta      $4015
   88  00:9C5C  4C 19 82          jmp  _nsd_stop_bgm
   89                     
   90                     
   91                     
   92                     
   93                     ;*****************************************
   94                     ;サウンドシステム
   95                     ;*****************************************
   96  00:9C5F            SOUND_SYSTEM:
   97  00:9C5F  A5 B7             lda  <DEMO_FG
   98  00:9C61  F0 04             beq  .snd_sys40
   99  00:9C63  A9 00             lda  #0
  100  00:9C65  85 FA             sta  <REQ_BGM_NO
  101  00:9C67            .snd_sys40
  102  00:9C67  A5 FC             lda  <SEQ_CTR
  103  00:9C69  F0 05             beq  .snd_sys02
  104  00:9C6B  C6 FC             dec  <SEQ_CTR           ; BGM再生ウェイト
  105  00:9C6D  4C 7B 9C          jmp  .snd_sys00
  106  00:9C70            .snd_sys02:
  107  00:9C70  A5 FA             lda  <REQ_BGM_NO
  108  00:9C72  F0 07             beq  .snd_sys00
  109  00:9C74  20 A7 9C          jsr  _playBGM
  110  00:9C77            .skip00
  111  00:9C77  A9 00             lda  #0
  112  00:9C79  85 FA             sta  <REQ_BGM_NO
  113  00:9C7B            .snd_sys00:
  114  00:9C7B  A5 F7             lda  <REQ_SE_NO3
  115  00:9C7D  F0 03             beq  .snd_sys01_2
  116  00:9C7F  20 9B 9C          jsr  _playSE
  117  00:9C82            .snd_sys01_2:
  118  00:9C82  A5 F6             lda  <REQ_SE_NO2
  119  00:9C84  F0 03             beq  .snd_sys01_3
  120  00:9C86  20 9B 9C          jsr  _playSE
  121  00:9C89            .snd_sys01_3:
  122  00:9C89  A5 F5             lda  <REQ_SE_NO
  123  00:9C8B  F0 03             beq  .snd_sys01_4
  124  00:9C8D  20 9B 9C          jsr  _playSE
  125  00:9C90            .snd_sys01_4:
  126  00:9C90  A9 00             lda  #0
  127  00:9C92  85 F5             sta  <REQ_SE_NO
  128  00:9C94  85 F6             sta  <REQ_SE_NO2
  129  00:9C96  85 F7             sta  <REQ_SE_NO3
  130                     
  131                             ; --- main start -----
  132                     
  133  00:9C98  4C B2 80          jmp  _nsd_main
  134                     
  135                             
  136  00:9C9B            _playSE
  137  00:9C9B  0A                asl     a
  138  00:9C9C  A8                tay
  139                             ;SE再生開始
  140  00:9C9D  B9 70 8F          lda  se_addr + 0,y
  141  00:9CA0  BE 71 8F          ldx  se_addr + 1,y
  142  00:9CA3  4C 39 82          jmp  _nsd_play_se
  143  00:9CA6            .end
  144  00:9CA6  60                rts
  145                     
  146  00:9CA7            _playBGM
  147  00:9CA7  0A                asl     a
  148  00:9CA8  A8                tay
  149  00:9CA9  B9 70 8F          lda  bgm_addr + 0,y
  150  00:9CAC  BE 71 8F          ldx  bgm_addr + 1,y
  151  00:9CAF  4C 37 81          jmp  _nsd_play_bgm
  152  00:9CB2  60                rts
  153                     
  154                     
#[1]   PG_main.asm
   30                     
   31           0001              .BANK           1
   32           A000           ORG      $A000
   33                     
   34                     
   35                     
   36                     
   37                     
   38           0002              .BANK           2
   39           C000            ORG     $C000
   40                     
#[2]   .\cfg\cfgGame.h
   41                             .INCLUDE        ".\cfg\cfgGame.h"
    1                     ;===============================================================================================
    2                     ;       ゲームバランス調整用
    3                     ;===============================================================================================
    4           0000      EVENT_MODE      EQU  0          ; =1 イベントモード
    5                     
    6           000A      PLY_LIFE_INIT  EQU  10  ; 自機の残数　初期値
    7                     ;PLY_LIFE_INIT  EQU  1  ; 自機の残数　初期値
    8           0019      COTI_MAX_LIFE  EQU  25  ; コンティニューによるLIFE上限アップ
    9                     
   10           0003      DEMO_STAGE_MAX  EQU 3   ; デモステージの最大数
   11           0003      STAGE_MAX  EQU 3                ; ステージの最大数
   12                     
   13                     
   14                     
   15           0004      PLY_HIT_ADD_X   EQU             4               ; プレーヤー当たり判定位置調整Ｘ
   16           0004      PLY_HIT_ADD_Y   EQU             4               ; プレーヤー当たり判定位置調整Ｙ
   17           0008      PLY_HIT_SIZ_W   EQU             8               ; プレーヤー当たり判定サイズ調整Ｗ
   18           0008      PLY_HIT_SIZ_H   EQU             8               ; プレーヤー当たり判定サイズ調整Ｈ
   19                     
   20                     
   21                     
   22                     ;PLY_LIM_XL             EQU             16                      ; プレイヤーＸ座標リミッター
   23                     ;PLY_LIM_XH             EQU             256-16          ; プレイヤーＸ座標リミッター
   24           0020      PLY_LIM_XL              EQU             32                      ; プレイヤーＸ座標リミッター
   25           00E0      PLY_LIM_XH              EQU             256-32          ; プレイヤーＸ座標リミッター
   26           00E0      OPT_LIM_XH              EQU             256-32          ; オプションＸ座標リミッター
   27                     
   28           0018      PLY_LIM_YL              EQU             24                      ; プレイヤーＹ座標リミッター
   29           00D0      PLY_LIM_YH              EQU             208                     ; プレイヤーＹ座標リミッター
   30           0010      OPT_LIM_YL              EQU             16                      ; オプションＹ座標リミッター
   31           00C6      OPT_LIM_YH              EQU             200 -2          ; オプションＹ座標リミッター
   32                     
   33                     
   34                     ;IOSR_2                 EQU             707/1000        ; ルート２分の１ (0.707)
   35           0001      IOSR_2                  EQU             100/100         ; ルート２分の１ (0.707)
   36                     ;IOSR_2                 EQU             1                       ; ルート２分の１ (0.707)
   37                     
   38           0300      MV_PLY_BASE0            EQU     $200*3/2                ; 自機の移送速度ベース
   39           021F      MV_PLY_BASE0_IR2        EQU     $16a*3/2                ; 自機の移送速度ベースのルート2分の1
   40                     
   41                     ;MV_PLY_BASE0           EQU     $200*6/5                ; 自機の移送速度ベース
   42                     ;MV_PLY_BASE0_IR2       EQU     $16a*6/5                ; 自機の移送速度ベースのルート2分の1
   43                     
   44                     
   45                     
   46           0078      MV_ENT_BASE0    EQU 120         ; 敵の弾 スピード調整用 ※256ドットを指定フレームで移動する
   47           0064      MV_ENT_BASE1    EQU 100         ; 敵の弾 スピード調整用 ※256ドットを指定フレームで移動する
   48           0050      MV_ENT_BASE2    EQU  80         ; 敵の弾 スピード調整用 ※256ドットを指定フレームで移動する
   49           003C      MV_ENT_BASE3    EQU  60         ; 敵の弾 スピード調整用 ※256ドットを指定フレームで移動する
   50                     
   51                     
   52           0080      POS_PLY_X_INIT  EQU             128                     ; プレーヤー初期位置Ｘ
   53           00C0      POS_PLY_Y_INIT  EQU             192                     ; プレーヤー初期位置Ｙ
   54                     
   55                     
   56           0008      PSHOTA_SPD    EQU 8             ; 自機通常弾速度
   57                     
   58                     
   59                     
   60           00D8      ENEMY_LINE_SUU  EQU             240-24          ; 敵BG表示エリアライン数
   61                     
   62           0001      BAKU_EFC_CHR equ $01
   63                     
   64           003C      MUTEKI_TIME             equ 60  ;ダメージ時の無敵期間
   65           0004      DAM_BG_FLASH_INIT equ 4 ; ダメージフラッシュタイム
   66                     
   67           FFFF      PS_NOMAL_POW            equ -1  ;通常弾のヒット時の敵ダメージ   (静止目標に、２回当たる）
   68                     
   69                     ; シークレット取得時のライフ回復量
   70           0001      ADD_SC_LIFE_ST1 EQU 1
   71           0002      ADD_SC_LIFE_ST2 EQU 2
   72           0003      ADD_SC_LIFE_ST3 EQU 3
   73           0003      ADD_SC_LIFE_ST4 EQU 3
   74           0003      ADD_SC_LIFE_ST5 EQU 3
   75                     
   76                     
   77                     
   78                     
#[1]   PG_main.asm
#[2]   .\cfg\cfgEnemyNT.h
   42                             .INCLUDE        ".\cfg\cfgEnemyNT.h"
    1                     ;===============================================================================================
    2                     ; 敵ノーマル弾移動データテーブル
    3                     ;
    4                     ;===============================================================================================
    5                     
    6           0001      NTK_ANGLE       EQU             1       ; 自機狙い弾
    7           0002      NTK_NOMAL       EQU             2       ; 通常弾
    8           0003      NTK_HORMI       EQU             3       ; ホーミング弾
    9           0004      NTK_MISS        EQU             4       ; ミサイル弾
   10           0006      NTK_HHORM       EQU             6       ; 半誘導弾
   11           0008      NTK_HHORM3      EQU             8       ; 半誘導弾３分裂
   12           008B      NTK_METEO       EQU             $80+11  ; 隕石
   13           008C      NTK_WARP        EQU             $80+12  ; ワープエフェクト
   14           008D      NTK_SPZK0       EQU             $80+13  ; SPザコ0
   15           008E      NTK_SPZK1       EQU             $80+14  ; SPザコ1
   16           008F      NTK_SPZK2       EQU             $80+15  ; SPザコ2
   17           0090      NTK_LIFE        EQU             $80+16  ; ライフ回復
   18                     
   19                     
   20                     ; データフォーマット
   21                     ; 0:  見た目番号ｘ４＋パレット選択
   22                     ; 1:  HP  0->当たり判定なし 255->無敵
   23                     ; 2:  拡張番号
   24                     ; 3:  拡張パラメータ:弾種切り替えタイマー
   25                     
   26                     ; 拡張番号メモ
   27                     ; 0:特殊処理なし
   28                     ; 1:自機方向に方向転換
   29                     ; 2:ホーミング
   30                     ; 3:ミサイル上昇 X軸によって方向補正　画面外消去特殊処理
   31                     ; 4:ミサイル下降 X軸によって方向補正
   32                     ; 5:進行方向に向けて３分裂
   33                     ; 6:自己消滅
   34                     ; 7:６方向炸裂
   35                     ; 8:近接信管
   36                     ;
   37                     
   38                     
   39                     
   40                     
   41                     NT_CFG MACRO
   42                             db \1 * 4 + \2  ; 見た目＋パレット
   43                             db \3                   ; HP (=0当たり判定なし）
   44                             db \4                   ; 拡張番号
   45                             db \5                   ; 拡張パラメータ
   46                     
   47                             ENDM
   48                     
   49                     
   50                     ;  最大64種類登録可能
   51  02:C000            tblEnemyNTcfg:
   52                             NT_CFG 2,2,0,1,0                ; 1 自機狙い弾 発射時
       02:C000  0A                db 2 * 4 + 2  ; 見た目＋パレット
       02:C001  00                db 0                   ; HP (=0当たり判定なし）
       02:C002  01                db 1                   ; 拡張番号
       02:C003  00                db 0                   ; 拡張パラメータ
                          
   53                             NT_CFG 2,2,0,0,0                ; 2 自機狙い弾 移動中(通常弾)
       02:C004  0A                db 2 * 4 + 2  ; 見た目＋パレット
       02:C005  00                db 0                   ; HP (=0当たり判定なし）
       02:C006  00                db 0                   ; 拡張番号
       02:C007  00                db 0                   ; 拡張パラメータ
                          
   54                             NT_CFG 1,2,1,2,0                ; 3 ホーミング
       02:C008  06                db 1 * 4 + 2  ; 見た目＋パレット
       02:C009  01                db 1                   ; HP (=0当たり判定なし）
       02:C00A  02                db 2                   ; 拡張番号
       02:C00B  00                db 0                   ; 拡張パラメータ
                          
   55                             NT_CFG 3,2,8,3,90               ; 4 ミサイル上昇
       02:C00C  0E                db 3 * 4 + 2  ; 見た目＋パレット
       02:C00D  08                db 8                   ; HP (=0当たり判定なし）
       02:C00E  03                db 3                   ; 拡張番号
       02:C00F  5A                db 90                   ; 拡張パラメータ
                          
   56                             NT_CFG 3,2,4,4,0                ; 5 ミサイル下降
       02:C010  0E                db 3 * 4 + 2  ; 見た目＋パレット
       02:C011  04                db 4                   ; HP (=0当たり判定なし）
       02:C012  04                db 4                   ; 拡張番号
       02:C013  00                db 0                   ; 拡張パラメータ
                          
   57                     
   58                             NT_CFG 0,2,4,2,0                ; 6 半誘導弾
       02:C014  02                db 0 * 4 + 2  ; 見た目＋パレット
       02:C015  04                db 4                   ; HP (=0当たり判定なし）
       02:C016  02                db 2                   ; 拡張番号
       02:C017  00                db 0                   ; 拡張パラメータ
                          
   59                             NT_CFG 0,2,4,2,0                ; 7
       02:C018  02                db 0 * 4 + 2  ; 見た目＋パレット
       02:C019  04                db 4                   ; HP (=0当たり判定なし）
       02:C01A  02                db 2                   ; 拡張番号
       02:C01B  00                db 0                   ; 拡張パラメータ
                          
   60                     
   61                             NT_CFG 2,2,0,2,16               ; 8 半誘導弾３分裂
       02:C01C  0A                db 2 * 4 + 2  ; 見た目＋パレット
       02:C01D  00                db 0                   ; HP (=0当たり判定なし）
       02:C01E  02                db 2                   ; 拡張番号
       02:C01F  10                db 16                   ; 拡張パラメータ
                          
   62                             NT_CFG 2,2,0,5,1                ; 9
       02:C020  0A                db 2 * 4 + 2  ; 見た目＋パレット
       02:C021  00                db 0                   ; HP (=0当たり判定なし）
       02:C022  05                db 5                   ; 拡張番号
       02:C023  01                db 1                   ; 拡張パラメータ
                          
   63                             NT_CFG 2,2,0,0,0                ; 10
       02:C024  0A                db 2 * 4 + 2  ; 見た目＋パレット
       02:C025  00                db 0                   ; HP (=0当たり判定なし）
       02:C026  00                db 0                   ; 拡張番号
       02:C027  00                db 0                   ; 拡張パラメータ
                          
   64                     
   65                             NT_CFG 0,0,255,0,0              ; 11 隕石
       02:C028  00                db 0 * 4 + 0  ; 見た目＋パレット
       02:C029  FF                db 255                   ; HP (=0当たり判定なし）
       02:C02A  00                db 0                   ; 拡張番号
       02:C02B  00                db 0                   ; 拡張パラメータ
                          
   66                             NT_CFG 1,3,254,0,30             ; 12 ワープINエフェクト
       02:C02C  07                db 1 * 4 + 3  ; 見た目＋パレット
       02:C02D  FE                db 254                   ; HP (=0当たり判定なし）
       02:C02E  00                db 0                   ; 拡張番号
       02:C02F  1E                db 30                   ; 拡張パラメータ
                          
   67                             NT_CFG 2,1,1,0,0                ; 13 SPザコ0
       02:C030  09                db 2 * 4 + 1  ; 見た目＋パレット
       02:C031  01                db 1                   ; HP (=0当たり判定なし）
       02:C032  00                db 0                   ; 拡張番号
       02:C033  00                db 0                   ; 拡張パラメータ
                          
   68                             NT_CFG 3,2,2,0,0                ; 14 SPザコ1
       02:C034  0E                db 3 * 4 + 2  ; 見た目＋パレット
       02:C035  02                db 2                   ; HP (=0当たり判定なし）
       02:C036  00                db 0                   ; 拡張番号
       02:C037  00                db 0                   ; 拡張パラメータ
                          
   69                             NT_CFG 4,1,2,2,0                ; 15 SPザコ2 ブラックタイガー　ホーミング
       02:C038  11                db 4 * 4 + 1  ; 見た目＋パレット
       02:C039  02                db 2                   ; HP (=0当たり判定なし）
       02:C03A  02                db 2                   ; 拡張番号
       02:C03B  00                db 0                   ; 拡張パラメータ
                          
   70                     
   71                     
#[1]   PG_main.asm
#[2]   .\cfg\cfgStage.h
   43                             .INCLUDE        ".\cfg\cfgStage.h"
    1                     ;===============================================================================================
    2                     ;       ステージのミッション定義テーブル
    3                     ;
    4                     ;  各ステージのミッションの進行順を定義する
    5                     ;  MT_??? でミッションタイプを指定して、その後のデータでそのミッションタイプのサブタイプを指定する
    6                     ;  サブタイプ部分の指定可能数値および仕様は各ミッションタイプにより異なる
    7                     ;  ※サブタイプの詳細はあとでまとめます。
    8                     ;===============================================================================================
    9           0000      MN_BOSS_BGM = $00
   10                     
   11  02:C03C            mission_prog_tbl:
   12  02:C03C  00 00             dw      0
   13  02:C03E  54 C0             dw  stage1
   14  02:C040  94 C0             dw  stage2
   15  02:C042  D6 C0             dw  stage3
   16                     
   17  02:C044            mission_prog_tbl_demo1:
   18  02:C044  00 00             dw      0
   19  02:C046  70 C0             dw  stage1_demo
   20  02:C048  AA C0             dw  stage2_demo
   21  02:C04A  0A C1             dw  stage3_demo
   22                     
   23                     
   24  02:C04C            mission_prog_tbl_demo2:
   25  02:C04C  00 00             dw      0
   26  02:C04E  84 C0             dw  stage1_boss
   27  02:C050  C4 C0             dw  stage2_boss
   28  02:C052  16 C1             dw  stage3_boss
   29                     
   30                     
   31                     ;--------------------------------------------
   32                     ; ステージ1
   33                     ;--------------------------------------------
   34  02:C054            stage1
   35  02:C054  00 00             db MT_HARA,$00  ; ステージ開始
   36                     
   37  02:C056  FC 00             db MT_ANM_NO, MTA_OFF
   38  02:C058  FB 00             db MT_ATK_NO, MTA_OFF
   39                     
   40  02:C05A  00 02             db MT_HARA,MTSV_0 + $02 ; 上から攻撃　NTK_SPZK0
   41                     
   42                     ;       db MT_END,0             ; ミッション終了
   43                     
   44  02:C05C  FC 90             db MT_ANM_NO, MTA_ZAKO_F0+0     ; ザコ前弱LV0アニメスタート
   45  02:C05E  00 05             db MT_HARA,MTSV_0 + $05 ; 4秒ウェイト
   46                     
   47  02:C060  FB 04             db MT_ATK_NO, MAA_1SHOT+0       ; １発攻撃 LV0
   48  02:C062  00 02             db MT_HARA,MTSV_0 + $02 ; 上から攻撃　NTK_SPZK0
   49                     
   50  02:C064  00 05             db MT_HARA,MTSV_0 + $05 ; 4秒ウェイト
   51                     
   52  02:C066  00 09             db MT_HARA,MTSV_0 + $09 ; 斜め上左右から攻撃用　NTK_SPZK0　NTK_SPZK0
   53  02:C068  00 05             db MT_HARA,MTSV_0 + $05 ; 4秒ウェイト
   54  02:C06A  00 89             db MT_HARA,MTSV_2 + $09 ; 斜め上左右から攻撃用　NTK_SPZK0　NTK_SPZK0
   55                     
   56  02:C06C  FC 89             db MT_ANM_NO, MTA_ASTRO_U+1     ; 隕石上LV1アニメスタート
   57  02:C06E  00 45             db MT_HARA,MTSV_1 + $05 ; 8秒ウェイト
   58                     
   59  02:C070            stage1_demo
   60  02:C070  FC 90             db MT_ANM_NO, MTA_ZAKO_F0+0     ; ザコ前弱LV0アニメスタート
   61  02:C072  FB 05             db MT_ATK_NO, MAA_1SHOT+1       ; １発攻撃 LV1
   62  02:C074  00 82             db MT_HARA,MTSV_2 + $02 ; 上から攻撃　NTK_SPZK0
   63  02:C076  00 C2             db MT_HARA,MTSV_3 + $02 ; 上から攻撃　NTK_SPZK0
   64                     
   65  02:C078  00 05             db MT_HARA,MTSV_0 + $05 ; 4秒ウェイト
   66                     
   67  02:C07A  00 0C             db MT_HARA,MTSV_0 + $0C ; 斜め下左右から攻撃用　NTK_SPZK0　NTK_SPZK0
   68  02:C07C  00 09             db MT_HARA,MTSV_0 + $09 ; 斜め上左右から攻撃用　NTK_SPZK0　NTK_SPZK0
   69  02:C07E  00 0C             db MT_HARA,MTSV_0 + $0C ; 斜め下左右から攻撃用　NTK_SPZK0　NTK_SPZK0
   70                     
   71  02:C080  FC 94             db MT_ANM_NO, MTA_ZAKO_F1+0     ; ザコ前硬LV0アニメスタート
   72                     
   73  02:C082  00 45             db MT_HARA,MTSV_1 + $05 ; 8秒ウェイト
   74                     
   75  02:C084            stage1_boss
   76  02:C084  00 01             db MT_HARA,$01  ; ボスBGM開始
   77  02:C086  FB 06             db MT_ATK_NO, MAA_1SHOT+2       ; １発攻撃 LV2
   78                     
   79  02:C088  00 0F             db MT_HARA,MTSV_0 + $0F ; ワープイン　／＼　NTK_SPZK0
   80  02:C08A  00 10             db MT_HARA,MTSV_0 + $10 ; ワープイン　＼／　NTK_SPZK0
   81                     
   82  02:C08C  00 4F             db MT_HARA,MTSV_1 + $0F ; ワープイン　／＼　NTK_SPZK1
   83  02:C08E  00 10             db MT_HARA,MTSV_0 + $10 ; ワープイン　＼／　NTK_SPZK0
   84                     
   85  02:C090  00 4F             db MT_HARA,MTSV_1 + $0F ; ワープイン　／＼　NTK_SPZK1
   86                     
   87                     
   88  02:C092  FF 00             db MT_END,0             ; ミッション終了
   89                     
   90                     
   91                     ;--------------------------------------------
   92                     ; ステージ2
   93                     ;--------------------------------------------
   94  02:C094            stage2
   95  02:C094  00 00             db MT_HARA,$00  ; ステージ開始
   96                     
   97  02:C096  FC 00             db MT_ANM_NO, MTA_OFF
   98  02:C098  FB 00             db MT_ATK_NO, MTA_OFF
   99                     
  100  02:C09A  00 02             db MT_HARA,MTSV_0 + $02 ; 上から攻撃　NTK_SPZK0
  101  02:C09C  00 06             db MT_HARA,MTSV_0 + $06 ; 下から攻撃　NTK_SPZK0
  102                     
  103                     ;       db MT_END,0             ; ミッション終了
  104                     
  105  02:C09E  FC 92             db MT_ANM_NO, MTA_ZAKO_F0+2     ; ザコ前弱LV2アニメスタート
  106  02:C0A0  00 05             db MT_HARA,MTSV_0 + $05 ; 4秒ウェイト
  107                     
  108  02:C0A2  FB 05             db MT_ATK_NO, MAA_1SHOT+1       ; １発攻撃 LV1
  109  02:C0A4  00 06             db MT_HARA,MTSV_0 + $06 ; 下から攻撃　NTK_SPZK0
  110  02:C0A6  00 C9             db MT_HARA,MTSV_3 + $09 ; 斜め上左右から攻撃用　NTK_SPZK0
  111  02:C0A8  00 CC             db MT_HARA,MTSV_3 + $0C ; 斜め下左右から攻撃用　NTK_SPZK0
  112                     
  113  02:C0AA            stage2_demo
  114  02:C0AA  FC 8E             db MT_ANM_NO, MTA_ASTRO_D+2     ; 隕石下LV2アニメスタート
  115  02:C0AC  00 05             db MT_HARA,MTSV_0 + $05 ; 4秒ウェイト
  116                     
  117  02:C0AE  FC 00             db MT_ANM_NO, MTA_OFF
  118  02:C0B0  00 03             db MT_HARA,MTSV_0 + $03 ; 上から攻撃　NTK_SPZK1
  119                     
  120  02:C0B2  00 09             db MT_HARA,MTSV_0 + $09 ; 斜め上左右から攻撃用　NTK_SPZK0
  121  02:C0B4  00 89             db MT_HARA,MTSV_2 + $09 ; 斜め上左右から攻撃用　NTK_SPZK0
  122  02:C0B6  00 8C             db MT_HARA,MTSV_2 + $0C ; 斜め下左右から攻撃用　NTK_SPZK0
  123  02:C0B8  00 0C             db MT_HARA,MTSV_0 + $0C ; 斜め下左右から攻撃用　NTK_SPZK0
  124                     
  125  02:C0BA  FC 97             db MT_ANM_NO, MTA_ZAKO_F1+3     ; ザコ前硬LV3アニメスタート
  126                     
  127  02:C0BC  00 45             db MT_HARA,MTSV_1 + $05 ; 8秒ウェイト
  128                             
  129  02:C0BE  00 04             db MT_HARA,MTSV_0 + $04 ; 上から攻撃　NTK_SPZK2
  130  02:C0C0  00 C8             db MT_HARA,MTSV_3 + $08 ; 下から攻撃　NTK_SPZK2
  131                     
  132  02:C0C2  00 05             db MT_HARA,MTSV_0 + $05 ; 4秒ウェイト
  133                     
  134                     
  135  02:C0C4            stage2_boss
  136  02:C0C4  00 01             db MT_HARA,$01  ; ボスBGM開始
  137  02:C0C6  FB 06             db MT_ATK_NO, MAA_1SHOT+2       ; １発攻撃 LV2
  138  02:C0C8  FC A7             db MT_ANM_NO, MTA_WARPIN2+3     ; ワープIN 隕LV3アニメスタート
  139                     
  140  02:C0CA  00 4F             db MT_HARA,MTSV_1 + $0F ; ワープイン　／＼　NTK_SPZK1
  141  02:C0CC  00 05             db MT_HARA,MTSV_0 + $05 ; 4秒ウェイト
  142                     
  143  02:C0CE  00 4F             db MT_HARA,MTSV_1 + $0F ; ワープイン　／＼　NTK_SPZK1
  144  02:C0D0  00 05             db MT_HARA,MTSV_0 + $05 ; 4秒ウェイト
  145                     
  146  02:C0D2  00 50             db MT_HARA,MTSV_1 + $10 ; ワープイン　＼／　NTK_SPZK1
  147                     
  148                     
  149  02:C0D4  FF 00             db MT_END,0             ; ミッション終了
  150                     
  151                     
  152                     
  153                     ;--------------------------------------------
  154                     ; ステージ3　隕石＆上から攻撃
  155                     ;--------------------------------------------
  156  02:C0D6            stage3
  157  02:C0D6  00 00             db MT_HARA,$00  ; ステージ開始
  158                     
  159  02:C0D8  FC 00             db MT_ANM_NO, MTA_OFF
  160  02:C0DA  FB 00             db MT_ATK_NO, MTA_OFF
  161                     
  162  02:C0DC  FB 06             db MT_ATK_NO, MAA_1SHOT+2       ; １発攻撃 LV2
  163                     
  164  02:C0DE  00 CC             db MT_HARA,MTSV_3 + $0C ; 斜め下左右から攻撃用　NTK_SPZK0
  165  02:C0E0  00 8C             db MT_HARA,MTSV_2 + $0C ; 斜め下左右から攻撃用　NTK_SPZK0
  166  02:C0E2  00 0D             db MT_HARA,MTSV_0 + $0D ; 斜め下左右から攻撃用　NTK_SPZK1
  167                     
  168                     ;       db MT_END,0             ; ミッション終了
  169                             
  170  02:C0E4  00 83             db MT_HARA,MTSV_2 + $03 ; 上から攻撃　NTK_SPZK1
  171  02:C0E6  00 C3             db MT_HARA,MTSV_3 + $03 ; 上から攻撃　NTK_SPZK1
  172                     
  173  02:C0E8  FC 89             db MT_ANM_NO, MTA_ASTRO_U+1     ; 隕石上LV1アニメスタート
  174  02:C0EA  00 45             db MT_HARA,MTSV_1 + $05 ; 8秒ウェイト
  175                     
  176  02:C0EC  FB 09             db MT_ATK_NO, MAA_3SHOT+1       ; 3発攻撃 LV1
  177  02:C0EE  00 03             db MT_HARA,MTSV_0 + $03 ; 上から攻撃　NTK_SPZK1
  178                     
  179                     
  180  02:C0F0  FB 0A             db MT_ATK_NO, MAA_3SHOT+2       ; 3発攻撃 LV3
  181  02:C0F2  FC 92             db MT_ANM_NO, MTA_ZAKO_F0+2     ; ザコ前弱LV2アニメスタート
  182  02:C0F4  00 05             db MT_HARA,MTSV_0 + $05 ; 4秒ウェイト
  183                     
  184  02:C0F6  00 02             db MT_HARA,MTSV_0 + $02 ; 上から攻撃　NTK_SPZK0
  185                     
  186  02:C0F8  00 05             db MT_HARA,MTSV_0 + $05 ; 4秒ウェイト
  187                     
  188  02:C0FA  00 05             db MT_HARA,MTSV_0 + $05 ; 4秒ウェイト
  189  02:C0FC  00 89             db MT_HARA,MTSV_2 + $09 ; 斜め上左右から攻撃用　NTK_SPZK0　NTK_SPZK0
  190                     
  191  02:C0FE  00 09             db MT_HARA,MTSV_0 + $09 ; 斜め上左右から攻撃用　NTK_SPZK0　NTK_SPZK0
  192  02:C100  00 09             db MT_HARA,MTSV_0 + $09 ; 斜め上左右から攻撃用　NTK_SPZK0　NTK_SPZK0
  193  02:C102  00 05             db MT_HARA,MTSV_0 + $05 ; 4秒ウェイト
  194  02:C104  00 89             db MT_HARA,MTSV_2 + $09 ; 斜め上左右から攻撃用　NTK_SPZK0　NTK_SPZK0
  195                     
  196  02:C106  FC 89             db MT_ANM_NO, MTA_ASTRO_U+1     ; 隕石上LV1アニメスタート
  197  02:C108  00 45             db MT_HARA,MTSV_1 + $05 ; 8秒ウェイト
  198                     
  199  02:C10A            stage3_demo
  200  02:C10A  FC 00             db MT_ANM_NO, MTA_OFF
  201  02:C10C  FB 07             db MT_ATK_NO, MAA_1SHOT+3       ; 1発攻撃 LV3
  202                     
  203  02:C10E  00 0C             db MT_HARA,MTSV_0 + $0C ; 斜め下左右から攻撃用　NTK_SPZK0　NTK_SPZK0
  204  02:C110  00 09             db MT_HARA,MTSV_0 + $09 ; 斜め上左右から攻撃用　NTK_SPZK0　NTK_SPZK0
  205  02:C112  00 0C             db MT_HARA,MTSV_0 + $0C ; 斜め下左右から攻撃用　NTK_SPZK0　NTK_SPZK0
  206                     
  207  02:C114  00 05             db MT_HARA,MTSV_0 + $05 ; 4秒ウェイト
  208                     
  209  02:C116            stage3_boss
  210  02:C116  00 01             db MT_HARA,$01  ; ボスBGM開始
  211  02:C118  FB 05             db MT_ATK_NO, MAA_1SHOT+1       ; 1発攻撃 LV1
  212                     
  213                     
  214  02:C11A  00 8F             db MT_HARA,MTSV_2 + $0F ; ワープイン　／＼　NTK_SPZK2
  215  02:C11C  00 90             db MT_HARA,MTSV_2 + $10 ; ワープイン　＼／　NTK_SPZK2
  216                     
  217  02:C11E  00 8F             db MT_HARA,MTSV_2 + $0F ; ワープイン　／＼　NTK_SPZK2
  218  02:C120  00 90             db MT_HARA,MTSV_2 + $10 ; ワープイン　＼／　NTK_SPZK2
  219                     
  220  02:C122  00 8F             db MT_HARA,MTSV_2 + $0F ; ワープイン　／＼　NTK_SPZK2
  221                     
  222  02:C124  FF 00             db MT_END,0             ; ミッション終了
  223                     
  224                     
#[1]   PG_main.asm
#[2]   .\cfg\cfgMissonSP.h
   44                             .INCLUDE        ".\cfg\cfgMissonSP.h"           ; サブルーチン
    1                     ;===============================================================================================
    2                     ;       ミッションSP敵関連
    3                     ;
    4                     ;===============================================================================================
    5                     
    6                     ;------------------------------------------------------------------
    7                     ; sp敵　消滅待ち
    8                     ;------------------------------------------------------------------
    9  02:C126            waitClearSPE2:
   10                             MC_MEMSET MISSON_ANM_NO, 0
       02:C126  F6                DB      _MC_MEMSET
       02:C127  8D 03             DW  MISSON_ANM_NO                  ; 書き換えアドレス
       02:C129  00                DB  0                  ; 書き換えデータ
   11                     ;@      MC_MEMSET MISSON_ATK_NO, 0
   12  02:C12A            waitClearSPE:
   13                             MC_WAIT 1
       02:C12A  01                DB  1                  ; ウェイトフレーム数 1-200
   14                             MC_PGCALL  .checkSub,0
       02:C12B  F4                DB      _MC_PGCALL
       02:C12C  C1                DB  #high( .checkSub -1)       ; コールアドレス
       02:C12D  35                DB  #low( .checkSub -1)        ; コールアドレス
       02:C12E  00                DB  0                   ; コール時にYreg にセットする値
       02:C12F  00                DB  0                  ; コール時にAreg にセットする値
   15                             MC_JMP waitClearSPE, MCJ_CMP_NC
       02:C130  FC                DB      _MC_JMP
       02:C131  2A C1             DW  waitClearSPE                  ; ジャンプ先アドレスラベル
       02:C133  09                DB  MCJ_CMP_NC                  ; ジャンプ条件
       02:C134  00                DB  0
   16                             MC_RET
       02:C135  FE                DB      _MC_RET
   17                     
   18  02:C136            .checkSub
   19  02:C136  A0 00             ldy  #0
   20  02:C138            .loop
   21  02:C138  B9 00 06          lda  ENEMY_NT_KIND,y
   22  02:C13B  D0 0B             bne  .end
   23  02:C13D            .next
   24  02:C13D  98                tya
   25  02:C13E  18                clc
   26  02:C13F  69 08             adc  #ENEMY_NT_SIZE
   27  02:C141  A8                tay
   28  02:C142  C0 40             cpy  #ENEMY_NT_SIZE*8
   29  02:C144  D0 F2             bne .loop
   30  02:C146  38                sec
   31  02:C147  60                rts
   32                     
   33  02:C148            .end
   34  02:C148  18                clc
   35  02:C149  60                rts
   36                     
   37                     
   38                     ;------------------------------------------------------------------
   39                     ; sp敵　セット
   40                     ; a reg = x座標
   41                     ; y reg = y座標
   42                     ;------------------------------------------------------------------
   43  02:C14A            setSPE
   44  02:C14A  20 D2 D6          jsr  setEnemyNT3
   45  02:C14D  B0 16             bcs  .end2
   46                     
   47  02:C14F  A9 00             lda  #0
   48  02:C151  85 8E             sta  <CACHE_GET_NENMY_NT_FG
   49                     
   50  02:C153  A5 61             lda  <PRM_1
   51  02:C155  99 00 06          sta  ENEMY_NT_KIND,y
   52  02:C158  20 E2 D7          jsr  getEnemyNTcfg
   53  02:C15B  A5 51             lda  <TMP_WRK1
   54  02:C15D  99 03 06          sta  ENEMY_NT_HP,y
   55                             
   56  02:C160  A5 62             lda  <PRM_2
   57  02:C162  99 01 06          sta  ENEMY_NT_MP,y
   58                     
   59  02:C165            .end2
   60  02:C165  60                rts
   61                     
   62                     
   63                     ;------------------------------------------------------------------
   64                     ; sp敵の種類をENEMY_ATK_LVで切り替え
   65                     ; a reg = 切り替えテーブル番号
   66                     ;------------------------------------------------------------------
   67           0000       .if 0
   76                      .endif
   77                     ;------------------------------------------------------------------
   78                     ; sp敵の移動方向をENEMY_ATK_LVで切り替え
   79                     ; a reg = 切り替えテーブル番号
   80                     ;------------------------------------------------------------------
   81  02:C166            selSPE_MP:
   82  02:C166  20 93 C1          jsr  selSPE_SUB
   83  02:C169  B9 6F C1          lda  .tbl,y
   84  02:C16C  85 62             sta  <PRM_2
   85  02:C16E  60                rts
   86  02:C16F            .tbl
   87                             ; 上から攻撃用
   88  02:C16F  50 90 8C          db $40*1+$10,$40*2+$10,$40*2+$10-4,$40*2+$10+3  ; 0
       02:C172  93        
   89  02:C173  50 90 94          db $40*1+$10,$40*2+$10,$40*2+$10+4,$40*2+$10-3  ; 1
       02:C176  8D        
   90                     
   91                             ; 下から攻撃用
   92  02:C177  70 B0 AC          db $40*1+$30,$40*2+$30,$40*2+$30-4,$30*2+$10+3  ; 2
       02:C17A  73        
   93  02:C17B  70 B0 B4          db $40*1+$30,$40*2+$30,$40*2+$30+4,$30*2+$10-3  ; 3
       02:C17E  6D        
   94                     
   95                             ; 斜め上左右から攻撃用
   96  02:C17F  48 88 84          db $40*1+$10-8,$40*2+$10-8,$40*2+$10-12,$40*2+$10-4     ; 4
       02:C182  8C        
   97  02:C183  58 98 9C          db $40*1+$10+8,$40*2+$10+8,$40*2+$10+12,$40*2+$10+4     ; 5
       02:C186  94        
   98                     
   99                             ; 斜め下左右から攻撃用
  100  02:C187  78 B8 BC          db $40*1+$30+8,$40*2+$30+8,$40*2+$30+12,$40*2+$30+4     ; 6
       02:C18A  B4        
  101  02:C18B  68 A8 A4          db $40*1+$30-8,$40*2+$30-8,$40*2+$30-12,$40*2+$30-4     ; 7
       02:C18E  AC        
  102                     
  103                             ; ワープイン用
  104  02:C18F  8D 8E 8F          db NTK_SPZK0,NTK_SPZK1,NTK_SPZK2,NTK_METEO      ; 8
       02:C192  8B        
  105                     
  106                     
  107  02:C193            selSPE_SUB:
  108  02:C193  85 44             sta  <TMP_SVA
  109  02:C195  AD B0 03          lda  ENEMY_ATK_LV
  110  02:C198  0A                asl  a
  111  02:C199  26 44             rol  <TMP_SVA
  112  02:C19B  0A                asl  a
  113  02:C19C  26 44             rol  <TMP_SVA
  114  02:C19E  A4 44             ldy  <TMP_SVA
  115  02:C1A0  60                rts
  116                     
#[1]   PG_main.asm
#[2]   .\cfg\cfgMissonHara.h
   45                             .INCLUDE        ".\cfg\cfgMissonHara.h"
    1                     ;===============================================================================================
    2                     ;       ミッションコントロールテーブル（全ステージ共通）
    3                     ;
    4                     ;MC_END                 
    5                     ;MC_CALL                        ; MC_CALL, 呼び出し先アドレスラベル　　コールは先からコールは不可
    6                     ;MC_RET                 
    7                     ;MC_LOOP_CNT            ; MC_LOOP_CNT, （ループ回数）
    8                     ;MC_JMP                         ; MC_JMP, ジャンプ条件, ジャンプ先アドレス
    9                     ;MC_ZAKO                        ; 雑魚敵セット
   10                     ;MC_PALSET                      ; パレット書き換え
   11                     ;MC_MEMSET                      ; メモリーセット 1バイト版
   12                     ;MC_MEMSET2                     ; メモリーセット 2バイト版
   13                     ;MC_PGCALL                      ; プログラムコール プログラムを呼び出す
   14                     ;
   15                     ;MC_BG_ATR                      ;  BGアトリビュート書換え　アドレス、値
   16                     ;MC_MEMADD                      ;  メモリー加算 1バイト版 アドレス、値
   17                     ;MC_MEMCMP                      ;  メモリー比較 1バイト版 アドレス、値
   18                     
   19                     
   20                     ;===============================================================================================
   21                     
   22                     ;
   23                     
   24                     ZAKO_MOVE_DT MACRO
   25                             DB      \1                      ; フレーム数(1-200)
   26                             DW      ( \2 ) * $100 / \1      ; 移動量 X
   27                             DW      ( \3 ) * $100 / \1      ; 移動量 Y
   28                             ENDM
   29                     
   30                     
   31                     
   32                     ;ZFY_BASE = $2C00
   33           2000      ZFY_BASE = %010_00_00000_00000
   34                     
   35                     ;  ミッションコントロール：最大64種類登録可能
   36                     
   37  02:C1A1            misson_hara_control_tbl:
   38                     
   39  02:C1A1  C3 C1             dw  HaraProg00
   40  02:C1A3  F4 C1             dw  HaraProg01
   41  02:C1A5  02 C2             dw  HaraProg02
   42  02:C1A7  47 C2             dw  HaraProg03
   43  02:C1A9  50 C2             dw  HaraProg04
   44  02:C1AB  59 C2             dw  HaraProg05
   45  02:C1AD  7D C2             dw  HaraProg06
   46  02:C1AF  C2 C2             dw  HaraProg07
   47  02:C1B1  CB C2             dw  HaraProg08
   48  02:C1B3  D4 C2             dw  HaraProg09
   49  02:C1B5  19 C3             dw  HaraProg0A
   50  02:C1B7  22 C3             dw  HaraProg0B
   51  02:C1B9  2B C3             dw  HaraProg0C
   52  02:C1BB  70 C3             dw  HaraProg0D
   53  02:C1BD  79 C3             dw  HaraProg0E
   54  02:C1BF  82 C3             dw  HaraProg0F
   55                     
   56  02:C1C1  CF C3             dw  HaraProg10
   57                     
   58                     
   59  02:C1C3            HaraProg00      ; ステージ開始
   60                             MC_PGCALL SET_FADE_IN_B,0
       02:C1C3  F4                DB      _MC_PGCALL
       02:C1C4  EA                DB  #high( SET_FADE_IN_B -1)       ; コールアドレス
       02:C1C5  5A                DB  #low( SET_FADE_IN_B -1)        ; コールアドレス
       02:C1C6  00                DB  0                   ; コール時にYreg にセットする値
       02:C1C7  00                DB  0                  ; コール時にAreg にセットする値
   61                             MC_PGCALL playStageBGM,0        ; ステージBGM再生
       02:C1C8  F4                DB      _MC_PGCALL
       02:C1C9  C1                DB  #high( playStageBGM -1)       ; コールアドレス
       02:C1CA  EE                DB  #low( playStageBGM -1)        ; コールアドレス
       02:C1CB  00                DB  0                   ; コール時にYreg にセットする値
       02:C1CC  00                DB  0                  ; コール時にAreg にセットする値
   62                             MC_PGCALL .stege_init,0         ; ステージ初期化
       02:C1CD  F4                DB      _MC_PGCALL
       02:C1CE  C1                DB  #high( .stege_init -1)       ; コールアドレス
       02:C1CF  D3                DB  #low( .stege_init -1)        ; コールアドレス
       02:C1D0  00                DB  0                   ; コール時にYreg にセットする値
       02:C1D1  00                DB  0                  ; コール時にAreg にセットする値
   63                             MC_WAIT 60
       02:C1D2  3C                DB  60                  ; ウェイトフレーム数 1-200
   64                             MC_END  ; データエンド
       02:C1D3  00                DB      _MC_END
   65                     
   66                     
   67  02:C1D4            .stege_init
   68  02:C1D4  AE 21 01          ldx  PLY_STAGE
   69  02:C1D7  BD E6 C1          lda  .tbl_SECRET_LIFE_ADD,x
   70  02:C1DA  8D AD 03          sta  SECRET_LIFE_ADD
   71  02:C1DD  A9 00             lda  #0
   72  02:C1DF  8D AC 03          sta  SECRET_STAT
   73  02:C1E2  8D 8D 03          sta  MISSON_ANM_NO
   74  02:C1E5  60                rts
   75                     
   76  02:C1E6            .tbl_SECRET_LIFE_ADD
   77  02:C1E6  01                db 1                            ;0
   78  02:C1E7  01                db ADD_SC_LIFE_ST1      ;1
   79  02:C1E8  02                db ADD_SC_LIFE_ST2      ;2
   80  02:C1E9  03                db ADD_SC_LIFE_ST3      ;3
   81  02:C1EA  03                db ADD_SC_LIFE_ST4      ;4
   82  02:C1EB  03                db ADD_SC_LIFE_ST5      ;5
   83  02:C1EC  01                db 1                            ;6
   84  02:C1ED  01                db 1                            ;7
   85  02:C1EE  01                db 1                            ;8
   86                     
   87                     
   88                     ;=====================================
   89                     ; ステージBGM再生
   90                     ;=====================================
   91  02:C1EF            playStageBGM:
   92  02:C1EF  A9 02             lda  #BGM_STAGE
   93  02:C1F1  4C 27 9C          jmp  PLAY_BGM
   94                     
   95                     
   96                     
   97  02:C1F4            HaraProg01
   98                             MC_CALL waitClearSPE2
       02:C1F4  FF                DB      _MC_CALL
       02:C1F5  26 C1             DW  waitClearSPE2                  ; 呼び出し先アドレスラベル
   99                             MC_PGCALL playBossBGM,0 ; ステージBGM再生
       02:C1F7  F4                DB      _MC_PGCALL
       02:C1F8  C1                DB  #high( playBossBGM -1)       ; コールアドレス
       02:C1F9  FC                DB  #low( playBossBGM -1)        ; コールアドレス
       02:C1FA  00                DB  0                   ; コール時にYreg にセットする値
       02:C1FB  00                DB  0                  ; コール時にAreg にセットする値
  100                             MC_END  ; データエンド
       02:C1FC  00                DB      _MC_END
  101                     
  102  02:C1FD            playBossBGM:
  103  02:C1FD  A9 01             lda  #BGM_BOSS  ; 1
  104  02:C1FF  4C 27 9C          jmp  PLAY_BGM
  105                     
  106                     
  107                     ;-------------------------------
  108                     ; 上から攻撃　NTK_SPZK0
  109                     ;-------------------------------
  110  02:C202            HaraProg02:
  111                             MC_MEMSET PRM_1, NTK_SPZK0
       02:C202  F6                DB      _MC_MEMSET
       02:C203  61 00             DW  PRM_1                  ; 書き換えアドレス
       02:C205  8D                DB  NTK_SPZK0                  ; 書き換えデータ
  112  02:C206            HaraProg02_0:
  113                             MC_MEMPUSH MISSON_ANM_NO
       02:C206  ED                DB      _MC_MEMPUSH
       02:C207  8D 03             DW  MISSON_ANM_NO                  ; PUSH変数アドレス
  114                             MC_CALL waitClearSPE2
       02:C209  FF                DB      _MC_CALL
       02:C20A  26 C1             DW  waitClearSPE2                  ; 呼び出し先アドレスラベル
  115                     
  116                     
  117                             MC_LOOP_CNT 5
       02:C20C  FD                DB      _MC_LOOP_CNT
       02:C20D  05                DB  5                  ; ループ回数
  118  02:C20E            .p11_loop
  119                             MC_PGCALL selSPE_MP,0
       02:C20E  F4                DB      _MC_PGCALL
       02:C20F  C1                DB  #high( selSPE_MP -1)       ; コールアドレス
       02:C210  65                DB  #low( selSPE_MP -1)        ; コールアドレス
       02:C211  00                DB  0                   ; コール時にYreg にセットする値
       02:C212  00                DB  0                  ; コール時にAreg にセットする値
  120                             MC_WAIT 8
       02:C213  08                DB  8                  ; ウェイトフレーム数 1-200
  121                             MC_PGCALL2 setSPE,128-50,8
       02:C214  F4                DB      _MC_PGCALL
       02:C215  C1                DB  #high( setSPE -1)       ; コールアドレス
       02:C216  49                DB  #low( setSPE -1)        ; コールアドレス
       02:C217  08                DB  8                  ; コール時にYreg にセットする値
       02:C218  4E                DB  128-50                  ; コール時にAreg にセットする値
  122                             MC_WAIT 8
       02:C219  08                DB  8                  ; ウェイトフレーム数 1-200
  123                             MC_PGCALL2 setSPE,128-50,8
       02:C21A  F4                DB      _MC_PGCALL
       02:C21B  C1                DB  #high( setSPE -1)       ; コールアドレス
       02:C21C  49                DB  #low( setSPE -1)        ; コールアドレス
       02:C21D  08                DB  8                  ; コール時にYreg にセットする値
       02:C21E  4E                DB  128-50                  ; コール時にAreg にセットする値
  124                             MC_WAIT 8
       02:C21F  08                DB  8                  ; ウェイトフレーム数 1-200
  125                             MC_PGCALL2 setSPE,128-50,8
       02:C220  F4                DB      _MC_PGCALL
       02:C221  C1                DB  #high( setSPE -1)       ; コールアドレス
       02:C222  49                DB  #low( setSPE -1)        ; コールアドレス
       02:C223  08                DB  8                  ; コール時にYreg にセットする値
       02:C224  4E                DB  128-50                  ; コール時にAreg にセットする値
  126                     
  127                             MC_WAIT 16
       02:C225  10                DB  16                  ; ウェイトフレーム数 1-200
  128                     
  129                     
  130                             MC_PGCALL selSPE_MP,1
       02:C226  F4                DB      _MC_PGCALL
       02:C227  C1                DB  #high( selSPE_MP -1)       ; コールアドレス
       02:C228  65                DB  #low( selSPE_MP -1)        ; コールアドレス
       02:C229  00                DB  0                   ; コール時にYreg にセットする値
       02:C22A  01                DB  1                  ; コール時にAreg にセットする値
  131                     
  132                             MC_WAIT 8
       02:C22B  08                DB  8                  ; ウェイトフレーム数 1-200
  133                             MC_PGCALL2 setSPE,128+50,8
       02:C22C  F4                DB      _MC_PGCALL
       02:C22D  C1                DB  #high( setSPE -1)       ; コールアドレス
       02:C22E  49                DB  #low( setSPE -1)        ; コールアドレス
       02:C22F  08                DB  8                  ; コール時にYreg にセットする値
       02:C230  B2                DB  128+50                  ; コール時にAreg にセットする値
  134                             MC_WAIT 8
       02:C231  08                DB  8                  ; ウェイトフレーム数 1-200
  135                             MC_PGCALL2 setSPE,128+50,8
       02:C232  F4                DB      _MC_PGCALL
       02:C233  C1                DB  #high( setSPE -1)       ; コールアドレス
       02:C234  49                DB  #low( setSPE -1)        ; コールアドレス
       02:C235  08                DB  8                  ; コール時にYreg にセットする値
       02:C236  B2                DB  128+50                  ; コール時にAreg にセットする値
  136                             MC_WAIT 8
       02:C237  08                DB  8                  ; ウェイトフレーム数 1-200
  137                             MC_PGCALL2 setSPE,128+50,8
       02:C238  F4                DB      _MC_PGCALL
       02:C239  C1                DB  #high( setSPE -1)       ; コールアドレス
       02:C23A  49                DB  #low( setSPE -1)        ; コールアドレス
       02:C23B  08                DB  8                  ; コール時にYreg にセットする値
       02:C23C  B2                DB  128+50                  ; コール時にAreg にセットする値
  138                     
  139                             MC_JMP .p11_loop, MCJ_LOOP_CNT
       02:C23D  FC                DB      _MC_JMP
       02:C23E  0E C2             DW  .p11_loop                  ; ジャンプ先アドレスラベル
       02:C240  01                DB  MCJ_LOOP_CNT                  ; ジャンプ条件
       02:C241  00                DB  0
  140                     
  141                             MC_WAIT 16
       02:C242  10                DB  16                  ; ウェイトフレーム数 1-200
  142                     
  143                             MC_MEMPOP MISSON_ANM_NO
       02:C243  EC                DB      _MC_MEMPOP
       02:C244  8D 03             DW  MISSON_ANM_NO                  ; POP変数アドレス
  144                             MC_END  ; データエンド
       02:C246  00                DB      _MC_END
  145                     
  146                     
  147                     ;-------------------------------
  148                     ; 上から攻撃　NTK_SPZK1
  149                     ;-------------------------------
  150  02:C247            HaraProg03:
  151                             MC_MEMSET PRM_1, NTK_SPZK1
       02:C247  F6                DB      _MC_MEMSET
       02:C248  61 00             DW  PRM_1                  ; 書き換えアドレス
       02:C24A  8E                DB  NTK_SPZK1                  ; 書き換えデータ
  152                             MC_JMP HaraProg02_0, MCJ_JMP
       02:C24B  FC                DB      _MC_JMP
       02:C24C  06 C2             DW  HaraProg02_0                  ; ジャンプ先アドレスラベル
       02:C24E  00                DB  MCJ_JMP                  ; ジャンプ条件
       02:C24F  00                DB  0
  153                     
  154                     ;-------------------------------
  155                     ; 上から攻撃　NTK_SPZK2
  156                     ;-------------------------------
  157  02:C250            HaraProg04:
  158                             MC_MEMSET PRM_1, NTK_SPZK2
       02:C250  F6                DB      _MC_MEMSET
       02:C251  61 00             DW  PRM_1                  ; 書き換えアドレス
       02:C253  8F                DB  NTK_SPZK2                  ; 書き換えデータ
  159                             MC_JMP HaraProg02_0, MCJ_JMP
       02:C254  FC                DB      _MC_JMP
       02:C255  06 C2             DW  HaraProg02_0                  ; ジャンプ先アドレスラベル
       02:C257  00                DB  MCJ_JMP                  ; ジャンプ条件
       02:C258  00                DB  0
  160                     
  161                     
  162                     ;-------------------------------
  163                     ; ウェイト：ミッションアニメのみで使用
  164                     ;-------------------------------
  165  02:C259            HaraProg05
  166                             MC_MEMCMP  ENEMY_ATK_LV, MTSV_0
       02:C259  EE                DB      _MC_MEMCMP
       02:C25A  B0 03             DW  ENEMY_ATK_LV                  ; アドレス
       02:C25C  00                DB  MTSV_0                  ; 比較データ
  167                             MC_JMP .atk00, MCJ_CMP_Z
       02:C25D  FC                DB      _MC_JMP
       02:C25E  7A C2             DW  .atk00                  ; ジャンプ先アドレスラベル
       02:C260  06                DB  MCJ_CMP_Z                  ; ジャンプ条件
       02:C261  00                DB  0
  168                             MC_MEMCMP  ENEMY_ATK_LV, MTSV_1
       02:C262  EE                DB      _MC_MEMCMP
       02:C263  B0 03             DW  ENEMY_ATK_LV                  ; アドレス
       02:C265  40                DB  MTSV_1                  ; 比較データ
  169                             MC_JMP .atk01, MCJ_CMP_Z
       02:C266  FC                DB      _MC_JMP
       02:C267  78 C2             DW  .atk01                  ; ジャンプ先アドレスラベル
       02:C269  06                DB  MCJ_CMP_Z                  ; ジャンプ条件
       02:C26A  00                DB  0
  170                             MC_MEMCMP  ENEMY_ATK_LV, MTSV_2
       02:C26B  EE                DB      _MC_MEMCMP
       02:C26C  B0 03             DW  ENEMY_ATK_LV                  ; アドレス
       02:C26E  80                DB  MTSV_2                  ; 比較データ
  171                             MC_JMP .atk02, MCJ_CMP_Z
       02:C26F  FC                DB      _MC_JMP
       02:C270  76 C2             DW  .atk02                  ; ジャンプ先アドレスラベル
       02:C272  06                DB  MCJ_CMP_Z                  ; ジャンプ条件
       02:C273  00                DB  0
  172                     
  173                             MC_WAIT 120
       02:C274  78                DB  120                  ; ウェイトフレーム数 1-200
  174                             MC_WAIT 120
       02:C275  78                DB  120                  ; ウェイトフレーム数 1-200
  175  02:C276            .atk02
  176                             MC_WAIT 120
       02:C276  78                DB  120                  ; ウェイトフレーム数 1-200
  177                             MC_WAIT 120
       02:C277  78                DB  120                  ; ウェイトフレーム数 1-200
  178  02:C278            .atk01
  179                             MC_WAIT 120
       02:C278  78                DB  120                  ; ウェイトフレーム数 1-200
  180                             MC_WAIT 120
       02:C279  78                DB  120                  ; ウェイトフレーム数 1-200
  181  02:C27A            .atk00
  182                             MC_WAIT 120
       02:C27A  78                DB  120                  ; ウェイトフレーム数 1-200
  183                             MC_WAIT 120
       02:C27B  78                DB  120                  ; ウェイトフレーム数 1-200
  184                     
  185                             MC_END  ; データエンド
       02:C27C  00                DB      _MC_END
  186                     
  187                     ;-------------------------------
  188                     ; 下から攻撃　NTK_SPZK0
  189                     ;-------------------------------
  190  02:C27D            HaraProg06
  191                             MC_MEMSET PRM_1, NTK_SPZK0
       02:C27D  F6                DB      _MC_MEMSET
       02:C27E  61 00             DW  PRM_1                  ; 書き換えアドレス
       02:C280  8D                DB  NTK_SPZK0                  ; 書き換えデータ
  192                     
  193  02:C281            HaraProg06_0:
  194                             MC_MEMPUSH MISSON_ANM_NO
       02:C281  ED                DB      _MC_MEMPUSH
       02:C282  8D 03             DW  MISSON_ANM_NO                  ; PUSH変数アドレス
  195                             MC_CALL waitClearSPE2
       02:C284  FF                DB      _MC_CALL
       02:C285  26 C1             DW  waitClearSPE2                  ; 呼び出し先アドレスラベル
  196                     
  197                     
  198                             MC_LOOP_CNT 5
       02:C287  FD                DB      _MC_LOOP_CNT
       02:C288  05                DB  5                  ; ループ回数
  199  02:C289            .p11_loop
  200                             MC_PGCALL selSPE_MP,2
       02:C289  F4                DB      _MC_PGCALL
       02:C28A  C1                DB  #high( selSPE_MP -1)       ; コールアドレス
       02:C28B  65                DB  #low( selSPE_MP -1)        ; コールアドレス
       02:C28C  00                DB  0                   ; コール時にYreg にセットする値
       02:C28D  02                DB  2                  ; コール時にAreg にセットする値
  201                             MC_WAIT 8
       02:C28E  08                DB  8                  ; ウェイトフレーム数 1-200
  202                             MC_PGCALL2 setSPE,128-50,ENEMY_LINE_SUU-6
       02:C28F  F4                DB      _MC_PGCALL
       02:C290  C1                DB  #high( setSPE -1)       ; コールアドレス
       02:C291  49                DB  #low( setSPE -1)        ; コールアドレス
       02:C292  D2                DB  ENEMY_LINE_SUU-6                  ; コール時にYreg にセットする値
       02:C293  4E                DB  128-50                  ; コール時にAreg にセットする値
  203                             MC_WAIT 8
       02:C294  08                DB  8                  ; ウェイトフレーム数 1-200
  204                             MC_PGCALL2 setSPE,128-50,ENEMY_LINE_SUU-6
       02:C295  F4                DB      _MC_PGCALL
       02:C296  C1                DB  #high( setSPE -1)       ; コールアドレス
       02:C297  49                DB  #low( setSPE -1)        ; コールアドレス
       02:C298  D2                DB  ENEMY_LINE_SUU-6                  ; コール時にYreg にセットする値
       02:C299  4E                DB  128-50                  ; コール時にAreg にセットする値
  205                             MC_WAIT 8
       02:C29A  08                DB  8                  ; ウェイトフレーム数 1-200
  206                             MC_PGCALL2 setSPE,128-50,ENEMY_LINE_SUU-6
       02:C29B  F4                DB      _MC_PGCALL
       02:C29C  C1                DB  #high( setSPE -1)       ; コールアドレス
       02:C29D  49                DB  #low( setSPE -1)        ; コールアドレス
       02:C29E  D2                DB  ENEMY_LINE_SUU-6                  ; コール時にYreg にセットする値
       02:C29F  4E                DB  128-50                  ; コール時にAreg にセットする値
  207                     
  208                             MC_WAIT 16
       02:C2A0  10                DB  16                  ; ウェイトフレーム数 1-200
  209                     
  210                     
  211                             MC_PGCALL selSPE_MP,3
       02:C2A1  F4                DB      _MC_PGCALL
       02:C2A2  C1                DB  #high( selSPE_MP -1)       ; コールアドレス
       02:C2A3  65                DB  #low( selSPE_MP -1)        ; コールアドレス
       02:C2A4  00                DB  0                   ; コール時にYreg にセットする値
       02:C2A5  03                DB  3                  ; コール時にAreg にセットする値
  212                     
  213                             MC_WAIT 8
       02:C2A6  08                DB  8                  ; ウェイトフレーム数 1-200
  214                             MC_PGCALL2 setSPE,128+50,ENEMY_LINE_SUU-6
       02:C2A7  F4                DB      _MC_PGCALL
       02:C2A8  C1                DB  #high( setSPE -1)       ; コールアドレス
       02:C2A9  49                DB  #low( setSPE -1)        ; コールアドレス
       02:C2AA  D2                DB  ENEMY_LINE_SUU-6                  ; コール時にYreg にセットする値
       02:C2AB  B2                DB  128+50                  ; コール時にAreg にセットする値
  215                             MC_WAIT 8
       02:C2AC  08                DB  8                  ; ウェイトフレーム数 1-200
  216                             MC_PGCALL2 setSPE,128+50,ENEMY_LINE_SUU-6
       02:C2AD  F4                DB      _MC_PGCALL
       02:C2AE  C1                DB  #high( setSPE -1)       ; コールアドレス
       02:C2AF  49                DB  #low( setSPE -1)        ; コールアドレス
       02:C2B0  D2                DB  ENEMY_LINE_SUU-6                  ; コール時にYreg にセットする値
       02:C2B1  B2                DB  128+50                  ; コール時にAreg にセットする値
  217                             MC_WAIT 8
       02:C2B2  08                DB  8                  ; ウェイトフレーム数 1-200
  218                             MC_PGCALL2 setSPE,128+50,ENEMY_LINE_SUU-6
       02:C2B3  F4                DB      _MC_PGCALL
       02:C2B4  C1                DB  #high( setSPE -1)       ; コールアドレス
       02:C2B5  49                DB  #low( setSPE -1)        ; コールアドレス
       02:C2B6  D2                DB  ENEMY_LINE_SUU-6                  ; コール時にYreg にセットする値
       02:C2B7  B2                DB  128+50                  ; コール時にAreg にセットする値
  219                     
  220                             MC_JMP .p11_loop, MCJ_LOOP_CNT
       02:C2B8  FC                DB      _MC_JMP
       02:C2B9  89 C2             DW  .p11_loop                  ; ジャンプ先アドレスラベル
       02:C2BB  01                DB  MCJ_LOOP_CNT                  ; ジャンプ条件
       02:C2BC  00                DB  0
  221                     
  222                             MC_WAIT 16
       02:C2BD  10                DB  16                  ; ウェイトフレーム数 1-200
  223                     
  224                             MC_MEMPOP MISSON_ANM_NO
       02:C2BE  EC                DB      _MC_MEMPOP
       02:C2BF  8D 03             DW  MISSON_ANM_NO                  ; POP変数アドレス
  225                             MC_END  ; データエンド
       02:C2C1  00                DB      _MC_END
  226                     
  227                     
  228                     
  229                     
  230                     ;-------------------------------
  231                     ; 下から攻撃　NTK_SPZK1
  232                     ;-------------------------------
  233  02:C2C2            HaraProg07
  234                             MC_MEMSET PRM_1, NTK_SPZK1
       02:C2C2  F6                DB      _MC_MEMSET
       02:C2C3  61 00             DW  PRM_1                  ; 書き換えアドレス
       02:C2C5  8E                DB  NTK_SPZK1                  ; 書き換えデータ
  235                             MC_JMP HaraProg06_0, MCJ_JMP
       02:C2C6  FC                DB      _MC_JMP
       02:C2C7  81 C2             DW  HaraProg06_0                  ; ジャンプ先アドレスラベル
       02:C2C9  00                DB  MCJ_JMP                  ; ジャンプ条件
       02:C2CA  00                DB  0
  236                     
  237                     ;-------------------------------
  238                     ; 下から攻撃　NTK_SPZK2
  239                     ;-------------------------------
  240  02:C2CB            HaraProg08
  241                             MC_MEMSET PRM_1, NTK_SPZK2
       02:C2CB  F6                DB      _MC_MEMSET
       02:C2CC  61 00             DW  PRM_1                  ; 書き換えアドレス
       02:C2CE  8F                DB  NTK_SPZK2                  ; 書き換えデータ
  242                             MC_JMP HaraProg06_0, MCJ_JMP
       02:C2CF  FC                DB      _MC_JMP
       02:C2D0  81 C2             DW  HaraProg06_0                  ; ジャンプ先アドレスラベル
       02:C2D2  00                DB  MCJ_JMP                  ; ジャンプ条件
       02:C2D3  00                DB  0
  243                     
  244                     
  245                     
  246                     
  247                     ;-------------------------------
  248                     ; 斜め上左右から攻撃用　NTK_SPZK0
  249                     ;-------------------------------
  250  02:C2D4            HaraProg09
  251                             MC_MEMSET PRM_1, NTK_SPZK0
       02:C2D4  F6                DB      _MC_MEMSET
       02:C2D5  61 00             DW  PRM_1                  ; 書き換えアドレス
       02:C2D7  8D                DB  NTK_SPZK0                  ; 書き換えデータ
  252                     
  253  02:C2D8            HaraProg09_0:
  254                             MC_MEMPUSH MISSON_ANM_NO
       02:C2D8  ED                DB      _MC_MEMPUSH
       02:C2D9  8D 03             DW  MISSON_ANM_NO                  ; PUSH変数アドレス
  255                             MC_CALL waitClearSPE2
       02:C2DB  FF                DB      _MC_CALL
       02:C2DC  26 C1             DW  waitClearSPE2                  ; 呼び出し先アドレスラベル
  256                     
  257                     
  258                             MC_LOOP_CNT 5
       02:C2DE  FD                DB      _MC_LOOP_CNT
       02:C2DF  05                DB  5                  ; ループ回数
  259  02:C2E0            .p11_loop
  260                             MC_PGCALL selSPE_MP,4
       02:C2E0  F4                DB      _MC_PGCALL
       02:C2E1  C1                DB  #high( selSPE_MP -1)       ; コールアドレス
       02:C2E2  65                DB  #low( selSPE_MP -1)        ; コールアドレス
       02:C2E3  00                DB  0                   ; コール時にYreg にセットする値
       02:C2E4  04                DB  4                  ; コール時にAreg にセットする値
  261                             MC_WAIT 8
       02:C2E5  08                DB  8                  ; ウェイトフレーム数 1-200
  262                             MC_PGCALL2 setSPE,6,8+32
       02:C2E6  F4                DB      _MC_PGCALL
       02:C2E7  C1                DB  #high( setSPE -1)       ; コールアドレス
       02:C2E8  49                DB  #low( setSPE -1)        ; コールアドレス
       02:C2E9  28                DB  8+32                  ; コール時にYreg にセットする値
       02:C2EA  06                DB  6                  ; コール時にAreg にセットする値
  263                             MC_WAIT 8
       02:C2EB  08                DB  8                  ; ウェイトフレーム数 1-200
  264                             MC_PGCALL2 setSPE,6,8+16
       02:C2EC  F4                DB      _MC_PGCALL
       02:C2ED  C1                DB  #high( setSPE -1)       ; コールアドレス
       02:C2EE  49                DB  #low( setSPE -1)        ; コールアドレス
       02:C2EF  18                DB  8+16                  ; コール時にYreg にセットする値
       02:C2F0  06                DB  6                  ; コール時にAreg にセットする値
  265                             MC_WAIT 8
       02:C2F1  08                DB  8                  ; ウェイトフレーム数 1-200
  266                             MC_PGCALL2 setSPE,6,8
       02:C2F2  F4                DB      _MC_PGCALL
       02:C2F3  C1                DB  #high( setSPE -1)       ; コールアドレス
       02:C2F4  49                DB  #low( setSPE -1)        ; コールアドレス
       02:C2F5  08                DB  8                  ; コール時にYreg にセットする値
       02:C2F6  06                DB  6                  ; コール時にAreg にセットする値
  267                     
  268                             MC_WAIT 16
       02:C2F7  10                DB  16                  ; ウェイトフレーム数 1-200
  269                     
  270                     
  271                             MC_PGCALL selSPE_MP,5
       02:C2F8  F4                DB      _MC_PGCALL
       02:C2F9  C1                DB  #high( selSPE_MP -1)       ; コールアドレス
       02:C2FA  65                DB  #low( selSPE_MP -1)        ; コールアドレス
       02:C2FB  00                DB  0                   ; コール時にYreg にセットする値
       02:C2FC  05                DB  5                  ; コール時にAreg にセットする値
  272                     
  273                             MC_WAIT 8
       02:C2FD  08                DB  8                  ; ウェイトフレーム数 1-200
  274                             MC_PGCALL2 setSPE,250,8+32
       02:C2FE  F4                DB      _MC_PGCALL
       02:C2FF  C1                DB  #high( setSPE -1)       ; コールアドレス
       02:C300  49                DB  #low( setSPE -1)        ; コールアドレス
       02:C301  28                DB  8+32                  ; コール時にYreg にセットする値
       02:C302  FA                DB  250                  ; コール時にAreg にセットする値
  275                             MC_WAIT 8
       02:C303  08                DB  8                  ; ウェイトフレーム数 1-200
  276                             MC_PGCALL2 setSPE,250,8+16
       02:C304  F4                DB      _MC_PGCALL
       02:C305  C1                DB  #high( setSPE -1)       ; コールアドレス
       02:C306  49                DB  #low( setSPE -1)        ; コールアドレス
       02:C307  18                DB  8+16                  ; コール時にYreg にセットする値
       02:C308  FA                DB  250                  ; コール時にAreg にセットする値
  277                             MC_WAIT 8
       02:C309  08                DB  8                  ; ウェイトフレーム数 1-200
  278                             MC_PGCALL2 setSPE,250,8
       02:C30A  F4                DB      _MC_PGCALL
       02:C30B  C1                DB  #high( setSPE -1)       ; コールアドレス
       02:C30C  49                DB  #low( setSPE -1)        ; コールアドレス
       02:C30D  08                DB  8                  ; コール時にYreg にセットする値
       02:C30E  FA                DB  250                  ; コール時にAreg にセットする値
  279                     
  280                             MC_JMP .p11_loop, MCJ_LOOP_CNT
       02:C30F  FC                DB      _MC_JMP
       02:C310  E0 C2             DW  .p11_loop                  ; ジャンプ先アドレスラベル
       02:C312  01                DB  MCJ_LOOP_CNT                  ; ジャンプ条件
       02:C313  00                DB  0
  281                     
  282                             MC_WAIT 16
       02:C314  10                DB  16                  ; ウェイトフレーム数 1-200
  283                     
  284                             MC_MEMPOP MISSON_ANM_NO
       02:C315  EC                DB      _MC_MEMPOP
       02:C316  8D 03             DW  MISSON_ANM_NO                  ; POP変数アドレス
  285                             MC_END  ; データエンド
       02:C318  00                DB      _MC_END
  286                     
  287                     
  288                     
  289                     ;-------------------------------
  290                     ; 斜め上左右から攻撃用　NTK_SPZK1
  291                     ;-------------------------------
  292  02:C319            HaraProg0A
  293                             MC_MEMSET PRM_1, NTK_SPZK1
       02:C319  F6                DB      _MC_MEMSET
       02:C31A  61 00             DW  PRM_1                  ; 書き換えアドレス
       02:C31C  8E                DB  NTK_SPZK1                  ; 書き換えデータ
  294                             MC_JMP HaraProg09_0, MCJ_JMP
       02:C31D  FC                DB      _MC_JMP
       02:C31E  D8 C2             DW  HaraProg09_0                  ; ジャンプ先アドレスラベル
       02:C320  00                DB  MCJ_JMP                  ; ジャンプ条件
       02:C321  00                DB  0
  295                     
  296                     ;-------------------------------
  297                     ; 斜め上左右から攻撃用　NTK_SPZK2
  298                     ;-------------------------------
  299  02:C322            HaraProg0B
  300                             MC_MEMSET PRM_1, NTK_SPZK2
       02:C322  F6                DB      _MC_MEMSET
       02:C323  61 00             DW  PRM_1                  ; 書き換えアドレス
       02:C325  8F                DB  NTK_SPZK2                  ; 書き換えデータ
  301                             MC_JMP HaraProg09_0, MCJ_JMP
       02:C326  FC                DB      _MC_JMP
       02:C327  D8 C2             DW  HaraProg09_0                  ; ジャンプ先アドレスラベル
       02:C329  00                DB  MCJ_JMP                  ; ジャンプ条件
       02:C32A  00                DB  0
  302                     
  303                     
  304                     
  305                     ;-------------------------------
  306                     ; 斜め下左右から攻撃用　NTK_SPZK0
  307                     ;-------------------------------
  308  02:C32B            HaraProg0C
  309                             MC_MEMSET PRM_1, NTK_SPZK0
       02:C32B  F6                DB      _MC_MEMSET
       02:C32C  61 00             DW  PRM_1                  ; 書き換えアドレス
       02:C32E  8D                DB  NTK_SPZK0                  ; 書き換えデータ
  310                     
  311  02:C32F            HaraProg0C_0:
  312                             MC_MEMPUSH MISSON_ANM_NO
       02:C32F  ED                DB      _MC_MEMPUSH
       02:C330  8D 03             DW  MISSON_ANM_NO                  ; PUSH変数アドレス
  313                             MC_CALL waitClearSPE2
       02:C332  FF                DB      _MC_CALL
       02:C333  26 C1             DW  waitClearSPE2                  ; 呼び出し先アドレスラベル
  314                     
  315                     
  316                             MC_LOOP_CNT 5
       02:C335  FD                DB      _MC_LOOP_CNT
       02:C336  05                DB  5                  ; ループ回数
  317  02:C337            .p11_loop
  318                             MC_PGCALL selSPE_MP,6
       02:C337  F4                DB      _MC_PGCALL
       02:C338  C1                DB  #high( selSPE_MP -1)       ; コールアドレス
       02:C339  65                DB  #low( selSPE_MP -1)        ; コールアドレス
       02:C33A  00                DB  0                   ; コール時にYreg にセットする値
       02:C33B  06                DB  6                  ; コール時にAreg にセットする値
  319                             MC_WAIT 8
       02:C33C  08                DB  8                  ; ウェイトフレーム数 1-200
  320                             MC_PGCALL2 setSPE,6,ENEMY_LINE_SUU-6-32
       02:C33D  F4                DB      _MC_PGCALL
       02:C33E  C1                DB  #high( setSPE -1)       ; コールアドレス
       02:C33F  49                DB  #low( setSPE -1)        ; コールアドレス
       02:C340  B2                DB  ENEMY_LINE_SUU-6-32                  ; コール時にYreg にセットする値
       02:C341  06                DB  6                  ; コール時にAreg にセットする値
  321                             MC_WAIT 8
       02:C342  08                DB  8                  ; ウェイトフレーム数 1-200
  322                             MC_PGCALL2 setSPE,6,ENEMY_LINE_SUU-6-16
       02:C343  F4                DB      _MC_PGCALL
       02:C344  C1                DB  #high( setSPE -1)       ; コールアドレス
       02:C345  49                DB  #low( setSPE -1)        ; コールアドレス
       02:C346  C2                DB  ENEMY_LINE_SUU-6-16                  ; コール時にYreg にセットする値
       02:C347  06                DB  6                  ; コール時にAreg にセットする値
  323                             MC_WAIT 8
       02:C348  08                DB  8                  ; ウェイトフレーム数 1-200
  324                             MC_PGCALL2 setSPE,6,ENEMY_LINE_SUU-6
       02:C349  F4                DB      _MC_PGCALL
       02:C34A  C1                DB  #high( setSPE -1)       ; コールアドレス
       02:C34B  49                DB  #low( setSPE -1)        ; コールアドレス
       02:C34C  D2                DB  ENEMY_LINE_SUU-6                  ; コール時にYreg にセットする値
       02:C34D  06                DB  6                  ; コール時にAreg にセットする値
  325                     
  326                             MC_WAIT 16
       02:C34E  10                DB  16                  ; ウェイトフレーム数 1-200
  327                     
  328                     
  329                             MC_PGCALL selSPE_MP,7
       02:C34F  F4                DB      _MC_PGCALL
       02:C350  C1                DB  #high( selSPE_MP -1)       ; コールアドレス
       02:C351  65                DB  #low( selSPE_MP -1)        ; コールアドレス
       02:C352  00                DB  0                   ; コール時にYreg にセットする値
       02:C353  07                DB  7                  ; コール時にAreg にセットする値
  330                     
  331                             MC_WAIT 8
       02:C354  08                DB  8                  ; ウェイトフレーム数 1-200
  332                             MC_PGCALL2 setSPE,250,ENEMY_LINE_SUU-6-32
       02:C355  F4                DB      _MC_PGCALL
       02:C356  C1                DB  #high( setSPE -1)       ; コールアドレス
       02:C357  49                DB  #low( setSPE -1)        ; コールアドレス
       02:C358  B2                DB  ENEMY_LINE_SUU-6-32                  ; コール時にYreg にセットする値
       02:C359  FA                DB  250                  ; コール時にAreg にセットする値
  333                             MC_WAIT 8
       02:C35A  08                DB  8                  ; ウェイトフレーム数 1-200
  334                             MC_PGCALL2 setSPE,250,ENEMY_LINE_SUU-6-16
       02:C35B  F4                DB      _MC_PGCALL
       02:C35C  C1                DB  #high( setSPE -1)       ; コールアドレス
       02:C35D  49                DB  #low( setSPE -1)        ; コールアドレス
       02:C35E  C2                DB  ENEMY_LINE_SUU-6-16                  ; コール時にYreg にセットする値
       02:C35F  FA                DB  250                  ; コール時にAreg にセットする値
  335                             MC_WAIT 8
       02:C360  08                DB  8                  ; ウェイトフレーム数 1-200
  336                             MC_PGCALL2 setSPE,250,ENEMY_LINE_SUU-6
       02:C361  F4                DB      _MC_PGCALL
       02:C362  C1                DB  #high( setSPE -1)       ; コールアドレス
       02:C363  49                DB  #low( setSPE -1)        ; コールアドレス
       02:C364  D2                DB  ENEMY_LINE_SUU-6                  ; コール時にYreg にセットする値
       02:C365  FA                DB  250                  ; コール時にAreg にセットする値
  337                     
  338                             MC_JMP .p11_loop, MCJ_LOOP_CNT
       02:C366  FC                DB      _MC_JMP
       02:C367  37 C3             DW  .p11_loop                  ; ジャンプ先アドレスラベル
       02:C369  01                DB  MCJ_LOOP_CNT                  ; ジャンプ条件
       02:C36A  00                DB  0
  339                     
  340                             MC_WAIT 16
       02:C36B  10                DB  16                  ; ウェイトフレーム数 1-200
  341                     
  342                             MC_MEMPOP MISSON_ANM_NO
       02:C36C  EC                DB      _MC_MEMPOP
       02:C36D  8D 03             DW  MISSON_ANM_NO                  ; POP変数アドレス
  343                             MC_END  ; データエンド
       02:C36F  00                DB      _MC_END
  344                     
  345                     ;-------------------------------
  346                     ; 斜め下左右から攻撃用　NTK_SPZK1
  347                     ;-------------------------------
  348  02:C370            HaraProg0D
  349                             MC_MEMSET PRM_1, NTK_SPZK1
       02:C370  F6                DB      _MC_MEMSET
       02:C371  61 00             DW  PRM_1                  ; 書き換えアドレス
       02:C373  8E                DB  NTK_SPZK1                  ; 書き換えデータ
  350                             MC_JMP HaraProg0C_0, MCJ_JMP
       02:C374  FC                DB      _MC_JMP
       02:C375  2F C3             DW  HaraProg0C_0                  ; ジャンプ先アドレスラベル
       02:C377  00                DB  MCJ_JMP                  ; ジャンプ条件
       02:C378  00                DB  0
  351                     
  352                     ;-------------------------------
  353                     ; 斜め下左右から攻撃用　NTK_SPZK2
  354                     ;-------------------------------
  355  02:C379            HaraProg0E
  356                             MC_MEMSET PRM_1, NTK_SPZK2
       02:C379  F6                DB      _MC_MEMSET
       02:C37A  61 00             DW  PRM_1                  ; 書き換えアドレス
       02:C37C  8F                DB  NTK_SPZK2                  ; 書き換えデータ
  357                             MC_JMP HaraProg0C_0, MCJ_JMP
       02:C37D  FC                DB      _MC_JMP
       02:C37E  2F C3             DW  HaraProg0C_0                  ; ジャンプ先アドレスラベル
       02:C380  00                DB  MCJ_JMP                  ; ジャンプ条件
       02:C381  00                DB  0
  358                     
  359                     
  360                     ;-------------------------------
  361                     ; ワープイン　／＼
  362                     ;-------------------------------
  363  02:C382            HaraProg0F
  364                             MC_MEMSET PRM_1, NTK_WARP
       02:C382  F6                DB      _MC_MEMSET
       02:C383  61 00             DW  PRM_1                  ; 書き換えアドレス
       02:C385  8C                DB  NTK_WARP                  ; 書き換えデータ
  365                             MC_MEMPUSH MISSON_ANM_NO
       02:C386  ED                DB      _MC_MEMPUSH
       02:C387  8D 03             DW  MISSON_ANM_NO                  ; PUSH変数アドレス
  366                     
  367                             MC_PGCALL selSPE_MP,8
       02:C389  F4                DB      _MC_PGCALL
       02:C38A  C1                DB  #high( selSPE_MP -1)       ; コールアドレス
       02:C38B  65                DB  #low( selSPE_MP -1)        ; コールアドレス
       02:C38C  00                DB  0                   ; コール時にYreg にセットする値
       02:C38D  08                DB  8                  ; コール時にAreg にセットする値
  368                             MC_CALL waitClearSPE2
       02:C38E  FF                DB      _MC_CALL
       02:C38F  26 C1             DW  waitClearSPE2                  ; 呼び出し先アドレスラベル
  369                     
  370                             MC_LOOP_CNT 10
       02:C391  FD                DB      _MC_LOOP_CNT
       02:C392  0A                DB  10                  ; ループ回数
  371  02:C393            .p11_loop
  372                             MC_PGCALL2 setSPE,128-15-30*0,20
       02:C393  F4                DB      _MC_PGCALL
       02:C394  C1                DB  #high( setSPE -1)       ; コールアドレス
       02:C395  49                DB  #low( setSPE -1)        ; コールアドレス
       02:C396  14                DB  20                  ; コール時にYreg にセットする値
       02:C397  71                DB  128-15-30*0                  ; コール時にAreg にセットする値
  373                             MC_WAIT 5
       02:C398  05                DB  5                  ; ウェイトフレーム数 1-200
  374                             MC_PGCALL2 setSPE,128+15+30*0,20
       02:C399  F4                DB      _MC_PGCALL
       02:C39A  C1                DB  #high( setSPE -1)       ; コールアドレス
       02:C39B  49                DB  #low( setSPE -1)        ; コールアドレス
       02:C39C  14                DB  20                  ; コール時にYreg にセットする値
       02:C39D  8F                DB  128+15+30*0                  ; コール時にAreg にセットする値
  375                             MC_WAIT 5
       02:C39E  05                DB  5                  ; ウェイトフレーム数 1-200
  376                     
  377                             MC_PGCALL2 setSPE,128-15-30*1,20+30
       02:C39F  F4                DB      _MC_PGCALL
       02:C3A0  C1                DB  #high( setSPE -1)       ; コールアドレス
       02:C3A1  49                DB  #low( setSPE -1)        ; コールアドレス
       02:C3A2  32                DB  20+30                  ; コール時にYreg にセットする値
       02:C3A3  53                DB  128-15-30*1                  ; コール時にAreg にセットする値
  378                             MC_WAIT 5
       02:C3A4  05                DB  5                  ; ウェイトフレーム数 1-200
  379                             MC_PGCALL2 setSPE,128+15+30*1,20+30
       02:C3A5  F4                DB      _MC_PGCALL
       02:C3A6  C1                DB  #high( setSPE -1)       ; コールアドレス
       02:C3A7  49                DB  #low( setSPE -1)        ; コールアドレス
       02:C3A8  32                DB  20+30                  ; コール時にYreg にセットする値
       02:C3A9  AD                DB  128+15+30*1                  ; コール時にAreg にセットする値
  380                     
  381                             MC_WAIT 5
       02:C3AA  05                DB  5                  ; ウェイトフレーム数 1-200
  382                     
  383                             MC_PGCALL2 setSPE,128-15-30*2,20+60
       02:C3AB  F4                DB      _MC_PGCALL
       02:C3AC  C1                DB  #high( setSPE -1)       ; コールアドレス
       02:C3AD  49                DB  #low( setSPE -1)        ; コールアドレス
       02:C3AE  50                DB  20+60                  ; コール時にYreg にセットする値
       02:C3AF  35                DB  128-15-30*2                  ; コール時にAreg にセットする値
  384                             MC_WAIT 5
       02:C3B0  05                DB  5                  ; ウェイトフレーム数 1-200
  385                             MC_PGCALL2 setSPE,128+15+30*2,20+60
       02:C3B1  F4                DB      _MC_PGCALL
       02:C3B2  C1                DB  #high( setSPE -1)       ; コールアドレス
       02:C3B3  49                DB  #low( setSPE -1)        ; コールアドレス
       02:C3B4  50                DB  20+60                  ; コール時にYreg にセットする値
       02:C3B5  CB                DB  128+15+30*2                  ; コール時にAreg にセットする値
  386                     
  387                             MC_WAIT 5
       02:C3B6  05                DB  5                  ; ウェイトフレーム数 1-200
  388                     
  389                             MC_PGCALL2 setSPE,128-15-30*3,20+90
       02:C3B7  F4                DB      _MC_PGCALL
       02:C3B8  C1                DB  #high( setSPE -1)       ; コールアドレス
       02:C3B9  49                DB  #low( setSPE -1)        ; コールアドレス
       02:C3BA  6E                DB  20+90                  ; コール時にYreg にセットする値
       02:C3BB  17                DB  128-15-30*3                  ; コール時にAreg にセットする値
  390                             MC_WAIT 5
       02:C3BC  05                DB  5                  ; ウェイトフレーム数 1-200
  391                             MC_PGCALL2 setSPE,128+15+30*3,20+90
       02:C3BD  F4                DB      _MC_PGCALL
       02:C3BE  C1                DB  #high( setSPE -1)       ; コールアドレス
       02:C3BF  49                DB  #low( setSPE -1)        ; コールアドレス
       02:C3C0  6E                DB  20+90                  ; コール時にYreg にセットする値
       02:C3C1  E9                DB  128+15+30*3                  ; コール時にAreg にセットする値
  392                     
  393                             MC_WAIT 5
       02:C3C2  05                DB  5                  ; ウェイトフレーム数 1-200
  394                     
  395                             MC_JMP .p11_loop, MCJ_LOOP_CNT
       02:C3C3  FC                DB      _MC_JMP
       02:C3C4  93 C3             DW  .p11_loop                  ; ジャンプ先アドレスラベル
       02:C3C6  01                DB  MCJ_LOOP_CNT                  ; ジャンプ条件
       02:C3C7  00                DB  0
  396                     
  397                             MC_CALL waitClearSPE2
       02:C3C8  FF                DB      _MC_CALL
       02:C3C9  26 C1             DW  waitClearSPE2                  ; 呼び出し先アドレスラベル
  398                     
  399                             MC_MEMPOP MISSON_ANM_NO
       02:C3CB  EC                DB      _MC_MEMPOP
       02:C3CC  8D 03             DW  MISSON_ANM_NO                  ; POP変数アドレス
  400                             MC_END  ; データエンド
       02:C3CE  00                DB      _MC_END
  401                     
  402                     ;-------------------------------
  403                     ; ワープイン　＼／
  404                     ;-------------------------------
  405  02:C3CF            HaraProg10
  406                             MC_MEMSET PRM_1, NTK_WARP
       02:C3CF  F6                DB      _MC_MEMSET
       02:C3D0  61 00             DW  PRM_1                  ; 書き換えアドレス
       02:C3D2  8C                DB  NTK_WARP                  ; 書き換えデータ
  407                             MC_MEMPUSH MISSON_ANM_NO
       02:C3D3  ED                DB      _MC_MEMPUSH
       02:C3D4  8D 03             DW  MISSON_ANM_NO                  ; PUSH変数アドレス
  408                     
  409                             MC_PGCALL selSPE_MP,8
       02:C3D6  F4                DB      _MC_PGCALL
       02:C3D7  C1                DB  #high( selSPE_MP -1)       ; コールアドレス
       02:C3D8  65                DB  #low( selSPE_MP -1)        ; コールアドレス
       02:C3D9  00                DB  0                   ; コール時にYreg にセットする値
       02:C3DA  08                DB  8                  ; コール時にAreg にセットする値
  410                             MC_CALL waitClearSPE2
       02:C3DB  FF                DB      _MC_CALL
       02:C3DC  26 C1             DW  waitClearSPE2                  ; 呼び出し先アドレスラベル
  411                     
  412                             MC_LOOP_CNT 10
       02:C3DE  FD                DB      _MC_LOOP_CNT
       02:C3DF  0A                DB  10                  ; ループ回数
  413  02:C3E0            .p11_loop
  414                             MC_PGCALL2 setSPE,128-15-30*0,ENEMY_LINE_SUU -20
       02:C3E0  F4                DB      _MC_PGCALL
       02:C3E1  C1                DB  #high( setSPE -1)       ; コールアドレス
       02:C3E2  49                DB  #low( setSPE -1)        ; コールアドレス
       02:C3E3  C4                DB  ENEMY_LINE_SUU -20                  ; コール時にYreg にセットする値
       02:C3E4  71                DB  128-15-30*0                  ; コール時にAreg にセットする値
  415                             MC_WAIT 5
       02:C3E5  05                DB  5                  ; ウェイトフレーム数 1-200
  416                             MC_PGCALL2 setSPE,128+15+30*0,ENEMY_LINE_SUU -20
       02:C3E6  F4                DB      _MC_PGCALL
       02:C3E7  C1                DB  #high( setSPE -1)       ; コールアドレス
       02:C3E8  49                DB  #low( setSPE -1)        ; コールアドレス
       02:C3E9  C4                DB  ENEMY_LINE_SUU -20                  ; コール時にYreg にセットする値
       02:C3EA  8F                DB  128+15+30*0                  ; コール時にAreg にセットする値
  417                             MC_WAIT 5
       02:C3EB  05                DB  5                  ; ウェイトフレーム数 1-200
  418                     
  419                             MC_PGCALL2 setSPE,128-15-30*1,ENEMY_LINE_SUU -20-30
       02:C3EC  F4                DB      _MC_PGCALL
       02:C3ED  C1                DB  #high( setSPE -1)       ; コールアドレス
       02:C3EE  49                DB  #low( setSPE -1)        ; コールアドレス
       02:C3EF  A6                DB  ENEMY_LINE_SUU -20-30                  ; コール時にYreg にセットする値
       02:C3F0  53                DB  128-15-30*1                  ; コール時にAreg にセットする値
  420                             MC_WAIT 5
       02:C3F1  05                DB  5                  ; ウェイトフレーム数 1-200
  421                             MC_PGCALL2 setSPE,128+15+30*1,ENEMY_LINE_SUU -20-30
       02:C3F2  F4                DB      _MC_PGCALL
       02:C3F3  C1                DB  #high( setSPE -1)       ; コールアドレス
       02:C3F4  49                DB  #low( setSPE -1)        ; コールアドレス
       02:C3F5  A6                DB  ENEMY_LINE_SUU -20-30                  ; コール時にYreg にセットする値
       02:C3F6  AD                DB  128+15+30*1                  ; コール時にAreg にセットする値
  422                     
  423                             MC_WAIT 5
       02:C3F7  05                DB  5                  ; ウェイトフレーム数 1-200
  424                     
  425                             MC_PGCALL2 setSPE,128-15-30*2,ENEMY_LINE_SUU-20-60
       02:C3F8  F4                DB      _MC_PGCALL
       02:C3F9  C1                DB  #high( setSPE -1)       ; コールアドレス
       02:C3FA  49                DB  #low( setSPE -1)        ; コールアドレス
       02:C3FB  88                DB  ENEMY_LINE_SUU-20-60                  ; コール時にYreg にセットする値
       02:C3FC  35                DB  128-15-30*2                  ; コール時にAreg にセットする値
  426                             MC_WAIT 5
       02:C3FD  05                DB  5                  ; ウェイトフレーム数 1-200
  427                             MC_PGCALL2 setSPE,128+15+30*2,ENEMY_LINE_SUU-20-60
       02:C3FE  F4                DB      _MC_PGCALL
       02:C3FF  C1                DB  #high( setSPE -1)       ; コールアドレス
       02:C400  49                DB  #low( setSPE -1)        ; コールアドレス
       02:C401  88                DB  ENEMY_LINE_SUU-20-60                  ; コール時にYreg にセットする値
       02:C402  CB                DB  128+15+30*2                  ; コール時にAreg にセットする値
  428                     
  429                             MC_WAIT 5
       02:C403  05                DB  5                  ; ウェイトフレーム数 1-200
  430                     
  431                             MC_PGCALL2 setSPE,128-15-30*3,ENEMY_LINE_SUU-20-90
       02:C404  F4                DB      _MC_PGCALL
       02:C405  C1                DB  #high( setSPE -1)       ; コールアドレス
       02:C406  49                DB  #low( setSPE -1)        ; コールアドレス
       02:C407  6A                DB  ENEMY_LINE_SUU-20-90                  ; コール時にYreg にセットする値
       02:C408  17                DB  128-15-30*3                  ; コール時にAreg にセットする値
  432                             MC_WAIT 5
       02:C409  05                DB  5                  ; ウェイトフレーム数 1-200
  433                             MC_PGCALL2 setSPE,128+15+30*3,ENEMY_LINE_SUU-20-90
       02:C40A  F4                DB      _MC_PGCALL
       02:C40B  C1                DB  #high( setSPE -1)       ; コールアドレス
       02:C40C  49                DB  #low( setSPE -1)        ; コールアドレス
       02:C40D  6A                DB  ENEMY_LINE_SUU-20-90                  ; コール時にYreg にセットする値
       02:C40E  E9                DB  128+15+30*3                  ; コール時にAreg にセットする値
  434                     
  435                             MC_WAIT 5
       02:C40F  05                DB  5                  ; ウェイトフレーム数 1-200
  436                     
  437                             MC_JMP .p11_loop, MCJ_LOOP_CNT
       02:C410  FC                DB      _MC_JMP
       02:C411  E0 C3             DW  .p11_loop                  ; ジャンプ先アドレスラベル
       02:C413  01                DB  MCJ_LOOP_CNT                  ; ジャンプ条件
       02:C414  00                DB  0
  438                     
  439                             MC_CALL waitClearSPE2
       02:C415  FF                DB      _MC_CALL
       02:C416  26 C1             DW  waitClearSPE2                  ; 呼び出し先アドレスラベル
  440                     
  441                             MC_MEMPOP MISSON_ANM_NO
       02:C418  EC                DB      _MC_MEMPOP
       02:C419  8D 03             DW  MISSON_ANM_NO                  ; POP変数アドレス
  442                             MC_END  ; データエンド
       02:C41B  00                DB      _MC_END
  443                     
  444                     
  445  02:C41C            HaraProg11
  446                     
  447  02:C41C            HaraProg12
  448                     
  449  02:C41C            HaraProg13
  450                     
  451  02:C41C            HaraProg14
  452                     
  453                     
  454  02:C41C            HaraProg15
  455                     
  456                     
  457  02:C41C            HaraProg16
  458                     
  459                     
  460  02:C41C            HaraProg17
  461                     
  462  02:C41C            HaraProg18
  463                     
  464  02:C41C            HaraProg19
  465                     
  466                     
  467  02:C41C            HaraProg1A
  468                     
  469                     
  470                     
  471                     
  472  02:C41C            HaraProg1B
  473                     
  474  02:C41C            HaraProg1C
  475                     
  476  02:C41C            HaraProg1D
  477                     
  478                     
  479                     
  480  02:C41C            HaraProg1E
  481                     
  482  02:C41C            HaraProg1F
  483                             MC_END  ; データエンド
       02:C41C  00                DB      _MC_END
#[1]   PG_main.asm
#[2]   .\cfg\cfgMissonAnime.h
   46                             .INCLUDE        ".\cfg\cfgMissonAnime.h"
    1                     ;===============================================================================================
    2                     ;       ミッションアニメ処理
    3                     ;
    4                     ;===============================================================================================
    5  02:C41D            MissionAnimeHARA:
    6  02:C41D  A5 61             lda  <PRM_1
    7  02:C41F  48                pha
    8  02:C420  A5 62             lda  <PRM_2
    9  02:C422  48                pha
   10  02:C423  20 50 C4          jsr  .misson_anm_sub
   11  02:C426  20 30 C4          jsr  .misson_atk_sub
   12  02:C429  68                pla
   13  02:C42A  85 62             sta  <PRM_2
   14  02:C42C  68                pla
   15  02:C42D  85 61             sta  <PRM_1
   16  02:C42F  60                rts
   17                     
   18                     
   19                     ;--------------------------
   20                     ;  SP敵攻撃パターン
   21                     ;--------------------------
   22  02:C430            .misson_atk_sub
   23  02:C430  AD 86 03          lda  MISSON_ATK_CNT
   24  02:C433  F0 04             beq  .setAtk00
   25  02:C435  CE 86 03          dec  MISSON_ATK_CNT
   26  02:C438  60                rts
   27  02:C439            .setAtk00
   28  02:C439  AD 84 03          lda  MISSON_ATK_NO
   29  02:C43C  A8                tay
   30  02:C43D  29 03             and  #$03
   31  02:C43F  AA                tax
   32  02:C440  BD 4C C4          lda  .tblCntAddAtk,x
   33  02:C443  8D 86 03          sta  MISSON_ATK_CNT
   34  02:C446  98                tya
   35  02:C447  4A                lsr  a
   36  02:C448  4A                lsr  a
   37  02:C449  4C B5 C5          jmp  shotSpEnemy
   38                     
   39  02:C44C            .tblCntAddAtk
   40  02:C44C  14 0F 0A          db  20,15,10,5
       02:C44F  05        
   41                     
   42                     
   43  02:C450            .misson_anm_sub
   44  02:C450  AD 8D 03          lda  MISSON_ANM_NO
   45  02:C453  30 14             bmi  .misson_anm_tblsel
   46  02:C455  4A                lsr  a
   47  02:C456  4A                lsr  a
   48                             TBL_JUMP
       02:C457  0A                ASL     A
       02:C458  86 F0             stx  <TMP_SYS
       02:C45A  AA                TAX
       02:C45B  BD 67 C4          LDA     .tbl00205+1,X
       02:C45E  48                PHA
       02:C45F  BD 66 C4          LDA     .tbl00205+0,X
       02:C462  A6 F0             ldx  <TMP_SYS
       02:C464  48                PHA
       02:C465  60                RTS
       02:C466            .tbl00205:
   49                             JPTBL   .no_mission_anm         ; 0
       02:C466  67 C4             DW      .no_mission_anm -1
   50                     ;       JPTBL   .misson_anm_01          ; 1 次元潜航エフェクト
   51                     
   52                     
   53  02:C468            .no_mission_anm
   54  02:C468            .end
   55  02:C468  60                rts
   56                     
   57                     ;--------------------------
   58                     ;  テーブル選択型アニメ
   59                     ;--------------------------
   60  02:C469            .misson_anm_tblsel
   61  02:C469  AD 8E 03          lda  MISSON_ANM_CNT
   62  02:C46C  F0 04             beq  .setAnmSP
   63  02:C46E  CE 8E 03          dec  MISSON_ANM_CNT
   64  02:C471  60                rts
   65  02:C472            .setAnmSP
   66                             ; 出現頻度乱数＋固定値
   67  02:C472  AD 8D 03          lda  MISSON_ANM_NO
   68  02:C475  A8                tay
   69  02:C476  29 03             and  #$03
   70  02:C478  AA                tax
   71  02:C479  20 6B EE          jsr  GET_RND
   72  02:C47C  29 0F             and  #$0F
   73  02:C47E  7D 94 C4          adc  .tblCntAdd,x
   74  02:C481  8D 8E 03          sta  MISSON_ANM_CNT
   75  02:C484  98                tya
   76                             ; セットテーブル選択
   77  02:C485  29 7C             and  #%0111_1100
   78  02:C487  85 50             sta  <TMP_WRK0
   79  02:C489  20 6B EE          jsr  GET_RND
   80  02:C48C  29 03             and  #$03
   81  02:C48E  18                clc
   82  02:C48F  65 50             adc  <TMP_WRK0
   83  02:C491  4C 98 C4          jmp  .setEnemyNT_hara
   84                     
   85  02:C494            .tblCntAdd
   86                     ;       db  40,30,20,10
   87  02:C494  20 10 08          db  32,16,8,4
       02:C497  04        
   88                     
   89                     
   90                     
   91                     ;------------------------------------
   92                     ; 敵セット命令 areg 座標番号
   93                     ;------------------------------------
   94  02:C498            .setEnemyNT_hara:
   95  02:C498  0A                asl a
   96  02:C499  0A                asl a
   97  02:C49A  A8                tay
   98  02:C49B  B9 17 C5          lda  .tblData+2,y
   99  02:C49E  85 61             sta  <PRM_1
  100  02:C4A0  B9 18 C5          lda  .tblData+3,y
  101  02:C4A3  85 62             sta  <PRM_2
  102                     
  103  02:C4A5  B9 16 C5          lda  .tblData+1,y
  104  02:C4A8  C9 FF             cmp  #-1
  105  02:C4AA  D0 09             bne  .no_rndy
  106                     
  107  02:C4AC  A9 C0             lda  #ENEMY_LINE_SUU -24
  108  02:C4AE  20 81 EE          jsr  GET_RND_N
  109  02:C4B1  69 08             adc  #8
  110  02:C4B3  29 F8             and  #%1111_1000
  111  02:C4B5            .no_rndy
  112  02:C4B5  85 69             sta  <PRM_Y_POS
  113                     
  114  02:C4B7  B9 15 C5          lda  .tblData+0,y
  115  02:C4BA  C9 FD             cmp  #-3
  116  02:C4BC  F0 23             beq  .tirple_set
  117  02:C4BE  C9 FE             cmp  #-2
  118  02:C4C0  F0 12             beq  .duble_set
  119  02:C4C2  C9 FF             cmp  #-1
  120  02:C4C4  D0 09             bne  .no_rndx
  121  02:C4C6            .db00
  122  02:C4C6  A9 C0             lda  #ENEMY_LINE_SUU -24
  123  02:C4C8  20 81 EE          jsr  GET_RND_N
  124  02:C4CB  69 10             adc  #16
  125  02:C4CD  29 F8             and  #%1111_1000
  126                     
  127  02:C4CF            .no_rndx
  128  02:C4CF  85 68             sta  <PRM_X_POS
  129  02:C4D1  4C F5 C4          jmp  .setEnamy
  130                     
  131  02:C4D4            .duble_set
  132  02:C4D4  20 C6 C4          jsr .db00
  133  02:C4D7  A5 68             lda  <PRM_X_POS
  134  02:C4D9  18                clc
  135  02:C4DA  69 18             adc  #24
  136  02:C4DC  85 68             sta  <PRM_X_POS
  137  02:C4DE  4C F5 C4          jmp  .setEnamy
  138                     
  139  02:C4E1            .tirple_set
  140  02:C4E1  20 C6 C4          jsr .db00
  141  02:C4E4  A5 68             lda  <PRM_X_POS
  142  02:C4E6  18                clc
  143  02:C4E7  69 18             adc  #24
  144  02:C4E9  85 68             sta  <PRM_X_POS
  145  02:C4EB  20 F5 C4          jsr  .setEnamy
  146  02:C4EE  A5 68             lda  <PRM_X_POS
  147  02:C4F0  18                clc
  148  02:C4F1  69 18             adc  #24
  149  02:C4F3  85 68             sta  <PRM_X_POS
  150                     
  151  02:C4F5            .setEnamy
  152  02:C4F5  A5 68             lda  <PRM_X_POS
  153  02:C4F7  A4 69             ldy  <PRM_Y_POS
  154  02:C4F9  20 D2 D6          jsr  setEnemyNT3
  155  02:C4FC  B0 16             bcs  .end2
  156                     
  157  02:C4FE  A9 00             lda  #0
  158  02:C500  85 8E             sta  <CACHE_GET_NENMY_NT_FG
  159                     
  160  02:C502  A5 61             lda  <PRM_1
  161  02:C504  99 00 06          sta  ENEMY_NT_KIND,y
  162  02:C507  20 E2 D7          jsr  getEnemyNTcfg
  163  02:C50A  A5 51             lda  <TMP_WRK1
  164  02:C50C  99 03 06          sta  ENEMY_NT_HP,y
  165                             
  166  02:C50F  A5 62             lda  <PRM_2
  167  02:C511  99 01 06          sta  ENEMY_NT_MP,y
  168                     
  169  02:C514            .end2
  170  02:C514  60                rts
  171                     
  172                     
  173                     
  174  02:C515            .tblData
  175                             ; X,Y,弾の種類,弾の移動パターン
  176                             ; 右から隕石
  177  02:C515  FA FF 8B          db  250,-1,NTK_METEO,$40*1+$20          ;0
       02:C518  60        
  178  02:C519  FA FF 8B          db  250,-1,NTK_METEO,$40*1+$20-1        ;1
       02:C51C  5F        
  179  02:C51D  FA FF 8B          db  250,-1,NTK_METEO,$40*2+$20+1        ;2
       02:C520  A1        
  180  02:C521  FA FF 8B          db  250,-1,NTK_METEO,$40*0+$20-2        ;3
       02:C524  1E        
  181                     
  182                             ; 左から隕石
  183  02:C525  06 FF 8B          db  6,-1,NTK_METEO,$40*1+$00    ;4
       02:C528  40        
  184  02:C529  06 FF 8B          db  6,-1,NTK_METEO,$40*2+$00-1  ;5
       02:C52C  7F        
  185  02:C52D  06 FF 8B          db  6,-1,NTK_METEO,$40*0+$00+1  ;6
       02:C530  01        
  186  02:C531  06 FF 8B          db  6,-1,NTK_METEO,$40*1+$40-2  ;7
       02:C534  7E        
  187                     
  188                             ; 上から隕石
  189  02:C535  FF 06 8B          db  -1,6,NTK_METEO,$40*1+$10    ;8
       02:C538  50        
  190  02:C539  FF 06 8B          db  -1,6,NTK_METEO,$40*1+$10-1  ;9
       02:C53C  4F        
  191  02:C53D  FF 06 8B          db  -1,6,NTK_METEO,$40*2+$10+1  ;10
       02:C540  91        
  192  02:C541  FF 06 8B          db  -1,6,NTK_METEO,$40*0+$10    ;11
       02:C544  10        
  193                     
  194                             ; 下から隕石
  195  02:C545  FF D2 8B          db  -1,ENEMY_LINE_SUU-6,NTK_METEO,$40*1+$30             ;12
       02:C548  70        
  196  02:C549  FF D2 8B          db  -1,ENEMY_LINE_SUU-6,NTK_METEO,$40*1+$30-1   ;13
       02:C54C  6F        
  197  02:C54D  FF D2 8B          db  -1,ENEMY_LINE_SUU-6,NTK_METEO,$40*2+$30+1   ;14
       02:C550  B1        
  198  02:C551  FF D2 8B          db  -1,ENEMY_LINE_SUU-6,NTK_METEO,$40*0+$30-2   ;15
       02:C554  2E        
  199                     
  200                             ; 上からザコ 弱いザコのみ
  201  02:C555  FF 06 8D          db  -1, 6,NTK_SPZK0,$40*2+$10+0 ;16
       02:C558  90        
  202  02:C559  FF 06 8D          db  -1, 6,NTK_SPZK0,$40*3+$10+0 ;17
       02:C55C  D0        
  203  02:C55D  FF 06 8D          db  -1, 6,NTK_SPZK0,$40*1+$10-0 ;18
       02:C560  50        
  204  02:C561  FF 06 8D          db  -1, 6,NTK_SPZK0,$40*2+$10+0 ;19
       02:C564  90        
  205                     
  206                             ; 上からザコ 硬いザコミックス
  207  02:C565  FF 06 8D          db  -1, 6,NTK_SPZK0,$40*3+$10+0 ;20
       02:C568  D0        
  208  02:C569  FE 06 8D          db  -2, 6,NTK_SPZK0,$40*2+$10+0 ;21
       02:C56C  90        
  209  02:C56D  FF 06 8D          db  -1, 6,NTK_SPZK0,$40*3+$10-0 ;22
       02:C570  D0        
  210  02:C571  FD 06 8E          db  -3, 6,NTK_SPZK1,$40*1+$10+0 ;23
       02:C574  50        
  211                     
  212                             ; 前からザコ ブラックタイガー隊
  213  02:C575  FF 06 8F          db  -1, 6,NTK_SPZK2,$40*3+$10+0 ;24
       02:C578  D0        
  214  02:C579  FF 06 8F          db  -1, 6,NTK_SPZK2,$40*3+$10+0 ;25
       02:C57C  D0        
  215  02:C57D  FF 06 8F          db  -1, 6,NTK_SPZK2,$40*3+$10-0 ;26
       02:C580  D0        
  216  02:C581  FF 06 8F          db  -1, 6,NTK_SPZK2,$40*3+$10+0 ;27
       02:C584  D0        
  217                     
  218                             ; ワープイン 弱ザコ
  219  02:C585  FF FF 8C          db  -1,-1,NTK_WARP,NTK_SPZK0            ;28
       02:C588  8D        
  220  02:C589  FF FF 8C          db  -1,-1,NTK_WARP,NTK_SPZK0            ;29
       02:C58C  8D        
  221  02:C58D  FF FF 8C          db  -1,-1,NTK_WARP,NTK_SPZK0            ;30
       02:C590  8D        
  222  02:C591  FF FF 8C          db  -1,-1,NTK_WARP,NTK_SPZK0            ;31
       02:C594  8D        
  223                     
  224                             ; ワープイン 弱ザコ
  225  02:C595  FF FF 8C          db  -1,-1,NTK_WARP,NTK_SPZK2            ;32
       02:C598  8F        
  226  02:C599  FF FF 8C          db  -1,-1,NTK_WARP,NTK_SPZK2            ;33
       02:C59C  8F        
  227  02:C59D  FF FF 8C          db  -1,-1,NTK_WARP,NTK_SPZK2            ;34
       02:C5A0  8F        
  228  02:C5A1  FF FF 8C          db  -1,-1,NTK_WARP,NTK_SPZK2            ;35
       02:C5A4  8F        
  229                     
  230                             ; ワープイン 隕石
  231  02:C5A5  FF FF 8C          db  -1,-1,NTK_WARP,NTK_METEO            ;36
       02:C5A8  8B        
  232  02:C5A9  FF FF 8C          db  -1,-1,NTK_WARP,NTK_METEO            ;37
       02:C5AC  8B        
  233  02:C5AD  FF FF 8C          db  -1,-1,NTK_WARP,NTK_METEO            ;38
       02:C5B0  8B        
  234  02:C5B1  FF FF 8C          db  -1,-1,NTK_WARP,NTK_METEO            ;39
       02:C5B4  8B        
  235                     
  236                     
  237                     
  238                     ;------------------------------
  239                     ;       SP敵から弾発射
  240                     ;
  241                     ;  Areg = 攻撃パターン
  242                     ;------------------------------
  243  02:C5B5            shotSpEnemy:
  244                             TBL_JUMP
       02:C5B5  0A                ASL     A
       02:C5B6  86 F0             stx  <TMP_SYS
       02:C5B8  AA                TAX
       02:C5B9  BD C5 C5          LDA     .tbl00207+1,X
       02:C5BC  48                PHA
       02:C5BD  BD C4 C5          LDA     .tbl00207+0,X
       02:C5C0  A6 F0             ldx  <TMP_SYS
       02:C5C2  48                PHA
       02:C5C3  60                RTS
       02:C5C4            .tbl00207:
  245                             JPTBL   shotSp00                ; 0             攻撃しない
       02:C5C4  D7 C5             DW      shotSp00 -1
  246                             JPTBL   shotSp01                ; 1             全敵が自機方向に1発撃つ
       02:C5C6  C9 C5             DW      shotSp01 -1
  247                             JPTBL   shotSp02                ; 2             全敵がホーミング弾を1発撃つ
       02:C5C8  D8 C5             DW      shotSp02 -1
  248                     
  249  02:C5CA            shotSp01
  250  02:C5CA  20 04 C6          jsr  shotSpTargetIDX
  251  02:C5CD  90 09             bcc  .end
  252                     
  253                             ; 弾発射
  254  02:C5CF  BD 05 06          lda  ENEMY_NT_X+1,x
  255  02:C5D2  BC 07 06          ldy  ENEMY_NT_Y+1,x
  256  02:C5D5  20 E9 D6          jsr  setEnemyNT2
  257                     
  258  02:C5D8            .end
  259  02:C5D8            shotSp00
  260  02:C5D8  60                rts
  261                     
  262                     
  263                     
  264  02:C5D9            shotSp02
  265  02:C5D9  20 04 C6          jsr  shotSpTargetIDX
  266  02:C5DC  90 25             bcc  .end
  267                     
  268                             ; 弾発射
  269  02:C5DE  BD 05 06          lda  ENEMY_NT_X+1,x
  270  02:C5E1  BC 07 06          ldy  ENEMY_NT_Y+1,x
  271  02:C5E4  20 E9 D6          jsr  setEnemyNT2
  272                     
  273  02:C5E7  BD 05 06          lda  ENEMY_NT_X+1,x
  274  02:C5EA  BC 07 06          ldy  ENEMY_NT_Y+1,x
  275  02:C5ED  20 06 D7          jsr  setEnemyNT
  276                     
  277  02:C5F0  A9 3E             lda  #$40-2
  278  02:C5F2  99 01 06          sta  ENEMY_NT_MP,y
  279                     
  280  02:C5F5  BD 05 06          lda  ENEMY_NT_X+1,x
  281  02:C5F8  BC 07 06          ldy  ENEMY_NT_Y+1,x
  282  02:C5FB  20 06 D7          jsr  setEnemyNT
  283                     
  284  02:C5FE  A9 02             lda  #2
  285  02:C600  99 01 06          sta  ENEMY_NT_MP,y
  286                     
  287  02:C603            .end
  288  02:C603  60                rts
  289                             
  290                     ;----------------------------------
  291                     ;  発射するSP敵のIDXを取得
  292                     ;----------------------------------
  293  02:C604            shotSpTargetIDX:
  294  02:C604  AD 85 03          lda  MISSON_ATK_IDX
  295  02:C607  EE 85 03          inc  MISSON_ATK_IDX
  296  02:C60A  29 07             and  #$07
  297  02:C60C  0A                asl  a
  298  02:C60D  0A                asl  a
  299  02:C60E  0A                asl  a
  300  02:C60F  AA                tax
  301  02:C610  BD 00 06          lda  ENEMY_NT_KIND,x
  302  02:C613  F0 09             beq  .noshot
  303  02:C615  BD 03 06          lda  ENEMY_NT_HP,x
  304  02:C618  F0 04             beq  .noshot
  305  02:C61A  30 02             bmi  .noshot
  306  02:C61C  38                sec
  307  02:C61D  60                rts
  308                     
  309  02:C61E            .noshot
  310  02:C61E  18                clc
  311  02:C61F  60                rts
  312                     
  313                     
#[1]   PG_main.asm
   47                     
   48                     
#[2]   AplTitle.asm
   49                             .INCLUDE        "AplTitle.asm"
    1                     
    2                     ; INSERT COIN(S) 点滅周期 (フレーム単位)
    3                     ; この値の半分の時間で INSERT COIN(S) を表示、もう半分で非表示となります。
    4           0078      INSCOIN_PERIOD = 120
    5                     
    6                     
    7                     
    8                             ;======== TITLE BG =============
    9  02:C620            PAL_TITLE_ADR:
   10                             PAL_TITLE
                                  ; PAL_DAT
       02:C620  0F 20 20          DB      PAL_BG,$20,$20,$20 ;(緑) 
       02:C623  20        
       02:C624  0F 2A 2A          DB      PAL_BG,$2A,$2A,$2A ;(赤) 
       02:C627  2A        
       02:C628  0F 15 27          DB      PAL_BG,$15,$27,$30 ;(青) 
       02:C62B  30        
       02:C62C  0F 1A 1A          DB      PAL_BG,$1A,$1A,$1A ; 
       02:C62F  1A        
                                  ;       スプライト用パレット
       02:C630  0F 0F 20          DB  PAL_BG,$0F,$20,$20 ;スプライト0
       02:C633  20        
                                  PAL_PLYER2
       02:C634  0F 1A 17          DB   PAL_BG,$1A,$17,$29
       02:C637  29        
                                  PAL_EFFECT
       02:C638  0F 15 19          DB   PAL_BG,$15,$19,$20
       02:C63B  20        
                                  PAL_PLYER
       02:C63C  0F 21 10          DB   PAL_BG,$21,$10,$20
       02:C63F  20        
   11                     
   12                     
   13                     ;===================================
   14                     ;タイトル画面
   15                     ;===================================
   16  02:C640            TIT_STG:
   17                             
   18  02:C640  20 96 C6          jsr .tbljump_sub
   19                     
   20                             ; スプライト制御
   21  02:C643  A0 00             ldy #0*4        ; スプライト開始位置
   22                     
   23  02:C645  E6 77             inc  <PUSH_CTR
   24  02:C647  A5 77             lda  <PUSH_CTR
   25  02:C649  29 10             and  #$10
   26  02:C64B  D0 30             bne  .draw_p00
   27                     
   28  02:C64D  A6 70             ldx  <GM_TMP0
   29  02:C64F  BD 92 C6          lda  .tblCurPosX,x
   30  02:C652  99 03 07          sta  OBJ_BUF +3,y       ; x
   31  02:C655  18                clc
   32  02:C656  69 08             adc  #8
   33  02:C658  99 07 07          sta  OBJ_BUF +4 +3,y    ; x
   34                     
   35  02:C65B  BD 94 C6          lda  .tblCurPosY,x
   36  02:C65E  99 00 07          sta  OBJ_BUF,y          ; y
   37  02:C661  99 04 07          sta  OBJ_BUF +4,y               ; y
   38                     
   39  02:C664  A9 45             lda  #$45
   40  02:C666  99 01 07          sta OBJ_BUF +1,y        ; pat
   41  02:C669  A9 47             lda  #$47
   42  02:C66B  99 05 07          sta OBJ_BUF +4 +1,y     ; pat
   43                     
   44  02:C66E  A9 03             lda #$03
   45  02:C670  99 02 07          sta OBJ_BUF +2,y        ; pal
   46  02:C673  A9 03             lda #$03
   47  02:C675  99 06 07          sta OBJ_BUF +4 +2,y     ; pal
   48                     
   49  02:C678  98                tya
   50  02:C679  18                clc
   51  02:C67A  69 08             adc  #8
   52  02:C67C  A8                tay
   53                     
   54  02:C67D            .draw_p00
   55                             ; BG流星表示
   56  02:C67D  A5 E7             lda  <FLM_TIMER
   57                     ;       asl  a
   58                     ;       eor  #$FF
   59  02:C67F  AA                tax
   60  02:C680  A9 1E             lda  #30
   61  02:C682  20 B4 E7          jsr createBgStarObj2
   62                             
   63                             ; 余ったスプライトを非表示にする
   64  02:C685  20 02 ED          jsr clearObj
   65                     
   66                             ; 何かしらキー入力があったらタイマーリセット
   67  02:C688  AD C3 00          lda  KEY_TRG
   68  02:C68B  F0 04             beq  .end
   69                     
   70  02:C68D  A9 1A             LDA  #TITLE_DEMO_TM
   71  02:C68F  85 B8             STA  <DEMO_TIMER
   72                             
   73  02:C691            .end
   74  02:C691  60                rts
   75                     
   76  02:C692            .tblCurPosX:
   77  02:C692  44 54             db 8*9-4, 8*11-4
   78                     
   79  02:C694            .tblCurPosY:
   80  02:C694  92 A2             db 8*19-6, 8*21-6
   81                             
   82  02:C696            .tbljump_sub
   83  02:C696  A5 E9             LDA     <STG_COD_SUB
   84                             TBL_JUMP
       02:C698  0A                ASL     A
       02:C699  86 F0             stx  <TMP_SYS
       02:C69B  AA                TAX
       02:C69C  BD A8 C6          LDA     .tbl00215+1,X
       02:C69F  48                PHA
       02:C6A0  BD A7 C6          LDA     .tbl00215+0,X
       02:C6A3  A6 F0             ldx  <TMP_SYS
       02:C6A5  48                PHA
       02:C6A6  60                RTS
       02:C6A7            .tbl00215:
   85                             JPTBL   TIT_STG_0       ; 0 初期化
       02:C6A7  AE C6             DW      TIT_STG_0 -1
   86                             JPTBL   TIT_STG_2       ; 3 キー待ち
       02:C6A9  FD C7             DW      TIT_STG_2 -1
   87                             JPTBL   TIT_STG_3       ; 4 ジングル終了待ち
       02:C6AB  3D C8             DW      TIT_STG_3 -1
   88                             JPTBL   TIT_STG_4       ; 5 ゲームメインへ
       02:C6AD  53 C8             DW      TIT_STG_4 -1
   89                     
   90                     
   91                     ;---- 初期化 ------------------------
   92  02:C6AF            TIT_STG_0:
   93  02:C6AF  E6 E3             inc  <NMI_FLG
   94                     
   95  02:C6B1  20 57 9C          jsr  STOP_BGM
   96                     
   97                     
   98  02:C6B4  A9 00             lda  #0
   99  02:C6B6  20 6B EB          jsr  CLEAR_BG
  100  02:C6B9  A9 00             lda  #0
  101  02:C6BB  20 5A EB          jsr  CLEAR_BG_2C
  102                     
  103                     
  104                             SET_DATA_SRC  PAL_TITLE_ADR
       02:C6BE  A9 20             lda     #LOW (PAL_TITLE_ADR)
       02:C6C0  85 56             sta     <SRC_ADR
       02:C6C2  A9 C6             lda #HIGH (PAL_TITLE_ADR)
       02:C6C4  85 57         sta <SRC_ADR+1
  105  02:C6C6  20 97 EB          jsr  setPalData
  106                     
  107  02:C6C9  A9 00             lda  #0
  108  02:C6CB  85 E2             sta  <BG_SCR_Y
  109  02:C6CD  85 D4             sta  <BG_SCR_X + 0
  110  02:C6CF  85 D5             sta  <BG_SCR_X + 1
  111  02:C6D1  85 D6             sta  <BG_SCR_X + 2
  112  02:C6D3  85 D7             sta  <BG_SCR_X + 3
  113                     
  114                     
  115                     ;       SET_DATA_SRC BPE_TITLE
  116                     ;       SET_DATA_DST  $2000 + 32*0 + 0
  117                     ;       jsr  bpe_dec_vram
  118                     
  119                             SET_VRAM_ADD2   #$2000 + 32*10 + 6
       02:C6D5  A9 21             lda #HIGH (#$2000 + 32*10 + 6)
       02:C6D7  8D 06 20      sta $2006
       02:C6DA  A9 46             lda #LOW  (#$2000 + 32*10 + 6)
       02:C6DC  8D 06 20          sta $2006
  120                             DRAW_STRING2 "MAPPER 0 SAMPLE GAME"
       02:C6DF  A9 C7             LDA  #HIGH (.end00222 -1)
       02:C6E1  48                PHA
       02:C6E2  A9 02             LDA  #LOW (.end00222 -1)
       02:C6E4  48                PHA
       02:C6E5  A9 EE             LDA  #LOW (.tbl00222 )
       02:C6E7  85 56             STA  <SRC_ADR
       02:C6E9  A9 C6             LDA  #HIGH (.tbl00222 )
       02:C6EB  4C 12 ED          jmp  DRAW_STRING_SUB
       02:C6EE            .tbl00222:
       02:C6EE  4D 41 50      db  "MAPPER 0 SAMPLE GAME",0
       02:C6F1  50 45 52  
       02:C6F4  20 30 20  
       02:C6F7  53 41 4D  
       02:C6FA  50 4C 45  
       02:C6FD  20 47 41  
       02:C700  4D 45 00  
       02:C703            .end00222:
  121                     
  122                             SET_VRAM_ADD2   #$2000 + 32*12 + 11
       02:C703  A9 21             lda #HIGH (#$2000 + 32*12 + 11)
       02:C705  8D 06 20      sta $2006
       02:C708  A9 8B             lda #LOW  (#$2000 + 32*12 + 11)
       02:C70A  8D 06 20          sta $2006
  123                             DRAW_STRING2 "BG SWITCH H"
       02:C70D  A9 C7             LDA  #HIGH (.end00224 -1)
       02:C70F  48                PHA
       02:C710  A9 27             LDA  #LOW (.end00224 -1)
       02:C712  48                PHA
       02:C713  A9 1C             LDA  #LOW (.tbl00224 )
       02:C715  85 56             STA  <SRC_ADR
       02:C717  A9 C7             LDA  #HIGH (.tbl00224 )
       02:C719  4C 12 ED          jmp  DRAW_STRING_SUB
       02:C71C            .tbl00224:
       02:C71C  42 47 20      db  "BG SWITCH H",0
       02:C71F  53 57 49  
       02:C722  54 43 48  
       02:C725  20 48 00  
       02:C728            .end00224:
  124                     
  125                             SET_VRAM_ADD2   #$2FC0 + $10*0
       02:C728  A9 2F             lda #HIGH (#$2FC0 + $10*0)
       02:C72A  8D 06 20      sta $2006
       02:C72D  A9 C0             lda #LOW  (#$2FC0 + $10*0)
       02:C72F  8D 06 20          sta $2006
  126                     
  127  02:C732  A9 55             lda  #%0101_0101
  128  02:C734  A0 40             ldy  #$40
  129  02:C736            .loop_atr
  130  02:C736  8D 07 20          sta  $2007
  131  02:C739  88                dey
  132  02:C73A  D0 FA             bne  .loop_atr
  133                     
  134                             
  135                             SET_VRAM_ADD2   #$2000 + 32*19 + 11
       02:C73C  A9 22             lda #HIGH (#$2000 + 32*19 + 11)
       02:C73E  8D 06 20      sta $2006
       02:C741  A9 6B             lda #LOW  (#$2000 + 32*19 + 11)
       02:C743  8D 06 20          sta $2006
  136                             DRAW_STRING2 "GAME START"
       02:C746  A9 C7             LDA  #HIGH (.end00227 -1)
       02:C748  48                PHA
       02:C749  A9 5F             LDA  #LOW (.end00227 -1)
       02:C74B  48                PHA
       02:C74C  A9 55             LDA  #LOW (.tbl00227 )
       02:C74E  85 56             STA  <SRC_ADR
       02:C750  A9 C7             LDA  #HIGH (.tbl00227 )
       02:C752  4C 12 ED          jmp  DRAW_STRING_SUB
       02:C755            .tbl00227:
       02:C755  47 41 4D      db  "GAME START",0
       02:C758  45 20 53  
       02:C75B  54 41 52  
       02:C75E  54 00     
       02:C760            .end00227:
  137                             SET_VRAM_ADD2   #$2000 + 32*21 + 12
       02:C760  A9 22             lda #HIGH (#$2000 + 32*21 + 12)
       02:C762  8D 06 20      sta $2006
       02:C765  A9 AC             lda #LOW  (#$2000 + 32*21 + 12)
       02:C767  8D 06 20          sta $2006
  138                             DRAW_STRING2 " NSDLib"
       02:C76A  A9 C7             LDA  #HIGH (.end00229 -1)
       02:C76C  48                PHA
       02:C76D  A9 80             LDA  #LOW (.end00229 -1)
       02:C76F  48                PHA
       02:C770  A9 79             LDA  #LOW (.tbl00229 )
       02:C772  85 56             STA  <SRC_ADR
       02:C774  A9 C7             LDA  #HIGH (.tbl00229 )
       02:C776  4C 12 ED          jmp  DRAW_STRING_SUB
       02:C779            .tbl00229:
       02:C779  20 4E 53      db  " NSDLib",0
       02:C77C  44 4C 69  
       02:C77F  62 00     
       02:C781            .end00229:
  139                     ;       DRAW_STRING2 " OPTION"
  140                     
  141                     
  142                             SET_VRAM_ADD2   #$2000 + 32*24 + 18
       02:C781  A9 23             lda #HIGH (#$2000 + 32*24 + 18)
       02:C783  8D 06 20      sta $2006
       02:C786  A9 12             lda #LOW  (#$2000 + 32*24 + 18)
       02:C788  8D 06 20          sta $2006
  143                             DRAW_STRING2 "~IMPACT SOFT"
       02:C78B  A9 C7             LDA  #HIGH (.end00231 -1)
       02:C78D  48                PHA
       02:C78E  A9 A6             LDA  #LOW (.end00231 -1)
       02:C790  48                PHA
       02:C791  A9 9A             LDA  #LOW (.tbl00231 )
       02:C793  85 56             STA  <SRC_ADR
       02:C795  A9 C7             LDA  #HIGH (.tbl00231 )
       02:C797  4C 12 ED          jmp  DRAW_STRING_SUB
       02:C79A            .tbl00231:
       02:C79A  7E 49 4D      db  "~IMPACT SOFT",0
       02:C79D  50 41 43  
       02:C7A0  54 20 53  
       02:C7A3  4F 46 54  
       02:C7A6  00        
       02:C7A7            .end00231:
  144                     
  145                             SET_VRAM_ADD2   #$2000 + 32*26 + 19
       02:C7A7  A9 23             lda #HIGH (#$2000 + 32*26 + 19)
       02:C7A9  8D 06 20      sta $2006
       02:C7AC  A9 53             lda #LOW  (#$2000 + 32*26 + 19)
       02:C7AE  8D 06 20          sta $2006
#[3]   .\strver.h
  146                             .INCLUDE        ".\strver.h"
    1                             DRAW_STRING2 " 2026 V1.00" 
       02:C7B1  A9 C7             LDA  #HIGH (.end00233 -1)
       02:C7B3  48                PHA
       02:C7B4  A9 CB             LDA  #LOW (.end00233 -1)
       02:C7B6  48                PHA
       02:C7B7  A9 C0             LDA  #LOW (.tbl00233 )
       02:C7B9  85 56             STA  <SRC_ADR
       02:C7BB  A9 C7             LDA  #HIGH (.tbl00233 )
       02:C7BD  4C 12 ED          jmp  DRAW_STRING_SUB
       02:C7C0            .tbl00233:
       02:C7C0  20 32 30      db  " 2026 V1.00",0
       02:C7C3  32 36 20  
       02:C7C6  56 31 2E  
       02:C7C9  30 30 00  
       02:C7CC            .end00233:
#[2]   AplTitle.asm
  147                     ;       SET_VRAM_ADD2   #$2000 + 32*28 + 7
  148                     ;       .INCLUDE        ".\strdate.h"
  149                     ;@      BEEP $104,%11110011
  150                     
  151                     
  152  02:C7CC  A9 00             LDA  #0
  153  02:C7CE  85 75             STA  <DEBUG_KEY_CNT
  154                     
  155  02:C7D0  8D 77 00          sta      PUSH_CTR
  156                     
  157  02:C7D3  A9 1A             LDA     #TITLE_DEMO_TM
  158  02:C7D5  85 B8             STA     <DEMO_TIMER
  159                     
  160  02:C7D7  AD 21 01          LDA     PLY_STAGE
  161  02:C7DA  D0 03             BNE     .TIT_S00
  162                     
  163  02:C7DC  EE 21 01          INC     PLY_STAGE
  164  02:C7DF            .TIT_S00:
  165                     
  166                     
  167  02:C7DF  A9 A8             lda #FLG_PPU2000
  168  02:C7E1  85 E0             sta <FLG_2000
  169  02:C7E3  A9 1E             lda #FLG_PPU2001
  170  02:C7E5  85 E1             sta <FLG_2001
  171                     
  172  02:C7E7  20 19 EE          jsr  SPT_CLR_RTN
  173                     
  174  02:C7EA  C6 E3             dec  <NMI_FLG
  175                     
  176  02:C7EC  A5 E0             lda  <FLG_2000
  177  02:C7EE  8D 00 20          sta  $2000
  178                     
  179  02:C7F1  20 5B EA          jsr SET_FADE_IN_B
  180                             DISP_ON
       02:C7F4  20 48 EE          jsr  _disp_on_sub
  181                     
  182                     
  183                     
  184  02:C7F7  A9 0F             lda  #15
  185  02:C7F9  85 FF             sta  <MASTER_VOL
  186                     
  187  02:C7FB  E6 E9             inc  <STG_COD_SUB
  188                     
  189                     ;       lda  #SE_TITLE
  190                     ;       jsr  PLAY_SE
  191                     
  192                     
  193  02:C7FD  60                rts
  194                     
  195                     
  196                     ;******* メイン **********************
  197  02:C7FE            TIT_STG_2:
  198                             CHK_BIT <KEY_TRG, #KEY_UP|KEY_DOWN
       02:C7FE  A5 C3             LDA     <KEY_TRG
       02:C800  29 0C             AND     #KEY_UP|KEY_DOWN
  199  02:C802  F0 11             beq  .TIT_STG_12_00
  200                     
  201  02:C804  A9 05             lda  #SE_CUR_SEL
  202  02:C806  20 2D 9C          jsr  PLAY_SE
  203  02:C809  E6 70             inc  <GM_TMP0
  204  02:C80B  A5 70             lda  <GM_TMP0
  205  02:C80D  29 01             and  #$01
  206  02:C80F  85 70             sta  <GM_TMP0
  207                     
  208  02:C811  A9 00             lda  #0
  209  02:C813  85 77             sta  <PUSH_CTR
  210                     
  211                     
  212  02:C815            .TIT_STG_12_00
  213                             CHK_BIT <KEY_TRG, #KEY_A|KEY_B|KEY_RUN
       02:C815  A5 C3             LDA     <KEY_TRG
       02:C817  29 D0             AND     #KEY_A|KEY_B|KEY_RUN
  214  02:C819  F0 22             beq  .end
  215                     
  216                     
  217  02:C81B  A5 70             lda  <GM_TMP0
  218  02:C81D  F0 10             beq  .next_stg
  219                     
  220                             ;--- MENU -> NSE.LIB ----
  221                     
  222  02:C81F  A9 06             lda  #SE_CUR_ENT
  223  02:C821  20 2D 9C          jsr  PLAY_SE
  224                     ;       lda  #2
  225                     ;       jsr  PLAY_BGM
  226                     ;       rts
  227                     
  228  02:C824  20 63 EA          jsr SET_FADE_OUT_B
  229  02:C827  20 88 EA          jsr WAIT_FADE_END
  230                     
  231                     
  232                     ;       lda      #ST_OPTION       ;オプション画面へ
  233  02:C82A  A9 08             lda      #ST_LICENSE       ;ライセンス画面へ
  234                     ;       lda      #ST_OVER             ; ゲームオーバー画面へ
  235                     ;       lda      #ST_CLEAR            ; ゲームクリアー画面へ
  236  02:C82C  4C 8A EC          jmp  SET_STG_COD
  237                     
  238  02:C82F            .next_stg
  239                     
  240  02:C82F  20 57 9C          jsr  STOP_BGM
  241                     
  242  02:C832  A9 06             lda  #SE_CUR_ENT
  243  02:C834  20 2D 9C          jsr  PLAY_SE
  244                     
  245                     
  246  02:C837  A9 3C             lda  #60
  247  02:C839  85 B2             sta  <GM_WAIT
  248                     
  249  02:C83B  E6 E9             inc  <STG_COD_SUB
  250  02:C83D            .end
  251  02:C83D  60                rts
  252                     
  253                     
  254                     ;--- 効果音再生終了待ち ------------
  255  02:C83E            TIT_STG_3:
  256                     
  257  02:C83E  A2 00             ldx  #0
  258  02:C840  A5 E5             lda  <SYS_TIMER
  259  02:C842  29 02             and  #2
  260  02:C844  F0 02             beq  .ts3_00
  261  02:C846  A2 3C             ldx  #INSCOIN_PERIOD/2
  262                     
  263  02:C848            .ts3_00
  264  02:C848  86 77             stx  <PUSH_CTR
  265                     
  266                     
  267  02:C84A  A5 B2             lda  <GM_WAIT
  268  02:C84C  C9 50             cmp  #80
  269  02:C84E  D0 00             bne  .ts3_01
  270                     ;       lda  #BGM_TITLE
  271                     ;       JSR     PLAY_BGM
  272  02:C850            .ts3_01
  273                     
  274  02:C850  20 A7 EC          jsr  ST_GM_WAIT
  275  02:C853  60                rts
  276                     
  277                     ;--- プレイ画面へ ------------
  278  02:C854            TIT_STG_4:
  279                     
  280  02:C854  20 63 EA          jsr SET_FADE_OUT_B
  281  02:C857  20 88 EA          jsr WAIT_FADE_END
  282                     
  283                             DISP_OFF
       02:C85A  20 54 EE          jsr  _disp_off_sub
  284                     
  285  02:C85D  A9 00             lda  #0
  286  02:C85F  85 B7             sta  <DEMO_FG
  287  02:C861  20 6A C8          jsr  GAME_INIT
  288                     
  289  02:C864  A9 05             lda  #ST_MAIN        ;プレイ画面へ
  290  02:C866  20 8A EC          jsr  SET_STG_COD
  291  02:C869  60                rts
  292                     
  293                     
  294                     
  295  02:C86A            GAME_INIT:
  296  02:C86A  A9 01             lda  #1
  297  02:C86C  8D 21 01          sta  PLY_STAGE
  298  02:C86F  A9 00             lda  #0
  299  02:C871  8D 1A 01          sta  DEBUG_FLG
  300                     
  301  02:C874            GAME_INIT2:
  302                             ; スコア初期化
  303  02:C874  A9 00             lda  #0
  304  02:C876  8D 10 01          sta  GM_SCORE
  305  02:C879  8D 11 01          sta  GM_SCORE+1
  306  02:C87C  8D 12 01          sta  GM_SCORE+2
  307  02:C87F  8D 13 01          sta  GM_SCORE+3
  308  02:C882  8D 1F 01          sta  PLY_CONTINUE
  309                     
  310  02:C885  EE 18 01          inc  SCR_CHG_SW
  311  02:C888  60                rts
  312                     
  313                     
#[1]   PG_main.asm
#[2]   AplMiHara.asm
   50                             .INCLUDE        "AplMiHara.asm" ;
    1                     ;=====================================
    2                     ;
    3                     ;       ミッション　HARADIUS制御プログラム
    4                     ;
    5                     ;
    6                     ;=====================================
    7                     
    8                     
    9                     
   10                     
   11                     
   12                     
   13                     
   14  02:C889            mi_Hara:
   15  02:C889  AD AA 03          lda MISSON_STEP
   16                             TBL_JUMP
       02:C88C  0A                ASL     A
       02:C88D  86 F0             stx  <TMP_SYS
       02:C88F  AA                TAX
       02:C890  BD 9C C8          LDA     .tbl00238+1,X
       02:C893  48                PHA
       02:C894  BD 9B C8          LDA     .tbl00238+0,X
       02:C897  A6 F0             ldx  <TMP_SYS
       02:C899  48                PHA
       02:C89A  60                RTS
       02:C89B            .tbl00238:
   17                             JPTBL   mi_HaraInit             ; 0
       02:C89B  A2 C8             DW      mi_HaraInit -1
   18                             JPTBL   mi_HaraMove             ; 1
       02:C89D  AC C8             DW      mi_HaraMove -1
   19                             JPTBL   mi_HaraClear    ; 2
       02:C89F  C2 C8             DW      mi_HaraClear -1
   20                             JPTBL   mi_HaraOUT              ; 3
       02:C8A1  C6 C8             DW      mi_HaraOUT -1
   21                     
   22                     
   23                     
   24                     ;-----------------------
   25                     ;               ボス初期化
   26                     ;-----------------------
   27                     
   28  02:C8A3            mi_HaraInit:
   29  02:C8A3  20 B3 D9          jsr  initMissionControl
   30  02:C8A6  20 D1 D8          jsr  setGameCommonPal
   31                     
   32  02:C8A9  EE AA 03          inc MISSON_STEP
   33                             
   34  02:C8AC  60                rts
   35                     
   36                     
   37                     ;-----------------------
   38                     ;               移動
   39                     ;-----------------------
   40  02:C8AD            mi_HaraMove:
   41  02:C8AD  20 1D C4          jsr  MissionAnimeHARA
   42  02:C8B0  20 FD D9          jsr  mainMissionControl
   43  02:C8B3  90 0D             bcc .next
   44                     
   45  02:C8B5  A9 00             lda #0
   46  02:C8B7  85 E2             sta <BG_SCR_Y
   47                     
   48  02:C8B9  A9 78             lda #120
   49  02:C8BB  8D AB 03          sta MISSON_TMP
   50                     
   51                     
   52                     
   53                     
   54  02:C8BE  EE AA 03          inc MISSON_STEP
   55  02:C8C1  60                rts
   56                     
   57  02:C8C2            .next
   58                     ;       jsr  moveLasterBG
   59                     ;       jsr  hitLasterBG
   60  02:C8C2  60                rts
   61                     
   62                     
   63                     ;-----------------------
   64                     ;               BG消去
   65                     ;-----------------------
   66  02:C8C3            mi_HaraClear:
   67  02:C8C3  EE AA 03          inc MISSON_STEP
   68  02:C8C6            .wait
   69  02:C8C6  60                rts
   70                     
   71                     ;-----------------------
   72                     ;               ボス消滅
   73                     ;-----------------------
   74                     
   75  02:C8C7            mi_HaraOUT:
   76  02:C8C7  4C FA D8          jmp getMission
   77                     
   78                     
#[1]   PG_main.asm
#[2]   AplLicense.asm
   51                             .INCLUDE        "AplLicense.asm"
    1                     
    2                     
    3  02:C8CA            PAL_LICENSE:
    4                             PAL_STAFF
                                  ; PAL_DAT
       02:C8CA  0F 00 10          DB  PAL_BG,$00,$10,$20  ;(黒)
       02:C8CD  20        
       02:C8CE  0F 20 05          DB      PAL_BG,$20,$05,$15 ;(青) 
       02:C8D1  15        
       02:C8D2  0F 11 21          DB      PAL_BG,$11,$21,$2C ;(黒)
       02:C8D5  2C        
       02:C8D6  0F 20 12          DB  PAL_BG,$20,$12,$20  ;(赤) 文字
       02:C8D9  20        
                                  ;       スプライト用パレット
       02:C8DA  0F 00 10          DB  PAL_BG,$00,$10,$20 ;スプライト0
       02:C8DD  20        
       02:C8DE  0F 00 10          DB  PAL_BG,$00,$10,$20 ;スプライト1
       02:C8E1  20        
                                  PAL_EFFECT
       02:C8E2  0F 15 19          DB   PAL_BG,$15,$19,$20
       02:C8E5  20        
                                  PAL_PLYER
       02:C8E6  0F 21 10          DB   PAL_BG,$21,$10,$20
       02:C8E9  20        
    5                     
    6  02:C8EA            BPE_LICENSE0:
    7  02:C8EA                    .incbin         ".\CHR\NamLicense0.bpe"
    8  02:CAEA            BPE_LICENSE1:
    9  02:CAEA                    .incbin         ".\CHR\NamLicense1.bpe"
   10                     
   11                     
   12           004B      LICENSE_DISP_WAIT       EQU  60*10/8
   13           002D      LICENSE_DISP_SCR        EQU  60* 6/8
   14                     
   15                     
   16                     ;============================================
   17                     ; NSDLIB ライセンス画面
   18                     ;============================================
   19                     
   20                     ;=========================================
   21  02:CD84            APL_LICENSE:
   22  02:CD84  A0 00             ldy  #0
   23  02:CD86  20 06 ED          jsr  clearObj2
   24                     
   25                     
   26  02:CD89  A5 E9             LDA     <STG_COD_SUB
   27                             TBL_JUMP
       02:CD8B  0A                ASL     A
       02:CD8C  86 F0             stx  <TMP_SYS
       02:CD8E  AA                TAX
       02:CD8F  BD 9B CD          LDA     .tbl00246+1,X
       02:CD92  48                PHA
       02:CD93  BD 9A CD          LDA     .tbl00246+0,X
       02:CD96  A6 F0             ldx  <TMP_SYS
       02:CD98  48                PHA
       02:CD99  60                RTS
       02:CD9A            .tbl00246:
   28                             JPTBL   .stg00  ; 0
       02:CD9A  A3 CD             DW      .stg00 -1
   29                             JPTBL   .stg10  ; 1
       02:CD9C  EC CD             DW      .stg10 -1
   30                             JPTBL   .stg20  ; 2
       02:CD9E  F8 CD             DW      .stg20 -1
   31                             JPTBL   .stg30  ; 3
       02:CDA0  EC CD             DW      .stg30 -1
   32                             JPTBL   .stg40  ; 4
       02:CDA2  17 CE             DW      .stg40 -1
   33                     
   34                     ;---- 初期化 ------------------------
   35  02:CDA4            .stg00:
   36  02:CDA4  20 57 9C          jsr  STOP_BGM
   37                     
   38  02:CDA7  20 69 EB          JSR     BAK_CLR_RTN
   39                     
   40                             SET_DATA_SRC BPE_LICENSE0
       02:CDAA  A9 EA             lda     #LOW (BPE_LICENSE0)
       02:CDAC  85 56             sta     <SRC_ADR
       02:CDAE  A9 C8             lda #HIGH (BPE_LICENSE0)
       02:CDB0  85 57         sta <SRC_ADR+1
   41                             SET_DATA_DST  $2000 + 32*0 + 0
       02:CDB2  A9 00             lda     #LOW ($2000 + 32*0 + 0)
       02:CDB4  85 58             sta     <DST_ADR
       02:CDB6  A9 20             lda #HIGH ($2000 + 32*0 + 0)
       02:CDB8  85 59         sta <DST_ADR +1
   42  02:CDBA  20 A6 EB          jsr  bpe_dec_vram
   43                     
   44                             SET_DATA_SRC BPE_LICENSE1
       02:CDBD  A9 EA             lda     #LOW (BPE_LICENSE1)
       02:CDBF  85 56             sta     <SRC_ADR
       02:CDC1  A9 CA             lda #HIGH (BPE_LICENSE1)
       02:CDC3  85 57         sta <SRC_ADR+1
   45                             SET_DATA_DST  $2C00 + 32*0 + 0
       02:CDC5  A9 00             lda     #LOW ($2C00 + 32*0 + 0)
       02:CDC7  85 58             sta     <DST_ADR
       02:CDC9  A9 2C             lda #HIGH ($2C00 + 32*0 + 0)
       02:CDCB  85 59         sta <DST_ADR +1
   46  02:CDCD  20 A6 EB          jsr  bpe_dec_vram
   47                     
   48                             SET_DATA_SRC  PAL_LICENSE
       02:CDD0  A9 CA             lda     #LOW (PAL_LICENSE)
       02:CDD2  85 56             sta     <SRC_ADR
       02:CDD4  A9 C8             lda #HIGH (PAL_LICENSE)
       02:CDD6  85 57         sta <SRC_ADR+1
   49  02:CDD8  20 97 EB          jsr  setPalData
   50                     
   51                     
   52  02:CDDB  A9 00             lda  #0
   53  02:CDDD  85 E2             sta  <BG_SCR_Y
   54  02:CDDF  85 D4             sta  <BG_SCR_X
   55                     
   56  02:CDE1  20 19 EE          JSR     SPT_CLR_RTN
   57                     
   58  02:CDE4  20 5B EA          jsr SET_FADE_IN_B
   59                             DISP_ON
       02:CDE7  20 48 EE          jsr  _disp_on_sub
   60  02:CDEA  4C 05 CE          jmp  .stg21
   61                     
   62                     ;---- メイン ------------------------
   63  02:CDED            .stg10:
   64  02:CDED            .stg30:
   65                             CHK_BIT <KEY_TRG, #KEY_ABRS
       02:CDED  A5 C3             LDA     <KEY_TRG
       02:CDEF  29 F0             AND     #KEY_ABRS
   66  02:CDF1  F0 03             beq  .wait
   67  02:CDF3  E6 E9             inc  <STG_COD_SUB
   68  02:CDF5  60                rts
   69  02:CDF6            .wait
   70  02:CDF6  4C AE EC          jmp  ST_GM_WAIT2
   71                     
   72  02:CDF9            .stg20
   73  02:CDF9  A5 D4             lda  <BG_SCR_X
   74  02:CDFB  18                clc
   75  02:CDFC  69 05             adc  #5
   76  02:CDFE  85 D4             sta  <BG_SCR_X
   77  02:CE00  C9 FF             cmp  #255
   78  02:CE02  F0 01             beq  .stg21
   79  02:CE04  60                rts
   80                     
   81  02:CE05            .stg21
   82  02:CE05  A9 4B             LDA  #LICENSE_DISP_WAIT
   83  02:CE07  85 B2             STA  <GM_WAIT
   84  02:CE09  E6 E9             inc  <STG_COD_SUB
   85  02:CE0B  60                rts
   86                     
   87                     
   88                     
   89  02:CE0C            .st10_UP:
   90  02:CE0C  84 B2             sty  <GM_WAIT
   91  02:CE0E  20 11 CE          jsr  .st10_UP_sub
   92  02:CE11            .st10_UP_sub:
   93  02:CE11  A5 E2             lda  <BG_SCR_Y
   94  02:CE13  F0 02             beq  .end_scr
   95  02:CE15  C6 E2             dec  <BG_SCR_Y
   96  02:CE17            .end_scr
   97  02:CE17  60                rts
   98                     
   99                     
  100  02:CE18            .stg40
  101  02:CE18  20 63 EA          jsr SET_FADE_OUT_B
  102  02:CE1B  20 88 EA          jsr WAIT_FADE_END
  103                     
  104  02:CE1E  A9 00             lda  #0
  105  02:CE20  85 D4             sta  <BG_SCR_X
  106                     
  107  02:CE22  A9 02             LDA  #ST_TITLE
  108  02:CE24  4C 8A EC          jmp  SET_STG_COD                ; =jsr+rts
  109                     
  110                     
  111                     
#[1]   PG_main.asm
#[2]   AplClear.asm
   52                             .INCLUDE        "AplClear.asm"
    1                     
    2                     
    3                     
    4                     ;============================================
    5                     ; クリア
    6                     ;============================================
    7                     
    8                     
    9                     
   10                     ;=========================================
   11  02:CE27            CLEAR_STG:
   12  02:CE27  20 3A CE          jsr .tbljump_sub
   13                     
   14                             ; スプライト制御
   15  02:CE2A  A0 00             ldy #0*4        ; スプライト開始位置
   16                             ; BG流星表示
   17  02:CE2C  A5 E7             lda  <FLM_TIMER
   18  02:CE2E  0A                asl  a
   19  02:CE2F  49 FF             eor  #$FF
   20  02:CE31  AA                tax
   21  02:CE32  A9 40             lda  #64
   22  02:CE34  20 B4 E7          jsr  createBgStarObj2
   23                     
   24                             
   25                     ;       jsr  SPT_BNK2_ANIME
   26  02:CE37  4C 02 ED          jmp  clearObj           ; 余ったスプライトを非表示にする
   27                     
   28                     
   29  02:CE3A            .tbljump_sub
   30  02:CE3A  A5 E9             LDA     <STG_COD_SUB
   31                             TBL_JUMP
       02:CE3C  0A                ASL     A
       02:CE3D  86 F0             stx  <TMP_SYS
       02:CE3F  AA                TAX
       02:CE40  BD 4C CE          LDA     .tbl00259+1,X
       02:CE43  48                PHA
       02:CE44  BD 4B CE          LDA     .tbl00259+0,X
       02:CE47  A6 F0             ldx  <TMP_SYS
       02:CE49  48                PHA
       02:CE4A  60                RTS
       02:CE4B            .tbl00259:
   32                             JPTBL   .clearstg00     ; 0
       02:CE4B  52 CE             DW      .clearstg00 -1
   33                             JPTBL   .clearstg10     ; 1
       02:CE4D  37 CF             DW      .clearstg10 -1
   34                             JPTBL   .clearstg20     ; 2
       02:CE4F  43 CF             DW      .clearstg20 -1
   35                             JPTBL   .clearstg30     ; 3
       02:CE51  5D CF             DW      .clearstg30 -1
   36                     
   37                     ;---- 初期化 ------------------------
   38  02:CE53            .clearstg00:
   39  02:CE53  E6 E3             inc  <NMI_FLG
   40  02:CE55  A9 00             lda  #0
   41  02:CE57  8D 01 20          sta  $2001
   42  02:CE5A  78                sei
   43                     
   44  02:CE5B  20 77 E8          jsr initSelDisp
   45                     
   46                     
   47                     
   48                             ;---- STAGE ? CLEAR ----
   49                             SET_VRAM_ADD2   #$2000 + 32*10 + 7
       02:CE5E  A9 21             lda #HIGH (#$2000 + 32*10 + 7)
       02:CE60  8D 06 20      sta $2006
       02:CE63  A9 47             lda #LOW  (#$2000 + 32*10 + 7)
       02:CE65  8D 06 20          sta $2006
   50                             DRAW_STRING2    "  STAGE "
       02:CE68  A9 CE             LDA  #HIGH (.end00265 -1)
       02:CE6A  48                PHA
       02:CE6B  A9 7F             LDA  #LOW (.end00265 -1)
       02:CE6D  48                PHA
       02:CE6E  A9 77             LDA  #LOW (.tbl00265 )
       02:CE70  85 56             STA  <SRC_ADR
       02:CE72  A9 CE             LDA  #HIGH (.tbl00265 )
       02:CE74  4C 12 ED          jmp  DRAW_STRING_SUB
       02:CE77            .tbl00265:
       02:CE77  20 20 53      db  "  STAGE ",0
       02:CE7A  54 41 47  
       02:CE7D  45 20 00  
       02:CE80            .end00265:
   51                     
   52  02:CE80  AD 21 01          lda      PLY_STAGE
   53  02:CE83  20 41 ED          jsr      DRAW_HEX_BYTE2
   54                             DRAW_STRING2    " CLEAR"
       02:CE86  A9 CE             LDA  #HIGH (.end00266 -1)
       02:CE88  48                PHA
       02:CE89  A9 9B             LDA  #LOW (.end00266 -1)
       02:CE8B  48                PHA
       02:CE8C  A9 95             LDA  #LOW (.tbl00266 )
       02:CE8E  85 56             STA  <SRC_ADR
       02:CE90  A9 CE             LDA  #HIGH (.tbl00266 )
       02:CE92  4C 12 ED          jmp  DRAW_STRING_SUB
       02:CE95            .tbl00266:
       02:CE95  20 43 4C      db  " CLEAR",0
       02:CE98  45 41 52  
       02:CE9B  00        
       02:CE9C            .end00266:
   55                     
   56  02:CE9C  AD 1F 01          lda  PLY_CONTINUE
   57  02:CE9F  D0 5D             bne  .cotinue_skip
   58                     
   59                             ; ノーコンティニューボーナス
   60                             SET_VRAM_ADD2   #$2000 + 32*12 + 8
       02:CEA1  A9 21             lda #HIGH (#$2000 + 32*12 + 8)
       02:CEA3  8D 06 20      sta $2006
       02:CEA6  A9 88             lda #LOW  (#$2000 + 32*12 + 8)
       02:CEA8  8D 06 20          sta $2006
   61  02:CEAB  A9 7F             lda  #$7F       ; 自機アイコン
   62  02:CEAD  8D 07 20      sta  $2007
   63                     
   64  02:CEB0  AD 1E 01          lda  PLY_LIFE
   65  02:CEB3  20 FD ED          jsr  convBCD
   66  02:CEB6  85 70             sta  <GM_TMP0
   67  02:CEB8  20 38 ED          jsr  DRAW_HEX_BYTE
   68                     
   69                             DRAW_STRING2    " BONUS "
       02:CEBB  A9 CE             LDA  #HIGH (.end00268 -1)
       02:CEBD  48                PHA
       02:CEBE  A9 D1             LDA  #LOW (.end00268 -1)
       02:CEC0  48                PHA
       02:CEC1  A9 CA             LDA  #LOW (.tbl00268 )
       02:CEC3  85 56             STA  <SRC_ADR
       02:CEC5  A9 CE             LDA  #HIGH (.tbl00268 )
       02:CEC7  4C 12 ED          jmp  DRAW_STRING_SUB
       02:CECA            .tbl00268:
       02:CECA  20 42 4F      db  " BONUS ",0
       02:CECD  4E 55 53  
       02:CED0  20 00     
       02:CED2            .end00268:
   70                     
   71                     
   72                     ;       LDA    #ST_OVER
   73                     ;       jmp     SET_STG_COD             ; =jsr+rts
   74                     
   75                     
   76  02:CED2  A5 70             lda  <GM_TMP0
   77  02:CED4  C9 0F             cmp  #$0F
   78  02:CED6  B0 0B             bcs  .dsp10ov
   79  02:CED8  A0 00             ldy  #0
   80  02:CEDA  8C 07 20      sty  $2007
   81  02:CEDD  20 41 ED          jsr      DRAW_HEX_BYTE2
   82  02:CEE0  4C E6 CE          jmp  .dsp000
   83  02:CEE3            .dsp10ov
   84  02:CEE3  20 38 ED          jsr  DRAW_HEX_BYTE
   85  02:CEE6            .dsp000
   86                             DRAW_STRING2    "000"
       02:CEE6  A9 CE             LDA  #HIGH (.end00269 -1)
       02:CEE8  48                PHA
       02:CEE9  A9 F8             LDA  #LOW (.end00269 -1)
       02:CEEB  48                PHA
       02:CEEC  A9 F5             LDA  #LOW (.tbl00269 )
       02:CEEE  85 56             STA  <SRC_ADR
       02:CEF0  A9 CE             LDA  #HIGH (.tbl00269 )
       02:CEF2  4C 12 ED          jmp  DRAW_STRING_SUB
       02:CEF5            .tbl00269:
       02:CEF5  30 30 30      db  "000",0
       02:CEF8  00        
       02:CEF9            .end00269:
   87                     
   88  02:CEF9  A5 70             lda  <GM_TMP0
   89  02:CEFB  20 A7 D5          jsr  SCR_ADD_100
   90                     
   91                     
   92                     
   93                     
   94  02:CEFE            .cotinue_skip
   95                             SET_VRAM_ADD2   #$2000 + 32*15 + 9
       02:CEFE  A9 21             lda #HIGH (#$2000 + 32*15 + 9)
       02:CF00  8D 06 20      sta $2006
       02:CF03  A9 E9             lda #LOW  (#$2000 + 32*15 + 9)
       02:CF05  8D 06 20          sta $2006
   96  02:CF08  20 FB E8          jsr  STR_CLEAR_2
   97  02:CF0B  20 12 E9          jsr  DRAW_SCORE
   98                     
   99                     
  100                     
  101  02:CF0E  20 BC E8          jsr  CHK_HISCORE
  102                     
  103  02:CF11  20 24 9C          jsr  STOP_SE
  104                     
  105  02:CF14  A9 03             lda  #BGM_CLEAR
  106  02:CF16  20 27 9C          jsr  PLAY_BGM
  107                     
  108                             
  109  02:CF19  A9 00             lda  #0
  110  02:CF1B  85 E2             sta <BG_SCR_Y
  111  02:CF1D  85 D4             sta <BG_SCR_X
  112                     
  113                     
  114                         SET_NMI_CALL CLEAR_DRAW             ; NMI描画処理登録
       02:CF1F  A9 CF             LDA     #HIGH (CLEAR_DRAW)
       02:CF21  85 EF             STA <NMI_CALL_ADR+1
       02:CF23  A9 7D             LDA     #LOW  (CLEAR_DRAW)
       02:CF25  85 EE             STA <NMI_CALL_ADR
       02:CF27  A9 01             LDA     #BANK (CLEAR_DRAW) /2
       02:CF29  85 ED             STA <NMI_CALL_BNK
  115                     
  116  02:CF2B  E6 E9             INC     <STG_COD_SUB
  117                     
  118                             DISP_ON
       02:CF2D  20 48 EE          jsr  _disp_on_sub
  119                     
  120  02:CF30  20 5B EA          jsr SET_FADE_IN_B
  121                     
  122  02:CF33  A9 25             LDA     #5*60/8
  123  02:CF35  85 B2             STA     <GM_WAIT
  124  02:CF37  60                RTS
  125                     
  126  02:CF38            .clearstg10:
  127  02:CF38  20 BC EC          jsr  SLOW_DEC_GM_WAIT
  128  02:CF3B  D0 06             BNE     .end
  129                     
  130  02:CF3D  A9 87             lda  #18*60/8
  131  02:CF3F  85 B2             sta  <GM_WAIT
  132  02:CF41  E6 E9             inc  <STG_COD_SUB
  133  02:CF43            .end
  134  02:CF43  60                RTS
  135                     
  136  02:CF44            .clearstg20:
  137  02:CF44  20 BC EC          jsr  SLOW_DEC_GM_WAIT
  138  02:CF47  F0 06             beq  .clearstg00_2
  139                     
  140                             CHK_BIT <KEY_TRG, #KEY_A|KEY_B|KEY_RUN
       02:CF49  A5 C3             LDA     <KEY_TRG
       02:CF4B  29 D0             AND     #KEY_A|KEY_B|KEY_RUN
  141  02:CF4D  F0 F4         beq    .end
  142                     
  143  02:CF4F            .clearstg00_2:
  144  02:CF4F  20 57 9C          jsr  STOP_BGM
  145                     
  146  02:CF52  A9 06             lda  #SE_CUR_ENT
  147  02:CF54  20 2D 9C          jsr  PLAY_SE
  148                             
  149  02:CF57  A9 0F             lda  #2*60/8
  150  02:CF59  85 B2             sta  <GM_WAIT
  151  02:CF5B  E6 E9             inc  <STG_COD_SUB
  152  02:CF5D  60                rts
  153                     
  154  02:CF5E            .clearstg30:
  155  02:CF5E  20 BC EC          jsr  SLOW_DEC_GM_WAIT
  156  02:CF61  D0 E0             bne  .end
  157                     
  158                             
  159  02:CF63  A9 03             lda  #STAGE_MAX
  160  02:CF65  CD 21 01          cmp  PLY_STAGE
  161  02:CF68  D0 03             bne  .next
  162                             ; ソフトリセット
  163  02:CF6A  4C 8B EE          jmp  INIT
  164                     
  165  02:CF6D            .next
  166                             ; 次のステージへ
  167  02:CF6D  EE 21 01          INC     PLY_STAGE
  168  02:CF70  A9 05             LDA    #ST_MAIN
  169  02:CF72            .set_stg_cod:
  170  02:CF72  48                pha
  171  02:CF73  20 63 EA          jsr SET_FADE_OUT_B
  172  02:CF76  20 88 EA          jsr WAIT_FADE_END
  173  02:CF79  68                pla
  174  02:CF7A  4C 8A EC          jmp     SET_STG_COD             ; =jsr+rts
  175                     
  176                     
  177                     
  178                     
  179                     
  180                     ;=================================
  181                     ;VBLANK 描画
  182                     ;=================================
  183  02:CF7D            CLEAR_DRAW:
  184  02:CF7D  A5 E9             LDA   <STG_COD_SUB
  185                             TBL_JUMP
       02:CF7F  0A                ASL     A
       02:CF80  86 F0             stx  <TMP_SYS
       02:CF82  AA                TAX
       02:CF83  BD 8F CF          LDA     .tbl00274+1,X
       02:CF86  48                PHA
       02:CF87  BD 8E CF          LDA     .tbl00274+0,X
       02:CF8A  A6 F0             ldx  <TMP_SYS
       02:CF8C  48                PHA
       02:CF8D  60                RTS
       02:CF8E            .tbl00274:
  186                             JPTBL   JMP_RTS         ; 0
       02:CF8E  8B E9             DW      JMP_RTS -1
  187                             JPTBL   .CLEAR_D2       ; 1
       02:CF90  B2 CF             DW      .CLEAR_D2 -1
  188                             JPTBL   .CLEAR_D1       ; 2
       02:CF92  A5 CF             DW      .CLEAR_D1 -1
  189                             JPTBL   .CLEAR_D3       ; 3
       02:CF94  95 CF             DW      .CLEAR_D3 -1
  190                     
  191  02:CF96            .CLEAR_D3
  192                             SET_VRAM_ADD2   #$2000 + 32*18 + 8
       02:CF96  A9 22             lda #HIGH (#$2000 + 32*18 + 8)
       02:CF98  8D 06 20      sta $2006
       02:CF9B  A9 48             lda #LOW  (#$2000 + 32*18 + 8)
       02:CF9D  8D 06 20          sta $2006
  193  02:CFA0  20 3B E9          jsr DRAW_PUSH_ANY_BUTTON_C
  194  02:CFA3  4C B3 CF          jmp  .CLEAR_D2
  195                     
  196  02:CFA6            .CLEAR_D1
  197                             SET_VRAM_ADD2   #$2000 + 32*18 + 8
       02:CFA6  A9 22             lda #HIGH (#$2000 + 32*18 + 8)
       02:CFA8  8D 06 20      sta $2006
       02:CFAB  A9 48             lda #LOW  (#$2000 + 32*18 + 8)
       02:CFAD  8D 06 20          sta $2006
  198  02:CFB0  20 29 E9          jsr  DRAW_PUSH_ANY_BUTTON
  199                     
  200  02:CFB3            .CLEAR_D2
  201  02:CFB3  A5 53             LDA     <TMP_DISP2
  202  02:CFB5  F0 1E             BEQ     .clrd2_01
  203                     
  204                     ;       SET_VRAM_ADD2   #$2000 + 32*24 + 7
  205                             SET_VRAM_ADD2   #$2000 + 32*15 + 6
       02:CFB7  A9 21             lda #HIGH (#$2000 + 32*15 + 6)
       02:CFB9  8D 06 20      sta $2006
       02:CFBC  A9 E6             lda #LOW  (#$2000 + 32*15 + 6)
       02:CFBE  8D 06 20          sta $2006
  206  02:CFC1  A2 00             ldx     #0
  207  02:CFC3  A0 00             ldy     #0
  208  02:CFC5  A5 E7             LDA     <FLM_TIMER
  209  02:CFC7  29 04             AND     #$04
  210  02:CFC9  F0 04             BEQ     .clrd2_00
  211                     
  212  02:CFCB  A2 48             ldx     #'H'
  213  02:CFCD  A0 49             ldy     #'I'
  214  02:CFCF            .clrd2_00:
  215  02:CFCF  8E 07 20          stx      $2007
  216  02:CFD2  8C 07 20          sty      $2007
  217  02:CFD5            .clrd2_01:
  218                     
  219  02:CFD5  60                RTS
  220                     
  221                     
  222                     
#[1]   PG_main.asm
#[2]   AplOver.asm
   53                             .INCLUDE        "AplOver.asm"
    1                     
    2                             ;======== GAME OVER BG =============
    3                     
    4                     
    5                     ;============================================
    6                     ; ゲームオーバー
    7                     ;============================================
    8  02:CFD6            OVER_STG:
    9                     ;.ovrstg000:
   10  02:CFD6  20 20 D0          jsr .tbljump_sub
   11                     
   12                             ; スプライト制御
   13  02:CFD9  A0 00             ldy #0*4        ; スプライト開始位置
   14                     
   15  02:CFDB  A5 77             LDA     <PUSH_CTR
   16  02:CFDD  29 10             AND     #$10
   17  02:CFDF  F0 30             BEQ     .draw_p00
   18                     
   19  02:CFE1  A6 70             ldx  <GM_TMP0
   20  02:CFE3  BD 1C D0          lda  .tblCurPosX,x
   21  02:CFE6  99 03 07          sta  OBJ_BUF +3,y       ; x
   22  02:CFE9  18                clc
   23  02:CFEA  69 08             adc  #8
   24  02:CFEC  99 07 07          sta  OBJ_BUF +4 +3,y    ; x
   25                     
   26  02:CFEF  BD 1E D0          lda  .tblCurPosY,x
   27  02:CFF2  99 00 07          sta  OBJ_BUF,y          ; y
   28  02:CFF5  99 04 07          sta  OBJ_BUF +4,y               ; y
   29                     
   30  02:CFF8  A9 45             lda  #$45
   31  02:CFFA  99 01 07          sta OBJ_BUF +1,y        ; pat
   32  02:CFFD  A9 47             lda  #$47
   33  02:CFFF  99 05 07          sta OBJ_BUF +4 +1,y     ; pat
   34                     
   35  02:D002  A9 03             lda #$03
   36  02:D004  99 02 07          sta OBJ_BUF +2,y        ; pal
   37  02:D007  A9 03             lda #$03
   38  02:D009  99 06 07          sta OBJ_BUF +4 +2,y     ; pal
   39                     
   40  02:D00C  98                tya
   41  02:D00D  18                clc
   42  02:D00E  69 08             adc  #8
   43  02:D010  A8                tay
   44                     
   45  02:D011            .draw_p00
   46                             
   47                             
   48                             
   49                             ; BG流星表示
   50  02:D011  A5 E7             lda  <FLM_TIMER
   51                     ;       asl  a
   52                     ;       eor  #$FF
   53  02:D013  AA                tax
   54  02:D014  A9 20             lda  #32
   55  02:D016  20 B4 E7          jsr  createBgStarObj2
   56                             
   57                     ;       jsr  SPT_BNK2_ANIME
   58                             ; 余ったスプライトを非表示にする
   59  02:D019  4C 02 ED          jmp  clearObj
   60                     ;       rts
   61                     
   62                     
   63  02:D01C            .tblCurPosX:
   64  02:D01C  64 64             db 8*13-4, 8*13-4
   65                     
   66  02:D01E            .tblCurPosY:
   67  02:D01E  7C 8C             db 8*16-4, 8*18-4
   68                     
   69  02:D020            .tbljump_sub
   70  02:D020  A5 E9             LDA   <STG_COD_SUB
   71                             TBL_JUMP
       02:D022  0A                ASL     A
       02:D023  86 F0             stx  <TMP_SYS
       02:D025  AA                TAX
       02:D026  BD 32 D0          LDA     .tbl00282+1,X
       02:D029  48                PHA
       02:D02A  BD 31 D0          LDA     .tbl00282+0,X
       02:D02D  A6 F0             ldx  <TMP_SYS
       02:D02F  48                PHA
       02:D030  60                RTS
       02:D031            .tbl00282:
   72                             JPTBL   overstg00       ; 0
       02:D031  38 D0             DW      overstg00 -1
   73                             JPTBL   overstg10       ; 1
       02:D033  AE D0             DW      overstg10 -1
   74                             JPTBL   overstg20       ; 2
       02:D035  BA D0             DW      overstg20 -1
   75                             JPTBL   overstg30       ; 3
       02:D037  FA D0             DW      overstg30 -1
   76                     
   77                     ;---- 初期化 ------------------------
   78  02:D039            overstg00:
   79                     
   80  02:D039  20 24 9C          jsr STOP_SE
   81  02:D03C  A9 00             lda     #0
   82  02:D03E  8D 15 40          sta      $4015
   83  02:D041  A9 0F             lda     #%00001111
   84  02:D043  8D 15 40          sta      $4015
   85                     
   86  02:D046  E6 E3             inc  <NMI_FLG
   87  02:D048  A9 00             lda  #0
   88  02:D04A  8D 00 20          sta  $2000
   89  02:D04D  8D 01 20          sta  $2001
   90  02:D050  78                sei
   91  02:D051  20 77 E8          jsr  initSelDisp
   92                     
   93                     
   94                     
   95                             SET_VRAM_ADD2   #$2000 + 32*6 + 11
       02:D054  A9 20             lda #HIGH (#$2000 + 32*6 + 11)
       02:D056  8D 06 20      sta $2006
       02:D059  A9 CB             lda #LOW  (#$2000 + 32*6 + 11)
       02:D05B  8D 06 20          sta $2006
   96                             DRAW_STRING2 "GAME OVER"
       02:D05E  A9 D0             LDA  #HIGH (.end00288 -1)
       02:D060  48                PHA
       02:D061  A9 76             LDA  #LOW (.end00288 -1)
       02:D063  48                PHA
       02:D064  A9 6D             LDA  #LOW (.tbl00288 )
       02:D066  85 56             STA  <SRC_ADR
       02:D068  A9 D0             LDA  #HIGH (.tbl00288 )
       02:D06A  4C 12 ED          jmp  DRAW_STRING_SUB
       02:D06D            .tbl00288:
       02:D06D  47 41 4D      db  "GAME OVER",0
       02:D070  45 20 4F  
       02:D073  56 45 52  
       02:D076  00        
       02:D077            .end00288:
   97                     
   98                             SET_VRAM_ADD2   #$2000 + 32*9 + 9
       02:D077  A9 21             lda #HIGH (#$2000 + 32*9 + 9)
       02:D079  8D 06 20      sta $2006
       02:D07C  A9 29             lda #LOW  (#$2000 + 32*9 + 9)
       02:D07E  8D 06 20          sta $2006
   99  02:D081  20 FB E8          jsr  STR_CLEAR_2
  100  02:D084  20 12 E9          jsr  DRAW_SCORE
  101                     
  102                     
  103  02:D087  A9 04             lda  #BGM_OVER
  104  02:D089  20 27 9C          jsr  PLAY_BGM
  105                     
  106                     
  107  02:D08C  20 BC E8          jsr  CHK_HISCORE
  108                     
  109                         SET_NMI_CALL OVER_DRAW              ; NMI描画処理登録
       02:D08F  A9 D1             LDA     #HIGH (OVER_DRAW)
       02:D091  85 EF             STA <NMI_CALL_ADR+1
       02:D093  A9 2D             LDA     #LOW  (OVER_DRAW)
       02:D095  85 EE             STA <NMI_CALL_ADR
       02:D097  A9 01             LDA     #BANK (OVER_DRAW) /2
       02:D099  85 ED             STA <NMI_CALL_BNK
  110  02:D09B  E6 E9             inc  <STG_COD_SUB
  111                     
  112  02:D09D  A5 E0             lda  <FLG_2000
  113  02:D09F  8D 00 20          sta      $2000                          ; このタイミングでNMI発生
  114                             DISP_ON
       02:D0A2  20 48 EE          jsr  _disp_on_sub
  115  02:D0A5  20 5B EA          jsr SET_FADE_IN_B
  116                     
  117                     
  118  02:D0A8  A9 16             lda  #3*60/8
  119  02:D0AA  85 B2             sta  <GM_WAIT
  120  02:D0AC  4C 88 EA          jmp  WAIT_FADE_END
  121                     
  122                     
  123  02:D0AF            overstg10:
  124  02:D0AF  20 BC EC          jsr  SLOW_DEC_GM_WAIT
  125  02:D0B2  D0 06         bne  .end
  126                     
  127                     ;       DEBUG_HALT
  128  02:D0B4  E6 E9             inc  <STG_COD_SUB
  129  02:D0B6  A9 87             lda  #18*60/8
  130  02:D0B8  85 B2             sta  <GM_WAIT
  131  02:D0BA            .end
  132  02:D0BA  60                rts
  133                     
  134  02:D0BB            overstg20:
  135  02:D0BB  E6 77             inc  <PUSH_CTR
  136                     
  137                             CHK_BIT <KEY_TRG, #KEY_UP|KEY_DOWN
       02:D0BD  A5 C3             LDA     <KEY_TRG
       02:D0BF  29 0C             AND     #KEY_UP|KEY_DOWN
  138  02:D0C1  F0 0D             beq  .TIT_STG_12_00
  139                     
  140  02:D0C3  A9 05             lda  #SE_CUR_SEL
  141  02:D0C5  20 2D 9C          jsr  PLAY_SE
  142  02:D0C8  E6 70             inc  <GM_TMP0
  143  02:D0CA  A5 70             lda  <GM_TMP0
  144  02:D0CC  29 01             and  #$01
  145  02:D0CE  85 70             sta  <GM_TMP0
  146                     
  147  02:D0D0            .TIT_STG_12_00
  148  02:D0D0  20 BC EC          jsr  SLOW_DEC_GM_WAIT
  149  02:D0D3  F0 07         beq  .overstg20_01          ; 時間切れ
  150                     
  151                             CHK_BIT <KEY_TRG, #KEY_A|KEY_B|KEY_RUN
       02:D0D5  A5 C3             LDA     <KEY_TRG
       02:D0D7  29 D0             AND     #KEY_A|KEY_B|KEY_RUN
  152  02:D0D9  D0 05         bne  .overstg20_00
  153  02:D0DB  60                rts
  154                     
  155  02:D0DC            .overstg20_01:
  156  02:D0DC  A9 01             lda  #1
  157  02:D0DE  85 70             sta  <GM_TMP0
  158                     
  159  02:D0E0            .overstg20_00:
  160  02:D0E0  A9 06             lda  #SE_CUR_ENT
  161  02:D0E2  20 2D 9C          jsr  PLAY_SE
  162  02:D0E5  A5 70             lda  <GM_TMP0
  163  02:D0E7  D0 07             bne  .continue_no
  164                     
  165  02:D0E9  E6 E9             inc  <STG_COD_SUB
  166  02:D0EB  A9 B4             lda  #3*60
  167  02:D0ED  85 B2             sta  <GM_WAIT
  168  02:D0EF  60                rts
  169                     
  170                             ;----------------------------------
  171                             ; コンティニューNO
  172                             ;----------------------------------
  173  02:D0F0            .continue_no:
  174  02:D0F0  20 63 EA          jsr SET_FADE_OUT_B
  175  02:D0F3  20 88 EA          jsr WAIT_FADE_END
  176  02:D0F6  A9 02             lda  #ST_TITLE
  177  02:D0F8  4C 8A EC          jmp     SET_STG_COD             ; =jsr+rts
  178                             
  179                     
  180  02:D0FB            overstg30:
  181  02:D0FB  A5 77             lda  <PUSH_CTR
  182  02:D0FD  18                clc
  183  02:D0FE  69 08             adc  #8
  184  02:D100  85 77             sta  <PUSH_CTR
  185                     
  186  02:D102  C6 B2             dec  <GM_WAIT
  187  02:D104  F0 07         beq  .overstg30_job
  188                     
  189  02:D106  A9 78             lda  #2*60
  190  02:D108  C5 B2             cmp  <GM_WAIT
  191  02:D10A  D0 00             bne  .end
  192                     
  193  02:D10C            .end
  194  02:D10C  60                rts
  195  02:D10D            .overstg30_job
  196                     
  197                             ; コンティニュー
  198  02:D10D  20 63 EA          jsr SET_FADE_OUT_B
  199  02:D110  20 88 EA          jsr WAIT_FADE_END
  200                     
  201  02:D113  A9 00             lda  #0
  202  02:D115  8D 10 01          sta  GM_SCORE+0
  203  02:D118  8D 11 01          sta  GM_SCORE+1
  204  02:D11B  8D 12 01          sta  GM_SCORE+2
  205                     
  206  02:D11E  AD 1F 01          lda  PLY_CONTINUE
  207  02:D121  C9 19             cmp  #COTI_MAX_LIFE
  208  02:D123  F0 03             beq  .skip_conti_inc
  209  02:D125  EE 1F 01          inc  PLY_CONTINUE
  210  02:D128            .skip_conti_inc
  211                     
  212           0000       .if 0
  219                      .endif
  220                     
  221  02:D128  A9 05             lda  #ST_MAIN
  222  02:D12A  4C 8A EC          jmp     SET_STG_COD             ; =jsr+rts
  223                     
  224                     
  225                     
  226                     
  227                     
  228                     ;=================================
  229                     ; ゲームオーバー
  230                     ;=================================
  231                     
  232                     
  233                     
  234                     ;=================================
  235                     ;VBLANK 描画
  236                     ;=================================
  237  02:D12D            OVER_DRAW:
  238  02:D12D  A5 E9             LDA   <STG_COD_SUB
  239                             TBL_JUMP
       02:D12F  0A                ASL     A
       02:D130  86 F0             stx  <TMP_SYS
       02:D132  AA                TAX
       02:D133  BD 3F D1          LDA     .tbl00294+1,X
       02:D136  48                PHA
       02:D137  BD 3E D1          LDA     .tbl00294+0,X
       02:D13A  A6 F0             ldx  <TMP_SYS
       02:D13C  48                PHA
       02:D13D  60                RTS
       02:D13E            .tbl00294:
  240                             JPTBL   JMP_RTS         ; 0
       02:D13E  8B E9             DW      JMP_RTS -1
  241                             JPTBL   .OVER_D2        ; 1
       02:D140  AB D1             DW      .OVER_D2 -1
  242                             JPTBL   .OVER_D1        ; 2
       02:D142  45 D1             DW      .OVER_D1 -1
  243                             JPTBL   .OVER_D2        ; 3
       02:D144  AB D1             DW      .OVER_D2 -1
  244                     
  245  02:D146            .OVER_D1
  246                     ;       SET_VRAM_ADD2   #$2000 + 32*18 + 8
  247                     ;       jsr  .DRAW_PUSH_ANY_BUTTON
  248                     
  249                             SET_VRAM_ADD2   #$2000 + 32*14 + 12
       02:D146  A9 21             lda #HIGH (#$2000 + 32*14 + 12)
       02:D148  8D 06 20      sta $2006
       02:D14B  A9 CC             lda #LOW  (#$2000 + 32*14 + 12)
       02:D14D  8D 06 20          sta $2006
  250                             DRAW_STRING2 "CONTINUE"
       02:D150  A9 D1             LDA  #HIGH (.end00300 -1)
       02:D152  48                PHA
       02:D153  A9 67             LDA  #LOW (.end00300 -1)
       02:D155  48                PHA
       02:D156  A9 5F             LDA  #LOW (.tbl00300 )
       02:D158  85 56             STA  <SRC_ADR
       02:D15A  A9 D1             LDA  #HIGH (.tbl00300 )
       02:D15C  4C 12 ED          jmp  DRAW_STRING_SUB
       02:D15F            .tbl00300:
       02:D15F  43 4F 4E      db  "CONTINUE",0
       02:D162  54 49 4E  
       02:D165  55 45 00  
       02:D168            .end00300:
  251                     
  252                             SET_VRAM_ADD2   #$2000 + 32*16 + 12
       02:D168  A9 22             lda #HIGH (#$2000 + 32*16 + 12)
       02:D16A  8D 06 20      sta $2006
       02:D16D  A9 0C             lda #LOW  (#$2000 + 32*16 + 12)
       02:D16F  8D 06 20          sta $2006
  253                             DRAW_STRING2 "   YES  "
       02:D172  A9 D1             LDA  #HIGH (.end00302 -1)
       02:D174  48                PHA
       02:D175  A9 89             LDA  #LOW (.end00302 -1)
       02:D177  48                PHA
       02:D178  A9 81             LDA  #LOW (.tbl00302 )
       02:D17A  85 56             STA  <SRC_ADR
       02:D17C  A9 D1             LDA  #HIGH (.tbl00302 )
       02:D17E  4C 12 ED          jmp  DRAW_STRING_SUB
       02:D181            .tbl00302:
       02:D181  20 20 20      db  "   YES  ",0
       02:D184  59 45 53  
       02:D187  20 20 00  
       02:D18A            .end00302:
  254                             SET_VRAM_ADD2   #$2000 + 32*18 + 12
       02:D18A  A9 22             lda #HIGH (#$2000 + 32*18 + 12)
       02:D18C  8D 06 20      sta $2006
       02:D18F  A9 4C             lda #LOW  (#$2000 + 32*18 + 12)
       02:D191  8D 06 20          sta $2006
  255                             DRAW_STRING2 "   NO   "
       02:D194  A9 D1             LDA  #HIGH (.end00304 -1)
       02:D196  48                PHA
       02:D197  A9 AB             LDA  #LOW (.end00304 -1)
       02:D199  48                PHA
       02:D19A  A9 A3             LDA  #LOW (.tbl00304 )
       02:D19C  85 56             STA  <SRC_ADR
       02:D19E  A9 D1             LDA  #HIGH (.tbl00304 )
       02:D1A0  4C 12 ED          jmp  DRAW_STRING_SUB
       02:D1A3            .tbl00304:
       02:D1A3  20 20 20      db  "   NO   ",0
       02:D1A6  4E 4F 20  
       02:D1A9  20 20 00  
       02:D1AC            .end00304:
  256                             
  257  02:D1AC            .OVER_D2
  258                     
  259  02:D1AC  AD 53 00          lda  TMP_DISP2
  260  02:D1AF  F0 23             beq  .clrd2_01
  261                     
  262                             SET_VRAM_ADD2   #$2000 + 32*9 + 6
       02:D1B1  A9 21             lda #HIGH (#$2000 + 32*9 + 6)
       02:D1B3  8D 06 20      sta $2006
       02:D1B6  A9 26             lda #LOW  (#$2000 + 32*9 + 6)
       02:D1B8  8D 06 20          sta $2006
  263  02:D1BB  A5 E5             lda  <SYS_TIMER
  264  02:D1BD  29 04             and  #$04
  265  02:D1BF  F0 0B             beq  .clrd2_00
  266                             
  267  02:D1C1  A9 48             lda  #'H'
  268  02:D1C3  8D 07 20          sta  $2007
  269  02:D1C6  A9 49             lda  #'I'
  270  02:D1C8  8D 07 20          sta  $2007
  271  02:D1CB  60                rts
  272  02:D1CC            .clrd2_00:
  273  02:D1CC  A9 00             lda  #0
  274  02:D1CE  8D 07 20          sta  $2007
  275  02:D1D1  8D 07 20          sta  $2007
  276  02:D1D4            .clrd2_01:
  277  02:D1D4  60                rts
  278                     
#[1]   PG_main.asm
   54                     
#[2]   AplGameDisp.asm
   55                             .INCLUDE        "AplGameDisp.asm"
    1                     
    2                     
    3                     
    4                     
    5                     ;=====================================
    6                     ;
    7                     ;       各種ワークに従ってゲーム画面を更新する
    8                     ;
    9                     ;
   10                     ;=====================================
   11                     
   12  02:D1D5            updateGameDisp:
   13                             ;--------------------------------
   14                             ; スプライト構築
   15                             ;    y reg にスプライト開始位置をセットして使った枚数x4 y reg を加算する
   16                             ;--------------------------------
   17  02:D1D5  A0 00             ldy  #0*4       ; スプライト開始位置
   18  02:D1D7  84 54             sty  <TMP_COUNT
   19                     
   20  02:D1D9  AD A1 03          lda  MISSON_TYPE
   21  02:D1DC  C9 03             cmp  #MT_EVNT
   22  02:D1DE  F0 24             beq  .skip_00
   23                     
   24  02:D1E0  20 1E D2          jsr  createPlayerObj
   25                     
   26                             ; 敵ノーマル弾表示
   27  02:D1E3  20 B8 D2          jsr createEnemyNTObj
   28                     
   29                     
   30  02:D1E6  A5 54             lda  <TMP_COUNT
   31  02:D1E8  C9 40             cmp  #64
   32  02:D1EA  B0 1E             bcs  .end
   33                     
   34                     ;.skip_test2
   35                     
   36  02:D1EC  A5 54             lda  <TMP_COUNT
   37  02:D1EE  C9 40             cmp  #64
   38  02:D1F0  B0 18             bcs  .end
   39                     
   40                             ; 自機弾表示
   41  02:D1F2  20 B6 D3          jsr  createPlyShotAObj
   42                     
   43  02:D1F5  A5 54             lda  <TMP_COUNT
   44  02:D1F7  C9 40             cmp  #64
   45  02:D1F9  B0 0F             bcs  .end
   46                     
   47                     
   48                             ; 爆発演出表示
   49  02:D1FB  20 60 D2          jsr  createBakuEfcObj
   50                     
   51  02:D1FE  A5 54             lda  <TMP_COUNT
   52  02:D200  C9 40             cmp  #64
   53  02:D202  B0 06             bcs  .end
   54                     
   55  02:D204            .skip_00
   56                             ; BG流星表示
   57  02:D204  20 92 E7          jsr  createBgStarObj
   58                     
   59                             ; 余ったスプライトを非表示にする
   60  02:D207  20 02 ED          jsr  clearObj
   61                     
   62  02:D20A            .end
   63  02:D20A  60                rts
   64                     
   65                     ;---------------------------------
   66                     ;               LIFE描画
   67                     ;---------------------------------
   68  02:D20B            drawPlyLife:
   69                             SET_VRAM_ADD2 #$2000 + 32*28 + 19
       02:D20B  A9 23             lda #HIGH (#$2000 + 32*28 + 19)
       02:D20D  8D 06 20      sta $2006
       02:D210  A9 93             lda #LOW  (#$2000 + 32*28 + 19)
       02:D212  8D 06 20          sta $2006
   70                     
   71  02:D215  AD 1E 01          lda  PLY_LIFE
   72  02:D218  20 FD ED          jsr  convBCD
   73  02:D21B  4C 38 ED          jmp  DRAW_HEX_BYTE
   74                     
   75                     
   76                     ;-----------------------------------
   77                     ; 自機キャラスプライトを構築
   78                     ; y reg = スプライトの開始位置
   79                     ;-----------------------------------
   80  02:D21E            createPlayerObj:
   81  02:D21E  AD B5 03          lda  PLY_DISP_FG
   82  02:D221  D0 3C             bne  .end
   83                     
   84  02:D223  AD B6 03          lda  PLY_MUTEKI_TM
   85  02:D226  29 02             and  #$02
   86  02:D228  D0 35             bne  .end
   87                     
   88                             
   89  02:D22A            .loop
   90  02:D22A  AD 20 05          lda  POS_PLY_X
   91                     ;       clc
   92                     ;       adc  #4
   93  02:D22D  99 07 07          sta  OBJ_BUF +4 +3,y    ; x
   94  02:D230  18                clc
   95  02:D231  69 F8             adc  #-8
   96  02:D233  99 03 07          sta  OBJ_BUF +3,y       ; x
   97                     
   98  02:D236  AD 21 05          lda  POS_PLY_Y
   99  02:D239  18                clc
  100  02:D23A  69 F8             adc  #-8
  101  02:D23C  99 00 07          sta  OBJ_BUF,y          ; y
  102  02:D23F  99 04 07          sta  OBJ_BUF+4,y                ; y
  103                     
  104  02:D242  A9 41             lda  #$41
  105  02:D244  99 01 07          sta OBJ_BUF +1,y        ; pat
  106  02:D247  A9 43             lda  #$43
  107  02:D249  99 05 07          sta OBJ_BUF +4 +1,y     ; pat
  108                     
  109  02:D24C  A9 03             lda #$03
  110  02:D24E  99 02 07          sta OBJ_BUF +2,y        ; pal
  111  02:D251  A9 03             lda #$03
  112  02:D253  99 06 07          sta OBJ_BUF +4 +2,y     ; pal
  113                     
  114  02:D256  98                tya
  115  02:D257  18                clc
  116  02:D258  69 08             adc  #8
  117  02:D25A  A8                tay
  118  02:D25B  E6 54             inc  <TMP_COUNT
  119  02:D25D  E6 54             inc  <TMP_COUNT
  120                     
  121  02:D25F            .end
  122  02:D25F  60                rts
  123                     
  124                     
  125                     ;-----------------------------------
  126                     ; 爆発演出スプライトを構築
  127                     ; y reg = スプライトの開始位置
  128                     ;-----------------------------------
  129                     
  130  02:D260            createBakuEfcObj:
  131  02:D260  A2 00             ldx #0
  132  02:D262            .cb_loop
  133  02:D262  BD B2 06          lda BAKU_EFC_CNT,x
  134  02:D265  F0 49             beq .cb_next
  135  02:D267  FE B2 06          inc BAKU_EFC_CNT,x
  136                     
  137  02:D26A  C9 10             cmp #16
  138  02:D26C  F0 3D             beq .cb_fin
  139  02:D26E  C9 18             cmp #24
  140  02:D270  F0 39             beq .cb_fin
  141  02:D272  29 FE             and #$FE
  142  02:D274  0A                asl a
  143  02:D275  69 FD             adc #BAKU_EFC_CHR -4
  144                             
  145  02:D277  99 01 07          sta OBJ_BUF +1,y
  146  02:D27A  18                clc
  147  02:D27B  69 02             adc #2
  148  02:D27D  99 05 07          sta OBJ_BUF +4 +1,y
  149                     
  150  02:D280  A9 03             lda #$03                        ;パレット
  151  02:D282  99 02 07          sta OBJ_BUF +2,y
  152  02:D285  99 06 07          sta OBJ_BUF +4 +2,y
  153                     
  154  02:D288  BD B1 06          lda BAKU_EFC_Y,x
  155  02:D28B  18                clc
  156  02:D28C  69 F8             adc  #-8
  157  02:D28E  99 00 07          sta OBJ_BUF,y
  158  02:D291  99 04 07          sta OBJ_BUF +4,y
  159                     
  160  02:D294  BD B0 06          lda BAKU_EFC_X,x
  161                     
  162  02:D297  99 07 07          sta OBJ_BUF +4 +3,y
  163  02:D29A  18                clc
  164  02:D29B  69 F8             adc #-8
  165  02:D29D  99 03 07          sta OBJ_BUF +3,y
  166                     
  167  02:D2A0  E6 54             inc  <TMP_COUNT
  168  02:D2A2  E6 54             inc  <TMP_COUNT
  169  02:D2A4  98                tya
  170  02:D2A5  18                clc
  171  02:D2A6  69 08             adc #8
  172  02:D2A8  A8                tay
  173  02:D2A9  D0 05             bne .cb_next
  174  02:D2AB            .cb_fin
  175  02:D2AB  A9 00             lda #0
  176  02:D2AD  9D B2 06          sta BAKU_EFC_CNT,x
  177                     
  178  02:D2B0            .cb_next
  179  02:D2B0  E8                inx
  180  02:D2B1  E8                inx
  181  02:D2B2  E8                inx
  182  02:D2B3  E0 27             cpx #3*BAKU_EFC_SUU
  183  02:D2B5  D0 AB             bne .cb_loop
  184  02:D2B7  60                rts
  185                     
  186                     
  187                     ;-----------------------------------
  188                     ; 敵ノーマル弾表示
  189                     ; y reg = スプライトの開始位置
  190                     ;-----------------------------------
  191  02:D2B8            createEnemyNTObj:
  192  02:D2B8  A2 00             ldx  #0
  193  02:D2BA  86 8E             stx  <CACHE_GET_NENMY_NT_FG
  194  02:D2BC            .loop
  195  02:D2BC  BD 00 06          lda ENEMY_NT_KIND,x
  196  02:D2BF  F0 67             beq .next
  197                     
  198  02:D2C1  BD 07 06          lda ENEMY_NT_Y+1,x
  199  02:D2C4  C9 D8             cmp  #ENEMY_LINE_SUU
  200  02:D2C6  B0 60             bcs  .next
  201                     
  202  02:D2C8  BD 05 06          lda  ENEMY_NT_X+1,x
  203  02:D2CB  C9 08             cmp  #8
  204  02:D2CD  90 59             bcc  .next
  205  02:D2CF  C9 F8             cmp  #248
  206  02:D2D1  B0 55             bcs  .next
  207                     
  208  02:D2D3  38                sec
  209  02:D2D4  E9 04             sbc #4
  210  02:D2D6  99 03 07          sta OBJ_BUF +3,y
  211                             
  212  02:D2D9  BD 07 06          lda ENEMY_NT_Y+1,x
  213  02:D2DC  18                clc
  214  02:D2DD  69 F8             adc  #-8
  215  02:D2DF  99 00 07          sta OBJ_BUF,y
  216                     
  217  02:D2E2  BD 00 06          lda  ENEMY_NT_KIND,x
  218  02:D2E5  08                php
  219  02:D2E6  20 DC D7          jsr  getEnemyNTcfg2
  220  02:D2E9  28                plp
  221  02:D2EA  10 0D             bpl  .nt00
  222                             ; 16x16表示
  223  02:D2EC  20 32 D3          jsr  .disp16
  224                     
  225  02:D2EF  E6 54             inc  <TMP_COUNT
  226  02:D2F1  C8                iny
  227  02:D2F2  C8                iny
  228  02:D2F3  C8                iny
  229  02:D2F4  C8                iny
  230  02:D2F5  F0 3A             beq .end
  231  02:D2F7  D0 27             bne .nt01
  232                     
  233  02:D2F9            .nt00
  234  02:D2F9  A5 50             lda  <TMP_WRK0
  235  02:D2FB  29 FC             and  #$FC
  236  02:D2FD  D0 09             bne  .nt02
  237                     
  238  02:D2FF  BD 01 06          lda  ENEMY_NT_MP,x
  239  02:D302  20 79 D3          jsr  dirbullet
  240  02:D305  4C 20 D3          jmp .nt01
  241  02:D308            .nt02
  242  02:D308  4A                lsr  a
  243  02:D309  69 51             adc  #$51
  244  02:D30B  99 01 07          sta OBJ_BUF +1,y
  245                     
  246  02:D30E  A5 50             lda  <TMP_WRK0
  247  02:D310  29 03             and  #$03
  248  02:D312  85 45             sta  <TMP_SVX
  249  02:D314  BD 01 06          lda  ENEMY_NT_MP,x
  250  02:D317  29 30             and  #%0011_0000
  251  02:D319  0A                asl  a
  252  02:D31A  0A                asl  a
  253  02:D31B  05 45             ora  <TMP_SVX
  254  02:D31D  99 02 07          sta  OBJ_BUF +2,y
  255                     
  256  02:D320            .nt01
  257  02:D320  E6 54             inc  <TMP_COUNT
  258  02:D322  C8                iny
  259  02:D323  C8                iny
  260  02:D324  C8                iny
  261  02:D325  C8                iny
  262  02:D326  F0 09             beq .end
  263  02:D328            .next
  264  02:D328  8A                txa
  265  02:D329  18                clc
  266  02:D32A  69 08             adc  #ENEMY_NT_SIZE
  267  02:D32C  AA                tax
  268  02:D32D  E0 B0             cpx #ENEMY_NT_SIZE*ENEMY_NT_SUU
  269  02:D32F  D0 8B             bne .loop
  270  02:D331            .end
  271  02:D331  60                rts
  272                     
  273                     
  274  02:D332            .disp16
  275  02:D332  86 45             stx  <TMP_SVX
  276  02:D334  A5 50             lda  <TMP_WRK0
  277  02:D336  29 3C             and  #%11_1100
  278  02:D338  4A                lsr  a
  279  02:D339  AA                tax
  280                     
  281  02:D33A  B9 00 07          lda OBJ_BUF,y
  282  02:D33D  99 04 07          sta OBJ_BUF+4,y
  283                     
  284  02:D340  B9 03 07          lda OBJ_BUF +3,y
  285  02:D343  38                sec
  286  02:D344  E9 04             sbc #4
  287  02:D346  99 03 07          sta OBJ_BUF +3,y
  288  02:D349  18                clc
  289  02:D34A  69 08             adc #8
  290  02:D34C  99 07 07          sta OBJ_BUF+4 +3,y
  291                             
  292  02:D34F  A5 E7             lda  <FLM_TIMER
  293  02:D351  3D 6E D3          and  .tbl_disp16chr+1,x
  294  02:D354  18                clc
  295  02:D355  7D 6D D3          adc  .tbl_disp16chr+0,x
  296  02:D358  99 01 07          sta OBJ_BUF +1,y
  297  02:D35B  69 02             adc  #2
  298  02:D35D  99 05 07          sta OBJ_BUF +4 +1,y
  299                     
  300  02:D360  A5 50             lda  <TMP_WRK0
  301  02:D362  29 03             and  #$03
  302  02:D364  99 02 07          sta OBJ_BUF +2,y
  303  02:D367  99 06 07          sta OBJ_BUF +4 +2,y
  304  02:D36A  A6 45             ldx  <TMP_SVX
  305  02:D36C  60                rts
  306                     
  307  02:D36D            .tbl_disp16chr
  308  02:D36D  81 3C             db  $81,%111100 ; 0
  309  02:D36F  71 0C             db  $71,%1100   ; 1
  310  02:D371  39 00             db  $39,%0000   ; 2
  311  02:D373  3D 00             db  $3D,%0000   ; 3
  312  02:D375  59 00             db  $59,%0000   ; 4
  313  02:D377  5D 00             db  $5D,%0000   ; 5
  314                     
  315  02:D379            dirbullet:
  316  02:D379  86 45             stx  <TMP_SVX
  317  02:D37B  18                clc
  318  02:D37C  69 02             adc  #2
  319  02:D37E  4A                lsr  a
  320  02:D37F  4A                lsr  a
  321  02:D380  29 0F             and  #$0F
  322  02:D382  AA                tax
  323  02:D383  BD 96 D3          lda  .tbl_dirbillet_chr,x
  324  02:D386  99 01 07          sta  OBJ_BUF +1,y
  325                     
  326  02:D389  A5 50             lda  <TMP_WRK0
  327  02:D38B  29 03             and  #$03
  328  02:D38D  1D A6 D3          ora  .tbl_dirbillet_flip,x
  329  02:D390  99 02 07          sta OBJ_BUF +2,y
  330                     
  331  02:D393  A6 45             ldx  <TMP_SVX
  332  02:D395  60                rts
  333                     
  334  02:D396            .tbl_dirbillet_chr
  335  02:D396  49 4B 4D          db  $49,$4B,$4D,$4F
       02:D399  4F        
  336  02:D39A  51 4F 4D          db  $51,$4F,$4D,$4B
       02:D39D  4B        
  337  02:D39E  49 4B 4D          db  $49,$4B,$4D,$4F
       02:D3A1  4F        
  338  02:D3A2  51 4F 4D          db  $51,$4F,$4D,$4B
       02:D3A5  4B        
  339                     
  340  02:D3A6            .tbl_dirbillet_flip
  341  02:D3A6  00 00 00          db  $00,$00,$00,$00
       02:D3A9  00        
  342  02:D3AA  40 40 40          db  $40,$40,$40,$40
       02:D3AD  40        
  343  02:D3AE  C0 C0 C0          db  $C0,$C0,$C0,$C0
       02:D3B1  C0        
  344  02:D3B2  80 80 80          db  $80,$80,$80,$80
       02:D3B5  80        
  345                     
  346                     
  347                     
  348                     ;-----------------------------------
  349                     ; 自機の通常弾表示
  350                     ; y reg = スプライトの開始位置
  351                     ;-----------------------------------
  352  02:D3B6            createPlyShotAObj:
  353                     
  354  02:D3B6  A5 E5             lda  <SYS_TIMER
  355  02:D3B8  29 01             and  #$01
  356  02:D3BA  D0 0C             bne  .revece
  357                     
  358  02:D3BC  A2 00             ldx #0
  359  02:D3BE            .loop
  360  02:D3BE  20 D4 D3          jsr .set_sub
  361  02:D3C1  E8                inx
  362  02:D3C2  E8                inx
  363  02:D3C3  E0 1E             cpx #2*PSHOT_A_SUU
  364  02:D3C5  D0 F7             bne .loop
  365  02:D3C7            .end
  366  02:D3C7  60                rts
  367                     
  368                     
  369  02:D3C8            .revece
  370  02:D3C8  A2 1C             ldx  #2*(PSHOT_A_SUU -1)
  371  02:D3CA            .loop2
  372  02:D3CA  20 D4 D3          jsr .set_sub
  373  02:D3CD  CA                dex
  374  02:D3CE  CA                dex
  375  02:D3CF  E0 FE             cpx #-2
  376  02:D3D1  D0 F7             bne .loop2
  377  02:D3D3  60                rts
  378                     
  379                     
  380  02:D3D4            .set_sub
  381  02:D3D4  BD 23 05          lda PSHOT_A_Y,x
  382  02:D3D7  D0 01             bne .ss00
  383  02:D3D9  60                rts
  384  02:D3DA            .ss00
  385  02:D3DA  18                clc
  386  02:D3DB  69 F8             adc  #-8
  387  02:D3DD  99 00 07          sta OBJ_BUF,y
  388                     
  389  02:D3E0  BD 22 05          lda PSHOT_A_X,x
  390  02:D3E3  38                sec
  391  02:D3E4  E9 04             sbc #4
  392  02:D3E6  99 03 07          sta OBJ_BUF +3,y
  393                     
  394  02:D3E9  A9 03             lda #$03
  395  02:D3EB  85 50             sta  <TMP_WRK0
  396                     
  397  02:D3ED  BD 03 05          lda  PSHOT_DIR,x
  398  02:D3F0  20 79 D3          jsr  dirbullet
  399                     
  400  02:D3F3  E6 54             inc  <TMP_COUNT
  401  02:D3F5  C8                iny
  402  02:D3F6  C8                iny
  403  02:D3F7  C8                iny
  404  02:D3F8  C8                iny
  405  02:D3F9  60                rts
#[1]   PG_main.asm
#[2]   AplGame.asm
   56                             .INCLUDE        "AplGame.asm"           ;ゲーム本体
    1                     
    2                     
    3                     ;=====================================
    4                     ;プレイ画面
    5                     ;=====================================
    6  02:D3FA            APL_GAME:
    7  02:D3FA  A9 00             lda  #0
    8  02:D3FC  85 B4             sta  <ENEMY_FLFG
    9  02:D3FE  85 B5             sta  <ENEMY_NT_FLFG
   10                             
   11  02:D400  20 18 D4          jsr PLY_STG_MAIN
   12                             
   13  02:D403  20 87 D9          jsr updateMission
   14  02:D406  20 58 E0          jsr moveGameObj
   15                     
   16  02:D409  20 D5 D1          jsr  updateGameDisp
   17                     
   18  02:D40C  A5 E8             lda  <STG_COD   ;
   19  02:D40E  C9 05             cmp  #ST_MAIN
   20  02:D410  F0 05             beq  .skip
   21  02:D412  A5 E0             lda  <FLG_2000
   22  02:D414  8D 00 20          sta      $2000                          ; このタイミングでNMI発生
   23  02:D417            .skip
   24  02:D417  60                rts
   25                     
   26                     
   27  02:D418            PLY_STG_MAIN:
   28  02:D418  A5 E9             LDA     <STG_COD_SUB
   29                             TBL_JUMP
       02:D41A  0A                ASL     A
       02:D41B  86 F0             stx  <TMP_SYS
       02:D41D  AA                TAX
       02:D41E  BD 2A D4          LDA     .tbl00307+1,X
       02:D421  48                PHA
       02:D422  BD 29 D4          LDA     .tbl00307+0,X
       02:D425  A6 F0             ldx  <TMP_SYS
       02:D427  48                PHA
       02:D428  60                RTS
       02:D429            .tbl00307:
   30                             JPTBL   PLY_STG_0       ; 0
       02:D429  32 D4             DW      PLY_STG_0 -1
   31                             JPTBL   PLY_STG_1       ; 1
       02:D42B  69 D4             DW      PLY_STG_1 -1
   32                             JPTBL   PLY_STG_2       ; 2     オーバー演出
       02:D42D  91 D4             DW      PLY_STG_2 -1
   33                             JPTBL   PLY_STG_3       ; 3     クリアー演出
       02:D42F  AF D4             DW      PLY_STG_3 -1
   34                             JPTBL   PLY_STG_4       ; 4     PAUSE
       02:D431  C0 D4             DW      PLY_STG_4 -1
   35                     
   36                     ;****** INIT ************
   37  02:D433            PLY_STG_0:
   38                             DISP_OFF
       02:D433  20 54 EE          jsr  _disp_off_sub
   39                     ;       INC     <NMI_FLG
   40                     
   41                     
   42  02:D436  A2 2E             ldx  #low( CLEAR_300W_TOP )
   43  02:D438  A9 00             lda  #0
   44  02:D43A            .loop
   45  02:D43A  9D 00 03          sta  $300,x
   46  02:D43D  E8                inx
   47  02:D43E  D0 FA             bne  .loop
   48                     
   49  02:D440  A9 38             lda  #GAME_DEMO_TM
   50  02:D442  85 B8             sta  <DEMO_TIMER
   51                     
   52                     
   53                     
   54  02:D444  20 6F D8          jsr  PLY_LIFE_SET               ; ライフ初期化
   55                     
   56  02:D447  20 D5 E6          jsr  initGameDisp
   57                     
   58  02:D44A  20 89 E7          jsr  initGameBgStarObj
   59                     
   60                             
   61  02:D44D  20 F5 D8          jsr initMission
   62                     
   63                     
   64  02:D450  A9 00             lda  #PLY_AN_WAIT
   65  02:D452  20 92 D6          jsr  SET_PLY_ANM
   66                     
   67                         SET_NMI_CALL PLY_DRAW_S             ; NMI描画処理登録
       02:D455  A9 D4             LDA     #HIGH (PLY_DRAW_S)
       02:D457  85 EF             STA <NMI_CALL_ADR+1
       02:D459  A9 EF             LDA     #LOW  (PLY_DRAW_S)
       02:D45B  85 EE             STA <NMI_CALL_ADR
       02:D45D  A9 01             LDA     #BANK (PLY_DRAW_S) /2
       02:D45F  85 ED             STA <NMI_CALL_BNK
   68                             
   69  02:D461  E6 E9             inc  <STG_COD_SUB
   70                             DISP_ON
       02:D463  20 48 EE          jsr  _disp_on_sub
   71  02:D466  20 5B EA          jsr SET_FADE_IN_B
   72                     
   73  02:D469  60                RTS
   74                     
   75                     ;****** MAIN ***********
   76  02:D46A            PLY_STG_1:
   77                     
   78  02:D46A            .plydm_10:
   79                     
   80  02:D46A  AD B3 03          lda  PLY_ANM_NO
   81  02:D46D  C9 04             cmp  #PLY_AN_DEAD
   82  02:D46F  D0 11             bne  .plydm_20
   83                             
   84  02:D471  20 62 D6          jsr  PLY_MOVE
   85                     
   86  02:D474  A9 B4             lda  #180
   87  02:D476  85 B2             sta  <GM_WAIT
   88                             
   89  02:D478  A9 0A             lda  #SE_PLY_DEAD
   90  02:D47A  20 2D 9C          jsr  PLAY_SE
   91  02:D47D  A9 02             lda #2
   92  02:D47F  85 E9             sta <STG_COD_SUB
   93  02:D481  60                rts
   94                             
   95  02:D482            .plydm_20:
   96  02:D482  AD A1 03          lda MISSON_TYPE
   97  02:D485  C9 FF             cmp #$FF
   98  02:D487  D0 08             bne .plydm_11
   99                     
  100                             ; クリアー画面へ
  101                     ;       lda  #BGM_GAME_CLEAR
  102                     ;       jsr  PLAY_SE
  103  02:D489  20 57 9C          jsr  STOP_BGM
  104  02:D48C  A9 03             lda #3
  105  02:D48E  85 E9             sta <STG_COD_SUB
  106  02:D490  60                rts
  107  02:D491            .plydm_11:
  108                             
  109  02:D491  60                rts
  110                     
  111                     
  112                     
  113                     ;****** OVER WAIT ***********
  114  02:D492            PLY_STG_2:
  115  02:D492  C6 B2             DEC     <GM_WAIT
  116  02:D494  A5 B2             LDA     <GM_WAIT
  117  02:D496  C9 1E             CMP     #30
  118  02:D498  F0 0E             beq .ps03               
  119                     
  120  02:D49A  A5 E7             lda  <FLM_TIMER
  121  02:D49C  29 02             and  #$02
  122  02:D49E  8D B5 03          sta PLY_DISP_FG
  123                     
  124  02:D4A1  20 AD D7          jsr  setPlayerDeadEffect
  125  02:D4A4  20 62 D6          jsr  PLY_MOVE
  126  02:D4A7  60                RTS
  127                     
  128  02:D4A8            .ps03
  129  02:D4A8  EE B5 03          inc PLY_DISP_FG
  130                     
  131                     
  132  02:D4AB  A9 07             lda  #ST_OVER
  133  02:D4AD  4C CD D4          jmp  exitAplGame
  134                     ;       jsr  exitAplGame
  135                     ;       DEBUG_HALT
  136                     ;       rts
  137                     
  138                     ;****** CLEAR WAIT ***********
  139  02:D4B0            PLY_STG_3:
  140  02:D4B0  C6 B2             DEC     <GM_WAIT
  141  02:D4B2  A5 B2             LDA     <GM_WAIT
  142  02:D4B4  C9 7B             CMP     #180-25-32
  143  02:D4B6  F0 04             beq .ps03               
  144  02:D4B8  20 62 D6          jsr  PLY_MOVE
  145  02:D4BB  60                RTS
  146  02:D4BC            .ps03
  147                             ; 次のステージへ
  148  02:D4BC  A9 06             lda  #ST_CLEAR
  149  02:D4BE  4C CD D4          jmp  exitAplGame
  150                     
  151                     
  152                     ;****** PAUSE ***********
  153  02:D4C1            PLY_STG_4:
  154                             CHK_BIT <KEY_TRG, #KEY_RUN
       02:D4C1  A5 C3             LDA     <KEY_TRG
       02:D4C3  29 10             AND     #KEY_RUN
  155  02:D4C5  F0 05             BEQ     .plyst4_00
  156  02:D4C7  A9 01             LDA     #1
  157  02:D4C9  85 E9             STA     <STG_COD_SUB
  158  02:D4CB  60                RTS
  159                     
  160  02:D4CC            .plyst4_00:
  161  02:D4CC  60                RTS
  162                     
  163                     
  164                     ;=====================================
  165                     ;ゲーム終了処理（ラスターシステムの影響で特定の手順を踏まないと画面化ける）
  166                     ;  Areg -> ジャンプ先STEP番号
  167                     ;=====================================
  168  02:D4CD            exitAplGame:
  169  02:D4CD  48                pha
  170  02:D4CE  20 DD D4          jsr  exitAplGameSub
  171                     
  172  02:D4D1  68                pla
  173  02:D4D2  4C 8A EC      jmp  SET_STG_COD
  174                     
  175  02:D4D5            exitAplGame2:
  176  02:D4D5  48                pha
  177  02:D4D6  20 DD D4          jsr  exitAplGameSub
  178  02:D4D9  68                pla
  179  02:D4DA  4C 8A EC      jmp  SET_STG_COD2
  180                     
  181                     
  182  02:D4DD            exitAplGameSub:
  183  02:D4DD  20 63 EA          jsr  SET_FADE_OUT_B
  184  02:D4E0  20 88 EA          jsr  WAIT_FADE_END
  185                     
  186  02:D4E3  A9 00             LDA     #0
  187  02:D4E5  85 ED             sta <NMI_CALL_BNK
  188                     
  189  02:D4E7  20 60 EE          jsr WAIT_VSYNC
  190                     
  191  02:D4EA  E6 E3             inc     <NMI_FLG        ;ハング防止
  192                     
  193                     
  194  02:D4EC  4C 60 EE          jmp  WAIT_VSYNC
  195                     
  196                     
  197                     
  198                     ;=================================
  199                     ; メイン描画処理
  200                     ;=================================
  201  02:D4EF            PLY_DRAW_S:
  202  02:D4EF  AD D9 06          lda  PALFADE_VAL
  203  02:D4F2  D0 3F             bne  .skip_pal_trans
  204                     
  205  02:D4F4  AE B2 03          ldx  DAM_BG_FLASH
  206  02:D4F7  F0 1A             beq  .pa_90
  207  02:D4F9  CE B2 03          dec  DAM_BG_FLASH
  208  02:D4FC  08                php
  209                     
  210                             SET_VRAM_ADD2 #$3F00
       02:D4FD  A9 3F             lda #HIGH (#$3F00)
       02:D4FF  8D 06 20      sta $2006
       02:D502  A9 00             lda #LOW  (#$3F00)
       02:D504  8D 06 20          sta $2006
  211                             
  212  02:D507  BD 68 D5          lda  .tblDAM_BG_FLASH-1,x
  213  02:D50A  8D 07 20          sta  $2007
  214  02:D50D  28                plp
  215  02:D50E  D0 03             bne  .pa_90
  216                     
  217  02:D510  20 0B D2          jsr  drawPlyLife
  218                     
  219  02:D513            .pa_90
  220                     
  221                             ; パレットアニメーション
  222                     ;       ldx  #$00
  223  02:D513  A2 0D             ldx  #$0D
  224  02:D515  A5 E5             lda  <SYS_TIMER
  225  02:D517  4A                lsr  a
  226  02:D518  90 02             bcc  .pa_00
  227  02:D51A  A2 19             ldx  #$19
  228  02:D51C            .pa_00
  229  02:D51C  29 03             and  #$03
  230  02:D51E  A8                tay
  231  02:D51F  B9 65 D5          lda  .tblPalAmm,y
  232  02:D522  9D 90 00          sta  PAL_WRK,x
  233                     
  234  02:D525  A9 3F             lda  #$3F
  235  02:D527  8D 06 20          sta  $2006      ; hi
  236  02:D52A  8E 06 20          stx  $2006      ; low
  237  02:D52D  BD 90 00          lda  PAL_WRK,x
  238  02:D530  8D 07 20          sta  $2007
  239                     
  240  02:D533            .skip_pal_trans
  241                      
  242                             ;=スコア表示=====
  243  02:D533  AD 18 01          LDA     SCR_CHG_SW
  244  02:D536  F0 2C             BEQ     .pds00
  245  02:D538  A9 00             LDA     #0
  246  02:D53A  8D 18 01          STA     SCR_CHG_SW
  247                     
  248                             SET_VRAM_ADD2 #$2000 + 32*28 + 8
       02:D53D  A9 23             lda #HIGH (#$2000 + 32*28 + 8)
       02:D53F  8D 06 20      sta $2006
       02:D542  A9 88             lda #LOW  (#$2000 + 32*28 + 8)
       02:D544  8D 06 20          sta $2006
  249  02:D547  AD 13 01          lda  GM_SCORE+3
  250  02:D54A  20 38 ED          jsr  DRAW_HEX_BYTE
  251  02:D54D  AD 12 01          lda  GM_SCORE+2
  252  02:D550  20 38 ED          jsr  DRAW_HEX_BYTE
  253  02:D553  AD 11 01          lda  GM_SCORE+1
  254  02:D556  20 38 ED          jsr  DRAW_HEX_BYTE
  255  02:D559  AD 10 01          lda  GM_SCORE+0
  256  02:D55C  20 38 ED          jsr  DRAW_HEX_BYTE
  257  02:D55F  A9 30             lda  #'0'
  258  02:D561  8D 07 20          sta  $2007
  259                     
  260  02:D564            .pds00:
  261                     
  262  02:D564  60                rts
  263                     
  264  02:D565            .tblPalAmm:
  265  02:D565  0F 05 15          db  $0F,$05,$15,$25
       02:D568  25        
  266                     
  267  02:D569            .tblDAM_BG_FLASH:
  268  02:D569  0F 06 06          db  $0F,$06,$06,$06
       02:D56C  06        
  269                     
  270                     
#[1]   PG_main.asm
#[2]   AplGameSub.asm
   57                             .INCLUDE        "AplGameSub.asm"
    1                     
    2                     
    3                     
    4                     
    5                     ;================
    6                     ;=スコア加算=====
    7                     ;================
    8                     
    9  02:D56D            SCR_ADD:
   10                             phxy    ;xy push 疑似命令
       02:D56D  85 F0             sta  <TMP_SYS
       02:D56F  8A                txa
       02:D570  48                pha
       02:D571  98                tya
       02:D572  48                pha
       02:D573  A5 F0             lda  <TMP_SYS
   11  02:D575  A2 10             LDX     #GM_SCORE & $ff
   12  02:D577  20 66 ED          JSR     BCD_ADD
   13  02:D57A  A9 01             LDA    #1
   14  02:D57C  8D 18 01          STA    SCR_CHG_SW
   15                             plxy    ;xy pop 疑似命令
       02:D57F  85 F0             sta  <TMP_SYS
       02:D581  68                pla
       02:D582  A8                tay
       02:D583  68                pla
       02:D584  AA                tax
       02:D585  A5 F0             lda  <TMP_SYS
   16  02:D587  60                RTS
   17                     
   18                     
   19  02:D588            SCR_ADD_10:
   20                             phxy    ;xy push 疑似命令
       02:D588  85 F0             sta  <TMP_SYS
       02:D58A  8A                txa
       02:D58B  48                pha
       02:D58C  98                tya
       02:D58D  48                pha
       02:D58E  A5 F0             lda  <TMP_SYS
   21  02:D590  AA                TAX
   22  02:D591  BD E1 D5          LDA     TBL_BCDx10,X
   23  02:D594  A2 10             LDX     #GM_SCORE & $ff
   24  02:D596  20 66 ED          JSR     BCD_ADD
   25  02:D599  A9 01             LDA    #1
   26  02:D59B  8D 18 01          STA    SCR_CHG_SW
   27                             plxy    ;xy pop 疑似命令
       02:D59E  85 F0             sta  <TMP_SYS
       02:D5A0  68                pla
       02:D5A1  A8                tay
       02:D5A2  68                pla
       02:D5A3  AA                tax
       02:D5A4  A5 F0             lda  <TMP_SYS
   28  02:D5A6  60                RTS
   29                     
   30  02:D5A7            SCR_ADD_100:
   31                             phxy    ;xy push 疑似命令
       02:D5A7  85 F0             sta  <TMP_SYS
       02:D5A9  8A                txa
       02:D5AA  48                pha
       02:D5AB  98                tya
       02:D5AC  48                pha
       02:D5AD  A5 F0             lda  <TMP_SYS
   32  02:D5AF  A2 11             LDX     #(GM_SCORE+1) & $ff
   33  02:D5B1  20 66 ED          JSR     BCD_ADD
   34  02:D5B4  A9 01             LDA    #1
   35  02:D5B6  8D 18 01          STA    SCR_CHG_SW
   36                             plxy    ;xy pop 疑似命令
       02:D5B9  85 F0             sta  <TMP_SYS
       02:D5BB  68                pla
       02:D5BC  A8                tay
       02:D5BD  68                pla
       02:D5BE  AA                tax
       02:D5BF  A5 F0             lda  <TMP_SYS
   37  02:D5C1  60                RTS
   38                     
   39  02:D5C2            SCR_ADD_1000:
   40                             phxy    ;xy push 疑似命令
       02:D5C2  85 F0             sta  <TMP_SYS
       02:D5C4  8A                txa
       02:D5C5  48                pha
       02:D5C6  98                tya
       02:D5C7  48                pha
       02:D5C8  A5 F0             lda  <TMP_SYS
   41  02:D5CA  AA                TAX
   42  02:D5CB  BD E1 D5          LDA     TBL_BCDx10,X
   43  02:D5CE  A2 11             LDX     #(GM_SCORE+1) & $ff
   44  02:D5D0  20 66 ED          JSR     BCD_ADD
   45  02:D5D3  A9 01             LDA    #1
   46  02:D5D5  8D 18 01          STA    SCR_CHG_SW
   47                             plxy    ;xy pop 疑似命令
       02:D5D8  85 F0             sta  <TMP_SYS
       02:D5DA  68                pla
       02:D5DB  A8                tay
       02:D5DC  68                pla
       02:D5DD  AA                tax
       02:D5DE  A5 F0             lda  <TMP_SYS
   48  02:D5E0  60                RTS
   49                     
   50                     
   51  02:D5E1            TBL_BCDx10:
   52  02:D5E1  00 10 20          DB $00,$10,$20,$30,$40,$50,$60,$70,$80,$90
       02:D5E4  30 40 50  
       02:D5E7  60 70 80  
       02:D5EA  90        
   53                     
   54                     
   55                     ;----------------------------
   56                     ; フォーメーション変更
   57                     ;----------------------------
   58  02:D5EB            changeForm:
   59  02:D5EB  AD B4 03          lda  PLY_FORM
   60  02:D5EE  29 03             and  #$03
   61  02:D5F0  D0 08             bne  .end               ; フォーメーションチェンジ中
   62  02:D5F2  EE B4 03          inc  PLY_FORM
   63  02:D5F5  A9 0B             lda  #SE_PLY_FORM
   64  02:D5F7  4C 2D 9C          jmp  PLAY_SE
   65  02:D5FA            .end
   66  02:D5FA  60                rts
   67                     
   68                     ;----------------------------
   69                     ; ホーミング弾発射
   70                     ;----------------------------
   71  02:D5FB            shotHorming:
   72  02:D5FB  85 44             sta  <TMP_SVA   ; X pos
   73  02:D5FD  84 46             sty  <TMP_SVY
   74  02:D5FF  A2 00             ldx  #0
   75  02:D601            .loop
   76  02:D601  BD 23 05          lda PSHOT_A_Y,x
   77  02:D604  D0 13             bne .next
   78                     
   79  02:D606  8A                txa
   80  02:D607  0A                asl  a
   81  02:D608  0A                asl  a
   82  02:D609  A8                tay
   83  02:D60A  B9 00 06          lda  ENEMY_NT_KIND,y
   84  02:D60D  F0 0A             beq  .next
   85  02:D60F  B9 03 06          lda  ENEMY_NT_HP,y
   86  02:D612  F0 05             beq  .next
   87  02:D614  30 03             bmi  .next
   88                             
   89  02:D616  20 20 D6          jsr  .set
   90                             
   91  02:D619            .next
   92  02:D619  E8                inx
   93  02:D61A  E8                inx
   94  02:D61B  E0 10             cpx  #2*8
   95  02:D61D  D0 E2             bne  .loop
   96  02:D61F  60                rts
   97                     
   98  02:D620            .set
   99  02:D620  A9 00             lda  #0
  100  02:D622  9D 42 05          sta  PSHOT_A_WX,x
  101  02:D625  9D 43 05          sta  PSHOT_A_WY,x
  102  02:D628  AD 21 05          lda  POS_PLY_Y
  103  02:D62B  9D 23 05          sta  PSHOT_A_Y,x
  104  02:D62E  85 69             sta  <PRM_Y_POS         ; 基準点Y
  105                     
  106  02:D630  AD 20 05          lda  POS_PLY_X
  107  02:D633  9D 22 05          sta PSHOT_A_X,x
  108  02:D636  85 68             sta <PRM_X_POS          ; 基準点X
  109                     
  110                     ;       lda  #$F0               ; 真上
  111                     ;       lda  #$00+$30   ; 真上
  112                     ;       sta PSHOT_DIR,x
  113                     
  114  02:D638  B9 05 06          lda  ENEMY_NT_X+1,y
  115  02:D63B  85 40             sta  <W_AR+0            ; ターゲットX
  116                     
  117  02:D63D  B9 07 06          lda  ENEMY_NT_Y+1,y
  118  02:D640  85 41             sta  <W_AR+1            ; ターゲットY
  119                     
  120  02:D642  20 7A E4          jsr  getAngleENT
  121  02:D645  A5 44             lda  <TMP_SVA
  122  02:D647  09 C0             ora  #$C0
  123  02:D649  9D 03 05          sta PSHOT_DIR,x
  124                     
  125  02:D64C  A9 08             lda  #SE_SHOT_A
  126  02:D64E  4C 2D 9C          jmp  PLAY_SE
  127                     
  128                     
  129                     
  130                     
  131                     ;----------------------------
  132                     ; ショット処理
  133                     ;----------------------------
  134                     
  135  02:D651            PLY_SHOT_A:
  136  02:D651  AD B3 03          lda  PLY_ANM_NO
  137  02:D654  C9 04             cmp  #PLY_AN_DEAD
  138  02:D656  F0 09             beq  .end
  139                     
  140  02:D658  C9 02             cmp  #PLY_AN_SHOTA
  141  02:D65A  F0 05             beq  .end
  142                     
  143  02:D65C  A9 02             lda  #PLY_AN_SHOTA
  144  02:D65E  20 92 D6          jsr  SET_PLY_ANM
  145                     
  146  02:D661            .end
  147  02:D661  60                rts
  148                     
  149                     
  150                     
  151                     ;----------------------------
  152                     ; プレーヤー移動処理
  153                     ;----------------------------
  154  02:D662            PLY_MOVE:
  155                     
  156  02:D662            PLY_MOVE1:
  157  02:D662  4C 65 D6          jmp  PLY_ANM_PROG
  158                     
  159                     
  160                     
  161                     ;------------------------------------
  162                     ; 実行中のアニメに対応した処理を実行
  163                     ;------------------------------------
  164  02:D665            PLY_ANM_PROG:
  165  02:D665  AD B3 03          lda  PLY_ANM_NO
  166                             TBL_JUMP
       02:D668  0A                ASL     A
       02:D669  86 F0             stx  <TMP_SYS
       02:D66B  AA                TAX
       02:D66C  BD 78 D6          LDA     .tbl00327+1,X
       02:D66F  48                PHA
       02:D670  BD 77 D6          LDA     .tbl00327+0,X
       02:D673  A6 F0             ldx  <TMP_SYS
       02:D675  48                PHA
       02:D676  60                RTS
       02:D677            .tbl00327:
  167                             JPTBL  .WAIT            ; 0 待機
       02:D677  80 D6             DW      .WAIT -1
  168                             JPTBL  .CHARGE          ; 1 チャージ
       02:D679  80 D6             DW      .CHARGE -1
  169                             JPTBL  .SHOTA           ; 2 ショットA
       02:D67B  80 D6             DW      .SHOTA -1
  170                             JPTBL  .SHOTB           ; 3 ショットB
       02:D67D  8F D6             DW      .SHOTB -1
  171                             JPTBL  .DEAD            ; 4 死亡アニメ
       02:D67F  90 D6             DW      .DEAD -1
  172                             
  173                     
  174  02:D681            .WAIT           ; 0 待機 -----------------------------
  175                     ;       rts
  176                     
  177                     
  178  02:D681            .CHARGE         ; 1 チャージ -----------------------------
  179                             ; チャージアップ
  180                     ;       rts
  181                     
  182  02:D681            .SHOTA          ; 2 ショットA -----------------------------
  183  02:D681  A5 E7             lda  <FLM_TIMER
  184  02:D683  29 07             and  #$07
  185  02:D685  D0 0A             bne  .end
  186                     
  187  02:D687  AC 21 05          ldy  POS_PLY_Y
  188  02:D68A  AD 20 05          lda  POS_PLY_X
  189  02:D68D  4C 43 D7          jmp  setPlyShotA
  190                     
  191  02:D690            .SHOTB          ; 3 ショットB -----------------------------
  192  02:D690  60                rts
  193                     
  194                     
  195  02:D691            .DEAD           ; 4 死亡アニメ -----------------------------
  196  02:D691            .end
  197  02:D691  60                rts
  198                     
  199                     ;------------------------
  200                     ; アニメセット
  201                     ;------------------------
  202  02:D692            SET_PLY_ANM:
  203  02:D692  CD B3 03          cmp  PLY_ANM_NO
  204  02:D695  F0 03             beq  .end
  205  02:D697  8D B3 03          sta  PLY_ANM_NO
  206  02:D69A            .end
  207  02:D69A  60                rts
  208                     
  209                     
  210                     
  211                     
  212                     
  213                     ;-----------------------------------
  214                     ; 爆発演出セット
  215                     ; a reg = x座標
  216                     ; y reg = y座標
  217                     ;-----------------------------------
  218  02:D69B            setBakuEfc:
  219  02:D69B  C9 08             cmp  #8
  220  02:D69D  B0 02             bcs   .x00
  221  02:D69F  A9 08             lda  #8
  222  02:D6A1            .x00
  223  02:D6A1  48                pha             ; X pos
  224  02:D6A2  98                tya
  225  02:D6A3  48                pha             ; Y pos
  226  02:D6A4  A0 00             ldy #0
  227  02:D6A6            .loop
  228  02:D6A6  B9 B2 06          lda BAKU_EFC_CNT,y
  229  02:D6A9  F0 07             beq .end
  230  02:D6AB            .next
  231  02:D6AB  C8                iny
  232  02:D6AC  C8                iny
  233  02:D6AD  C8                iny
  234  02:D6AE  C0 24             cpy #3*(BAKU_EFC_SUU -1)
  235  02:D6B0  D0 F4             bne .loop
  236  02:D6B2            .end
  237  02:D6B2  A9 02             lda #2
  238  02:D6B4  99 B2 06          sta BAKU_EFC_CNT,y
  239  02:D6B7  68                pla
  240  02:D6B8  99 B1 06          sta BAKU_EFC_Y,y
  241  02:D6BB  68                pla
  242  02:D6BC  99 B0 06          sta BAKU_EFC_X,y
  243  02:D6BF  60                rts
  244                     
  245                     ;-----------------------------------
  246                     ; ヒット演出セット（ダメージ無しの演出）
  247                     ; a reg = x座標
  248                     ; y reg = y座標
  249                     ;-----------------------------------
  250  02:D6C0            setHitEfc:
  251  02:D6C0  20 9B D6          jsr  setBakuEfc
  252  02:D6C3  A9 12             lda #18
  253  02:D6C5  99 B2 06          sta BAKU_EFC_CNT,y
  254  02:D6C8  60                rts
  255                     
  256                     ;-----------------------------------
  257                     ; ヒット演出セット（ダメージ演出）
  258                     ; a reg = x座標
  259                     ; y reg = y座標
  260                     ;-----------------------------------
  261  02:D6C9            setDameEfc:
  262  02:D6C9  20 9B D6          jsr  setBakuEfc
  263  02:D6CC  A9 0D             lda #13
  264  02:D6CE  99 B2 06          sta BAKU_EFC_CNT,y
  265  02:D6D1  60                rts
  266                     
  267           0000       .if 0
  284                      .endif
  285                     
  286                     
  287                     ;-----------------------------------
  288                     ; SP敵セット
  289                     ; a reg = x座標
  290                     ; y reg = y座標
  291                     ;-----------------------------------
  292  02:D6D2            setEnemyNT3:
  293  02:D6D2  48                pha             ; X pos
  294  02:D6D3  98                tya
  295  02:D6D4  48                pha             ; Y pos
  296  02:D6D5  A0 00             ldy  #0
  297  02:D6D7            .loop
  298  02:D6D7  B9 00 06          lda  ENEMY_NT_KIND,y
  299  02:D6DA  F0 47             beq  setEnemyNT_SET
  300  02:D6DC            .next
  301  02:D6DC  98                tya
  302  02:D6DD  18                clc
  303  02:D6DE  69 08             adc  #ENEMY_NT_SIZE
  304  02:D6E0  A8                tay
  305  02:D6E1  C0 40             cpy  #ENEMY_NT_SIZE*8
  306  02:D6E3  D0 F2             bne .loop
  307                     
  308  02:D6E5            .end
  309  02:D6E5  68                pla
  310  02:D6E6  68                pla
  311  02:D6E7  38                sec
  312  02:D6E8  60                rts
  313                     
  314                     ;-----------------------------------
  315                     ; 敵ノーマル弾セット
  316                     ; a reg = x座標
  317                     ; y reg = y座標
  318                     ;-----------------------------------
  319  02:D6E9            setEnemyNT2:
  320  02:D6E9  48                pha             ; X pos
  321  02:D6EA  98                tya
  322  02:D6EB  48                pha             ; Y pos
  323  02:D6EC  A5 B5             lda  <ENEMY_NT_FLFG
  324  02:D6EE  D0 12             bne  .end
  325  02:D6F0  A0 40             ldy  #ENEMY_NT_SIZE*8
  326  02:D6F2            .loop
  327  02:D6F2  B9 00 06          lda  ENEMY_NT_KIND,y
  328  02:D6F5  F0 2C             beq  setEnemyNT_SET
  329  02:D6F7            .next
  330  02:D6F7  98                tya
  331  02:D6F8  18                clc
  332  02:D6F9  69 08             adc  #ENEMY_NT_SIZE
  333  02:D6FB  A8                tay
  334  02:D6FC  C0 B0             cpy  #ENEMY_NT_SIZE*ENEMY_NT_SUU
  335  02:D6FE  D0 F2             bne .loop
  336                     
  337                             ; 空きワークなし
  338  02:D700  E6 B5             inc  <ENEMY_NT_FLFG
  339  02:D702            .end
  340  02:D702  68                pla
  341  02:D703  68                pla
  342  02:D704  38                sec
  343  02:D705  60                rts
  344                     
  345                     
  346                     ;-----------------------------------
  347                     ; 敵ノーマル弾セット
  348                     ; a reg = x座標
  349                     ; y reg = y座標
  350                     ;-----------------------------------
  351  02:D706            setEnemyNT:
  352  02:D706  48                pha             ; X pos
  353  02:D707  98                tya
  354  02:D708  48                pha             ; Y pos
  355  02:D709  A5 B5             lda  <ENEMY_NT_FLFG
  356  02:D70B  D0 12             bne  .end
  357  02:D70D  A0 00             ldy  #0
  358  02:D70F            .loop
  359  02:D70F  B9 00 06          lda  ENEMY_NT_KIND,y
  360  02:D712  F0 0F             beq  setEnemyNT_SET
  361  02:D714            .next
  362  02:D714  98                tya
  363  02:D715  18                clc
  364  02:D716  69 08             adc  #ENEMY_NT_SIZE
  365  02:D718  A8                tay
  366  02:D719  C0 B0             cpy  #ENEMY_NT_SIZE*ENEMY_NT_SUU
  367  02:D71B  D0 F2             bne .loop
  368                     
  369                             ; 空きワークなし
  370  02:D71D  E6 B5             inc  <ENEMY_NT_FLFG
  371  02:D71F            .end
  372  02:D71F  68                pla
  373  02:D720  68                pla
  374  02:D721  38                sec
  375  02:D722  60                rts
  376                     
  377  02:D723            setEnemyNT_SET
  378  02:D723  A9 00             lda  #0
  379  02:D725  99 06 06          sta  ENEMY_NT_Y+0,y
  380  02:D728  99 04 06          sta  ENEMY_NT_X+0,y
  381  02:D72B  99 01 06          sta  ENEMY_NT_MP,y
  382  02:D72E  99 02 06          sta  ENEMY_NT_DT,y
  383  02:D731  99 03 06          sta  ENEMY_NT_HP,y
  384                     
  385  02:D734  A9 01             lda  #NTK_ANGLE
  386  02:D736  99 00 06          sta  ENEMY_NT_KIND,y
  387  02:D739  68                pla
  388  02:D73A  99 07 06          sta  ENEMY_NT_Y+1,y
  389  02:D73D  68                pla
  390  02:D73E  99 05 06          sta  ENEMY_NT_X+1,y
  391  02:D741  18                clc
  392  02:D742  60                rts
  393                     
  394                     ;-----------------------------------
  395                     ; 自機ノーマル弾セット
  396                     ; a reg = x座標
  397                     ; y reg = y座標
  398                     ;-----------------------------------
  399  02:D743            setPlyShotA:
  400  02:D743  85 44             sta  <TMP_SVA   ; X pos
  401  02:D745  84 46             sty  <TMP_SVY
  402  02:D747  A2 10             ldx  #2*8
  403  02:D749  A0 07             ldy  #PSHOT_A_SUU-8
  404  02:D74B            .loop
  405  02:D74B  BD 23 05          lda PSHOT_A_Y,x
  406  02:D74E  F0 06             beq .set
  407  02:D750  E8                inx
  408  02:D751  E8                inx
  409  02:D752  88                dey
  410  02:D753  D0 F6             bne  .loop
  411                             ; 空きワークなし
  412  02:D755  60                rts
  413                     
  414  02:D756            .set
  415  02:D756  A9 00             lda #0
  416  02:D758  9D 42 05          sta PSHOT_A_WX,x
  417  02:D75B  9D 43 05          sta PSHOT_A_WY,x
  418  02:D75E  A5 46             lda <TMP_SVY
  419  02:D760  9D 23 05          sta PSHOT_A_Y,x
  420  02:D763  85 69             sta  <PRM_Y_POS         ; 基準点Y
  421                     
  422  02:D765  A5 44             lda <TMP_SVA
  423  02:D767  9D 22 05          sta PSHOT_A_X,x
  424  02:D76A  85 68             sta <PRM_X_POS          ; 基準点X
  425                     
  426                     ;       lda  #$F0               ; 真上
  427  02:D76C  A9 B0             lda  #$80+$30   ; 真上
  428  02:D76E  9D 03 05          sta PSHOT_DIR,x
  429                     
  430           0000       .if 0
  454                      .endif
  455                     
  456  02:D771            .skip
  457                             ; 鳴らし過ぎなので少し間引く
  458  02:D771  A5 E7             lda  <FLM_TIMER
  459  02:D773  29 07             and  #$07
  460  02:D775  D0 05             bne  .end
  461  02:D777  A9 08             lda  #SE_SHOT_A
  462  02:D779  4C 2D 9C          jmp  PLAY_SE
  463  02:D77C            .end
  464  02:D77C  60                rts
  465                     
  466                     
  467                     
  468                     ;----------------------------------
  469                     ; プレーヤー死亡セット
  470                     ;----------------------------------
  471  02:D77D            setPlayerDead:
  472  02:D77D  A4 B7             ldy  <DEMO_FG
  473  02:D77F  D0 26             bne  .end
  474                     
  475  02:D781  AD B6 03          lda  PLY_MUTEKI_TM
  476  02:D784  D0 21             bne  .end
  477                             
  478           0000        .if DEBUG_NO_GAME_OVER
  479                       .else
  480  02:D786  A9 04             lda  #DAM_BG_FLASH_INIT
  481  02:D788  8D B2 03          sta  DAM_BG_FLASH
  482  02:D78B  A9 3C             lda  #MUTEKI_TIME
  483  02:D78D  8D B6 03          sta  PLY_MUTEKI_TM
  484                     
  485  02:D790  AD 1E 01          lda  PLY_LIFE
  486  02:D793  F0 12             beq  .end
  487  02:D795  CE 1E 01          dec  PLY_LIFE
  488  02:D798  D0 0E             bne  .end_dame
  489                     
  490                     
  491  02:D79A  8D B6 03          sta  PLY_MUTEKI_TM
  492                             ; 死亡アニメセット
  493  02:D79D  A9 04             lda  #PLY_AN_DEAD
  494  02:D79F  8D B3 03          sta  PLY_ANM_NO
  495                     
  496  02:D7A2  A9 0A             lda  #SE_PLY_DEAD
  497  02:D7A4  4C 2D 9C          jmp  PLAY_SE
  498                       .endif
  499                     
  500  02:D7A7            .end
  501  02:D7A7  60                rts
  502                     
  503  02:D7A8            .end_dame
  504  02:D7A8  A9 09             lda  #SE_PLY_DAME
  505  02:D7AA  4C 2D 9C          jmp  PLAY_SE
  506                     
  507                     ;----------------------------------
  508                     ; プレーヤー死亡エフェクトセット
  509                     ;----------------------------------
  510  02:D7AD            setPlayerDeadEffect:
  511                             phxy
       02:D7AD  85 F0             sta  <TMP_SYS
       02:D7AF  8A                txa
       02:D7B0  48                pha
       02:D7B1  98                tya
       02:D7B2  48                pha
       02:D7B3  A5 F0             lda  <TMP_SYS
  512  02:D7B5  A5 E5             lda  <SYS_TIMER
  513  02:D7B7  29 03             and  #$03
  514  02:D7B9  D0 18             bne  .end
  515                             
  516  02:D7BB  20 6B EE          jsr GET_RND
  517  02:D7BE  29 1F             and #$1f
  518  02:D7C0  6D 21 05          adc POS_PLY_Y
  519  02:D7C3  E9 0F             sbc #15
  520  02:D7C5  A8                tay
  521                     
  522  02:D7C6  20 6B EE          jsr GET_RND
  523  02:D7C9  29 1F             and #$1f
  524  02:D7CB  6D 20 05          adc POS_PLY_X
  525  02:D7CE  E9 0A             sbc #10
  526                     
  527  02:D7D0  20 9B D6          jsr  setBakuEfc
  528                     
  529                     
  530  02:D7D3            .end
  531                             plxy
       02:D7D3  85 F0             sta  <TMP_SYS
       02:D7D5  68                pla
       02:D7D6  A8                tay
       02:D7D7  68                pla
       02:D7D8  AA                tax
       02:D7D9  A5 F0             lda  <TMP_SYS
  532  02:D7DB  60                rts
  533                     
  534                     
#[1]   PG_main.asm
   58                     
#[2]   AplEnemy.asm
   59                             .INCLUDE        "AplEnemy.asm"
    1                     ;=====================================
    2                     ;
    3                     ;       雑魚制御システム
    4                     ;
    5                     ;
    6                     ;=====================================
    7                     
    8                     ;       .INCLUDE        ".\CFG\cfgEnemy.h"
    9                     
   10                     ;----------------------------
   11                     ; 敵の弾のコンフィグデータ取得
   12                     ; Areg = 敵の弾の種類番号 (0でコール禁止）
   13                     ; ret-> TMP_WRK0,TMP_WRK1,TMP_WRK2,TMP_WRK3 にセット
   14                     ;----------------------------
   15  02:D7DC            getEnemyNTcfg2:
   16  02:D7DC  C5 8E             cmp  <CACHE_GET_NENMY_NT_FG
   17  02:D7DE  F0 1D             beq  getEnemyNTcfg_end
   18  02:D7E0  85 8E             sta  <CACHE_GET_NENMY_NT_FG
   19  02:D7E2            getEnemyNTcfg:
   20  02:D7E2  86 F0             stx  <TMP_SYS
   21  02:D7E4  0A                asl  a
   22  02:D7E5  0A                asl  a
   23  02:D7E6  AA                tax
   24  02:D7E7  BD FC BF          lda  tblEnemyNTcfg-4,x
   25  02:D7EA  85 50             sta  <TMP_WRK0
   26  02:D7EC  BD FD BF          lda  tblEnemyNTcfg-3,x
   27  02:D7EF  85 51             sta  <TMP_WRK1
   28  02:D7F1  BD FE BF          lda  tblEnemyNTcfg-2,x
   29  02:D7F4  85 52             sta  <TMP_WRK2
   30  02:D7F6  BD FF BF          lda  tblEnemyNTcfg-1,x
   31  02:D7F9  85 53             sta  <TMP_WRK3
   32  02:D7FB  A6 F0             ldx  <TMP_SYS
   33  02:D7FD            getEnemyNTcfg_end:
   34  02:D7FD  60                rts
   35                     
   36                     
   37                     ;-------------------
   38                     ; 自機通常弾あたり
   39                     ;-------------------
   40  02:D7FE            hit_ShotA:
   41  02:D7FE  A9 0C             lda  #12
   42  02:D800  85 6C             sta  <PRM_WT_POS
   43  02:D802  A9 18             lda  #24
   44  02:D804  85 6A             sta  <PRM_W_POS
   45                     
   46  02:D806  A9 0C             lda  #12
   47  02:D808  85 6D             sta  <PRM_HT_POS
   48  02:D80A  A9 18             lda  #24
   49  02:D80C  85 6B             sta  <PRM_H_POS
   50  02:D80E  20 1F D8          jsr  hit_ShotA2
   51  02:D811  90 0B             bcc  .end
   52  02:D813  C0 00             cpy  #0
   53  02:D815  F0 07             beq  .end
   54  02:D817  A9 00             lda  #0
   55  02:D819  99 21 05          sta  POS_PLY_Y,Y        ; 弾を消す
   56  02:D81C  A9 FF             lda  #PS_NOMAL_POW              ; 通常弾のダメージ
   57  02:D81E            .end
   58  02:D81E  60                rts
   59                     
   60                     
   61  02:D81F            hit_ShotA2:
   62  02:D81F  84 46             sty  <TMP_SVY
   63  02:D821  A0 00             ldy  #0
   64                     
   65  02:D823  AD B6 03          lda  PLY_MUTEKI_TM
   66  02:D826  D0 3F             bne  .next_nt
   67                     
   68                             ; プレーヤー当たり判定（サイズ小さめ）
   69  02:D828  A5 69             lda  <PRM_Y_POS
   70  02:D82A  C9 F0             cmp  #SP_CLR_Y
   71  02:D82C  F0 39             beq  .next_nt
   72  02:D82E  38                sec
   73  02:D82F  F9 21 05          sbc  POS_PLY_Y,Y
   74  02:D832  69 04             adc  #PLY_HIT_ADD_Y
   75  02:D834  C9 08         cmp  #PLY_HIT_SIZ_H
   76  02:D836  B0 2F             bcs     .next_nt
   77                     
   78                             
   79  02:D838  A5 68             lda  <PRM_X_POS
   80  02:D83A  38                sec
   81  02:D83B  F9 20 05          sbc  POS_PLY_X,Y
   82  02:D83E  18                clc
   83  02:D83F  69 04             adc  #PLY_HIT_ADD_X
   84  02:D841  C9 08         cmp  #PLY_HIT_SIZ_W
   85  02:D843  B0 22             bcs .next_nt
   86                     
   87                             ; 当たり
   88  02:D845  38                sec
   89  02:D846  60                rts
   90                     
   91                     
   92                             ; 通常弾の当たり判定
   93  02:D847            .loop_nt
   94  02:D847  B9 21 05          lda  POS_PLY_Y,y
   95  02:D84A  F0 1B             beq  .next_nt
   96                     
   97  02:D84C  A5 68             lda  <PRM_X_POS
   98  02:D84E  38                sec
   99  02:D84F  F9 20 05          sbc  POS_PLY_X,Y
  100  02:D852  18                clc
  101  02:D853  65 6C             adc  <PRM_WT_POS
  102  02:D855  C5 6A         cmp  <PRM_W_POS
  103  02:D857  B0 0E             bcs .next_nt
  104                     
  105  02:D859  A5 69             lda  <PRM_Y_POS
  106  02:D85B  38                sec
  107  02:D85C  F9 21 05          sbc  POS_PLY_Y,Y
  108  02:D85F  65 6D             adc  <PRM_HT_POS
  109  02:D861  C5 6B         cmp  <PRM_H_POS
  110  02:D863  B0 02             bcs     .next_nt
  111                     
  112                             ; 当たり
  113  02:D865  38                sec
  114  02:D866  60                rts
  115                     
  116  02:D867            .next_nt
  117  02:D867  C8                iny
  118  02:D868  C8                iny
  119  02:D869  C4 46             cpy  <TMP_SVY
  120  02:D86B  D0 DA             bne  .loop_nt
  121                     
  122  02:D86D  18                clc
  123  02:D86E  60                rts
  124                     
  125                     
  126                      
#[1]   PG_main.asm
#[2]   AplMissionFunc.asm
   60                             .INCLUDE        "AplMissionFunc.asm"    ;
    1                     ;=====================================
    2                     ;
    3                     ;       ミッションから呼び出される拡張関数
    4                     ;
    5                     ;=====================================
    6                     
    7                     
    8                     
    9                     ;-------------------------------------------------------
   10                     ;       ステージ開始ライフセット
   11                     ;-------------------------------------------------------
   12  02:D86F            PLY_LIFE_SET:
   13  02:D86F  AD 1F 01          lda  PLY_CONTINUE
   14  02:D872  18                clc
   15  02:D873  69 0A             adc  #PLY_LIFE_INIT
   16  02:D875  8D 1E 01          sta  PLY_LIFE
   17  02:D878  60                rts
   18                     
   19                     
   20                     
   21  02:D879            STAGE_PAL1:
   22                             PAL_STAGE_COM
                                  PAL_POWUP                                       ; BG2
       02:D879  0F 21 10          DB   PAL_BG,$21,$10,$20         ; BG 2
       02:D87C  20        
                                  PAL_GAGE_EFC                            ; BG3
       02:D87D  0F 21 21          DB  PAL_BG,$21,$21,$20                  ; BG 3  ゲージ＆爆発エフェクト
       02:D880  20        
                          
       02:D881  0F 0C 1C          DB  $0F,$0C,$1C,$2C                     ; SP 0  隕石 ザコ敵　緑系
       02:D884  2C        
                                  PAL_PLYER2
       02:D885  0F 1A 17          DB   PAL_BG,$1A,$17,$29
       02:D888  29        
                                  PAL_EFFECT                                      ; SP 2  敵弾
       02:D889  0F 15 19          DB   PAL_BG,$15,$19,$20
       02:D88C  20        
                                  PAL_PLYER                                       ; SP 3  プレーヤー系
       02:D88D  0F 21 10          DB   PAL_BG,$21,$10,$20
       02:D890  20        
   23                     
   24  02:D891            STAGE_PAL2:
   25                             PAL_STAGE01
                                  ; STAGE 1
       02:D891  0F 06 16          DB  PAL_BG,$06,$16,$26                  ; BG 0  ステージテーマメイン色
       02:D894  26        
       02:D895  0F 2D 27          DB  PAL_BG,$2D,$27,$37                  ; BG 1  ステージテーマサブ色
       02:D898  37        
   26                             PAL_STAGE02
                                  ; STAGE 2
       02:D899  0F 0A 1A          DB  PAL_BG,$0A,$1A,$2A                  ; BG 0  ステージテーマメイン色
       02:D89C  2A        
       02:D89D  0F 05 15          DB  PAL_BG,$05,$15,$25                  ; BG 1  ステージテーマサブ色
       02:D8A0  25        
   27                             PAL_STAGE03
                                  ; STAGE 3
       02:D8A1  0F 04 14          DB  PAL_BG,$04,$14,$24                  ; BG 0  ステージテーマメイン色
       02:D8A4  24        
       02:D8A5  0F 07 17          DB  PAL_BG,$07,$17,$28                  ; BG 1  ステージテーマサブ色
       02:D8A8  28        
   28                             PAL_STAGE04
                                  ; STAGE 4
       02:D8A9  0F 11 21          DB  PAL_BG,$11,$21,$20                  ; BG 0  ステージテーマメイン色
       02:D8AC  20        
       02:D8AD  0F 07 17          DB  PAL_BG,$07,$17,$28                  ; BG 1  ステージテーマサブ色
       02:D8B0  28        
   29                             PAL_STAGE05
                                  ; STAGE 5
       02:D8B1  0F 02 12          DB  PAL_BG,$02,$12,$22                  ; BG 0  ステージテーマメイン色
       02:D8B4  22        
       02:D8B5  0F 07 17          DB  PAL_BG,$07,$17,$28                  ; BG 1  ステージテーマサブ色
       02:D8B8  28        
   30                             PAL_STAGE06
                                  ; STAGE 6
       02:D8B9  0F 16 27          DB  PAL_BG,$16,$27,$20                  ; BG 0  ザコ敵　オレンジ系
       02:D8BC  20        
       02:D8BD  0F 25 36          DB  PAL_BG,$25,$36,$20                  ; BG 1  ザコ敵　ピンク系
       02:D8C0  20        
   31                             PAL_STAGE01
                                  ; STAGE 1
       02:D8C1  0F 06 16          DB  PAL_BG,$06,$16,$26                  ; BG 0  ステージテーマメイン色
       02:D8C4  26        
       02:D8C5  0F 2D 27          DB  PAL_BG,$2D,$27,$37                  ; BG 1  ステージテーマサブ色
       02:D8C8  37        
   32                             PAL_STAGE01
                                  ; STAGE 1
       02:D8C9  0F 06 16          DB  PAL_BG,$06,$16,$26                  ; BG 0  ステージテーマメイン色
       02:D8CC  26        
       02:D8CD  0F 2D 27          DB  PAL_BG,$2D,$27,$37                  ; BG 1  ステージテーマサブ色
       02:D8D0  37        
   33                     
   34                     ;------------------------------------
   35                     ; ゲーム画面共通パレットセット
   36                     ;------------------------------------
   37  02:D8D1            setGameCommonPal:
   38                             PAL_CHG
       02:D8D1  E6 E4             inc  <PAL_CHG_FG
   39  02:D8D3  A0 00             ldy  #0
   40  02:D8D5  AD 21 01          lda  PLY_STAGE
   41  02:D8D8  0A                asl  a
   42  02:D8D9  0A                asl  a
   43  02:D8DA  0A                asl  a
   44  02:D8DB  AA                tax
   45                     
   46  02:D8DC            .loop1
   47  02:D8DC  BD 89 D8          lda  STAGE_PAL2-8,x
   48  02:D8DF  99 90 00          sta  PAL_WRK,y
   49  02:D8E2  E8                inx
   50  02:D8E3  C8                iny
   51  02:D8E4  C0 08             cpy  #8
   52  02:D8E6  D0 F4             bne  .loop1
   53                     
   54  02:D8E8            .loop2
   55  02:D8E8  B9 71 D8          lda  STAGE_PAL1-8,y
   56  02:D8EB  99 90 00          sta  PAL_WRK,y
   57  02:D8EE  C8                iny
   58  02:D8EF  C0 20             cpy  #32
   59  02:D8F1  D0 F5             bne  .loop2
   60  02:D8F3  60                rts
   61                     
   62                     
   63  02:D8F4  60                rts
   64                     
#[1]   PG_main.asm
#[2]   AplMission.asm
   61                             .INCLUDE        "AplMission.asm"        ;
    1                     ;=====================================
    2                     ;
    3                     ;       ミッション制御プログラム
    4                     ;
    5                     ;
    6                     ;=====================================
    7                     
    8                     
    9                     ;-------------------
   10                     ;       初期化
   11                     ;-------------------
   12  02:D8F5            initMission:
   13  02:D8F5  A9 00             lda  #0
   14  02:D8F7  8D A0 03          sta  MISSON_NO
   15  02:D8FA            getMission:
   16  02:D8FA  A9 00             lda  #0
   17  02:D8FC  8D AA 03          sta  MISSON_STEP
   18  02:D8FF  85 8B             sta  <USR_PROG+1
   19  02:D901  8D 8F 03          sta  MISSON_PC_SP
   20                     
   21  02:D904  AD 1B 01          lda  DEBUG_MT_FLG
   22  02:D907  F0 19             beq  .no_mission_debug
   23  02:D909  C9 02             cmp  #2
   24  02:D90B  F0 10             beq  .ret_debug
   25                             
   26  02:D90D  AD 23 01          lda  DBD_M_TYPE
   27  02:D910  8D A1 03          sta  MISSON_TYPE
   28  02:D913  AD 24 01          lda  DBD_MT_SUB
   29  02:D916  8D A2 03          sta  MISSON_TYPE_SUB
   30  02:D919  EE 1B 01          inc  DEBUG_MT_FLG
   31  02:D91C  60                rts
   32  02:D91D            .ret_debug
   33  02:D91D  A9 03             lda  #ST_OPTION
   34  02:D91F  4C 8A EC          jmp  SET_STG_COD                ; =jsr+rts
   35                     
   36  02:D922            .no_mission_debug       
   37  02:D922  AD 21 01          lda  PLY_STAGE
   38  02:D925  0A                asl  a
   39                     
   40  02:D926  A8                tay
   41  02:D927  A5 B7             lda  <DEMO_FG
   42  02:D929  D0 0D             bne  .tbl_sel0
   43  02:D92B  B9 3D C0          lda  mission_prog_tbl+1, y
   44  02:D92E  85 57             sta  <SRC_ADR+1
   45  02:D930  B9 3C C0          lda  mission_prog_tbl, y
   46  02:D933  85 56             sta  <SRC_ADR+0
   47  02:D935  4C 56 D9          jmp  .tbl_sel_end
   48                     
   49  02:D938            .tbl_sel0
   50  02:D938  C9 01             cmp  #1
   51  02:D93A  D0 0D             bne  .tbl_sel1
   52                     
   53  02:D93C  B9 45 C0          lda  mission_prog_tbl_demo1+1, y
   54  02:D93F  85 57             sta  <SRC_ADR+1
   55  02:D941  B9 44 C0          lda  mission_prog_tbl_demo1, y
   56  02:D944  85 56             sta  <SRC_ADR+0
   57  02:D946  4C 56 D9          jmp  .tbl_sel_end
   58                     
   59  02:D949            .tbl_sel1
   60  02:D949  B9 4D C0          lda  mission_prog_tbl_demo2+1, y
   61  02:D94C  85 57             sta  <SRC_ADR+1
   62  02:D94E  B9 4C C0          lda  mission_prog_tbl_demo2, y
   63  02:D951  85 56             sta  <SRC_ADR+0
   64  02:D953  4C 56 D9          jmp  .tbl_sel_end
   65                     
   66                     
   67  02:D956            .tbl_sel_end
   68  02:D956  AD A0 03          lda  MISSON_NO
   69  02:D959  0A                asl  a
   70  02:D95A  A8                tay
   71  02:D95B  B1 56             lda  [SRC_ADR],y
   72  02:D95D  8D A1 03          sta  MISSON_TYPE
   73  02:D960  C8                iny
   74  02:D961  B1 56             lda  [SRC_ADR],y
   75  02:D963  8D A2 03          sta  MISSON_TYPE_SUB
   76  02:D966  EE A0 03          inc  MISSON_NO
   77                     
   78  02:D969  AC A1 03          ldy  MISSON_TYPE
   79  02:D96C  C0 FB             cpy  #MT_ATK_NO
   80  02:D96E  F0 05             beq  .atk_no
   81  02:D970  C0 FC             cpy  #MT_ANM_NO
   82  02:D972  F0 0A             beq  .anm_no
   83  02:D974            .end
   84  02:D974  60                rts
   85                     
   86                     
   87                     ; 攻撃番号セット
   88  02:D975            .atk_no
   89  02:D975  AD A2 03          lda  MISSON_TYPE_SUB
   90  02:D978  8D 84 03          sta  MISSON_ATK_NO
   91  02:D97B  4C FA D8          jmp  getMission
   92                     
   93                     ; アニメーション番号セット
   94  02:D97E            .anm_no
   95  02:D97E  AD A2 03          lda  MISSON_TYPE_SUB
   96  02:D981  8D 8D 03          sta  MISSON_ANM_NO
   97  02:D984  4C FA D8          jmp  getMission
   98                     
   99                     
  100                     ;-------------------
  101                     ;       ミッション更新処理（メインから毎フレームコール）
  102                     ;-------------------
  103  02:D987            updateMission:
  104  02:D987  20 91 D9          jsr  .u001
  105  02:D98A  A5 8B             lda  <USR_PROG+1
  106  02:D98C  F0 0A             beq  .end
  107  02:D98E  6C 8A 00          jmp  [USR_PROG]
  108                     
  109  02:D991            .u001
  110  02:D991  AD A1 03          lda  MISSON_TYPE
  111  02:D994  C9 FF             cmp  #$FF
  112  02:D996  D0 01             bne  .u000
  113  02:D998            .end
  114  02:D998  60                rts
  115                     
  116  02:D999            .u000
  117                             TBL_JUMP
       02:D999  0A                ASL     A
       02:D99A  86 F0             stx  <TMP_SYS
       02:D99C  AA                TAX
       02:D99D  BD A9 D9          LDA     .tbl00350+1,X
       02:D9A0  48                PHA
       02:D9A1  BD A8 D9          LDA     .tbl00350+0,X
       02:D9A4  A6 F0             ldx  <TMP_SYS
       02:D9A6  48                PHA
       02:D9A7  60                RTS
       02:D9A8            .tbl00350:
  118                             JPTBL   mi_Hara         ; 0  BGザコ敵
       02:D9A8  88 C8             DW      mi_Hara -1
  119                             JPTBL   mi_Hara         ; 1  BGザコ敵
       02:D9AA  88 C8             DW      mi_Hara -1
  120                             JPTBL   mi_Hara         ; 2  BGザコ敵
       02:D9AC  88 C8             DW      mi_Hara -1
  121                             JPTBL   mi_Hara         ; 3  BGザコ敵
       02:D9AE  88 C8             DW      mi_Hara -1
  122                             JPTBL   mi_Hara         ; 4  BGザコ敵
       02:D9B0  88 C8             DW      mi_Hara -1
  123  02:D9B2            mi_dmy:
  124  02:D9B2  60                rts
  125                     
  126                     
  127                     ;=================================
  128                     ; ミッションコントロールシステム
  129                     ;=================================
  130                     ;----------------------
  131                     ;  初期化
  132                     ;----------------------
  133  02:D9B3            initMissionControl:
  134  02:D9B3  AD A1 03          lda  MISSON_TYPE
  135  02:D9B6  0A                asl  a
  136  02:D9B7  AA                tax
  137  02:D9B8  BD E1 D9          lda  .tbl_control_tbl_list+0,x
  138  02:D9BB  85 5A             sta  <TMP_ADR0 +0
  139  02:D9BD  BD E2 D9          lda  .tbl_control_tbl_list+1,x
  140  02:D9C0  85 5B             sta  <TMP_ADR0 +1
  141                     
  142  02:D9C2  AD A2 03          lda  MISSON_TYPE_SUB
  143  02:D9C5  A8                tay
  144  02:D9C6  29 C0             and  #$C0
  145  02:D9C8  8D B0 03          sta  ENEMY_ATK_LV       ;  敵の攻撃レベル設定
  146  02:D9CB  98                tya
  147  02:D9CC  29 3F             and  #$3F
  148  02:D9CE  0A                asl  a
  149  02:D9CF  A8                tay
  150  02:D9D0  B1 5A             lda  [TMP_ADR0],y
  151  02:D9D2  8D A4 03          sta  MISSON_PC+0
  152  02:D9D5  C8                iny
  153  02:D9D6  B1 5A             lda  [TMP_ADR0],y
  154  02:D9D8  8D A5 03          sta  MISSON_PC+1
  155                     
  156  02:D9DB  A9 00             lda  #0
  157  02:D9DD  8D A3 03          sta  MISSON_WAIT
  158                     
  159  02:D9E0  60                rts
  160                     
  161                     
  162  02:D9E1            .tbl_control_tbl_list
  163  02:D9E1  A1 C1             dw misson_hara_control_tbl              ;0
  164  02:D9E3  A1 C1             dw misson_hara_control_tbl              ;1
  165  02:D9E5  A1 C1             dw misson_hara_control_tbl              ;2
  166  02:D9E7  A1 C1             dw misson_hara_control_tbl              ;3
  167                     
  168                     
  169                     ;----------------------
  170                     ;  ミッションスタック
  171                     ;----------------------
  172  02:D9E9            pushMstack_areg
  173  02:D9E9  AE 8F 03          ldx  MISSON_PC_SP
  174  02:D9EC  9D 90 03          sta  MISSON_STACK+0,x
  175  02:D9EF  EE 8F 03          inc  MISSON_PC_SP
  176  02:D9F2  60                rts
  177                     
  178  02:D9F3            popMstack_areg
  179  02:D9F3  CE 8F 03          dec  MISSON_PC_SP
  180  02:D9F6  AE 8F 03          ldx  MISSON_PC_SP
  181  02:D9F9  BD 90 03          lda  MISSON_STACK+0,x
  182  02:D9FC  60                rts
  183                     
  184                     
  185                     ;----------------------
  186                     ;  メイン
  187                     ;----------------------
  188  02:D9FD            mainMissionControl:
  189  02:D9FD  AD A3 03          lda  MISSON_WAIT
  190  02:DA00  F0 05             beq  .control
  191  02:DA02  CE A3 03          dec  MISSON_WAIT
  192  02:DA05  18                clc
  193  02:DA06  60                rts
  194                     
  195  02:DA07            .control
  196  02:DA07  AD A4 03          lda  MISSON_PC+0
  197  02:DA0A  85 56             sta  <SRC_ADR+0
  198  02:DA0C  AD A5 03          lda  MISSON_PC+1
  199  02:DA0F  85 57             sta  <SRC_ADR+1
  200                     
  201  02:DA11            .loop
  202  02:DA11  20 C5 EC          jsr  getSCR_ADR_DATA
  203  02:DA14  C9 00             cmp  #_MC_END
  204  02:DA16  F0 49             beq  .mc_end
  205  02:DA18  C9 EC             cmp  #_MC_BASE
  206  02:DA1A  90 47             bcc  .mc_wait
  207                     
  208  02:DA1C  E9 EC             sbc  #_MC_BASE
  209                             TBL_JUMP
       02:DA1E  0A                ASL     A
       02:DA1F  86 F0             stx  <TMP_SYS
       02:DA21  AA                TAX
       02:DA22  BD 2E DA          LDA     .tbl00356+1,X
       02:DA25  48                PHA
       02:DA26  BD 2D DA          LDA     .tbl00356+0,X
       02:DA29  A6 F0             ldx  <TMP_SYS
       02:DA2B  48                PHA
       02:DA2C  60                RTS
       02:DA2D            .tbl00356:
  210                             JPTBL   .mc_mempop              ; _MC_MEMPOP      メモリー 1バイト POP
       02:DA2D  DD DB             DW      .mc_mempop -1
  211                             JPTBL   .mc_mempush             ; _MC_MEMPUSH     メモリー 1バイト PUSH
       02:DA2F  D0 DB             DW      .mc_mempush -1
  212                             JPTBL   .mc_memcmp              ; _MC_MEMCMP      メモリー比較 1バイト版 アドレス、値
       02:DA31  BE DB             DW      .mc_memcmp -1
  213                             JPTBL   .mc_memadd              ; _MC_MEMADD      メモリー加算 1バイト版 アドレス、値
       02:DA33  AE DB             DW      .mc_memadd -1
  214                             JPTBL   .mc_nouse               ; @_MC_VRAMSET    VRAMセット　アドレス、値
       02:DA35  60 DA             DW      .mc_nouse -1
  215                             JPTBL   .mc_pgcall2             ;F1 _MC_PGCALL2
       02:DA37  21 DB             DW      .mc_pgcall2 -1
  216                             JPTBL   .mc_dummy               ;F2
       02:DA39  54 DA             DW      .mc_dummy -1
  217                             JPTBL   .mc_memclr              ;F3 _MC_MEMCLR
       02:DA3B  9C DB             DW      .mc_memclr -1
  218                             JPTBL   .mc_pgcall              ;F4 _MC_PGCALL
       02:DA3D  2B DB             DW      .mc_pgcall -1
  219                             JPTBL   .mc_memset2             ;F5 _MC_MEMSET2
       02:DA3F  7A DB             DW      .mc_memset2 -1
  220                             JPTBL   .mc_memset              ;F6 _MC_MEMSET
       02:DA41  8F DB             DW      .mc_memset -1
  221                             JPTBL   .mc_palset              ;F7 _MC_PALSET
       02:DA43  EA DB             DW      .mc_palset -1
  222                             JPTBL   .mc_dummy               ;F8
       02:DA45  54 DA             DW      .mc_dummy -1
  223                             JPTBL   .mc_memcpy2             ;F9 _MC_MEMCPY2
       02:DA47  45 DB             DW      .mc_memcpy2 -1
  224                             JPTBL   .mc_memcpyn             ;FA _MC_MEMCPYN
       02:DA49  5E DB             DW      .mc_memcpyn -1
  225                             JPTBL   .mc_nouse               ;FB _MC_ZAKO
       02:DA4B  60 DA             DW      .mc_nouse -1
  226                             JPTBL   .mc_jmp                 ;FC _MC_JMP
       02:DA4D  AE DA             DW      .mc_jmp -1
  227                             JPTBL   .mc_loop_cnt    ;FD _MC_LOOP_CNT
       02:DA4F  A5 DA             DW      .mc_loop_cnt -1
  228                             JPTBL   .mc_ret                 ;FE _MC_RET
       02:DA51  92 DA             DW      .mc_ret -1
  229                             JPTBL   .mc_call                ;FF _MC_CALL
       02:DA53  71 DA             DW      .mc_call -1
  230                     
  231                     
  232  02:DA55            .mc_dummy
  233  02:DA55  60                rts
  234                     
  235                             ;------------------
  236                             ; 処理共通化
  237                             ;------------------
  238  02:DA56            .getSCR_DST_ADR
  239  02:DA56  20 C5 EC          jsr  getSCR_ADR_DATA
  240  02:DA59  85 58             sta   <DST_ADR+0
  241  02:DA5B  20 C5 EC          jsr  getSCR_ADR_DATA
  242  02:DA5E  85 59             sta   <DST_ADR+1
  243  02:DA60  60                rts
  244                             
  245                     
  246                     
  247                             ;------------------
  248                             ; 未使用
  249                             ;------------------
  250  02:DA61            .mc_nouse:
  251                     
  252                             ;------------------
  253                             ; データエンド
  254                             ;------------------
  255  02:DA61            .mc_end
  256  02:DA61  38                sec
  257  02:DA62  60                rts
  258                     
  259                             ;-------------------------------------
  260                             ; ウェイトタイマーセットしてテーブルデコード終了
  261                             ;-------------------------------------
  262  02:DA63            .mc_wait
  263  02:DA63  8D A3 03          sta  MISSON_WAIT
  264                             
  265  02:DA66  A5 56             lda  <SRC_ADR+0
  266  02:DA68  8D A4 03          sta  MISSON_PC+0
  267  02:DA6B  A5 57             lda  <SRC_ADR+1
  268  02:DA6D  8D A5 03          sta  MISSON_PC+1
  269  02:DA70  18                clc
  270  02:DA71  60                rts
  271                     
  272                     
  273                             ;------------------
  274                             ; コール
  275                             ;------------------
  276  02:DA72            .mc_call
  277  02:DA72  20 C5 EC          jsr  getSCR_ADR_DATA
  278  02:DA75  48                pha
  279  02:DA76  20 C5 EC          jsr  getSCR_ADR_DATA
  280  02:DA79  48                pha
  281                     
  282                             ; 戻り先アドレスをセット
  283  02:DA7A  A5 56             lda  <SRC_ADR+0
  284  02:DA7C  20 E9 D9          jsr  pushMstack_areg
  285  02:DA7F  A5 57             lda  <SRC_ADR+1
  286  02:DA81  20 E9 D9          jsr  pushMstack_areg
  287                     
  288                             ; ループカウンターをセット
  289  02:DA84  AD A6 03          lda  MISSON_LOOP_CNT
  290  02:DA87  20 E9 D9          jsr  pushMstack_areg
  291                     
  292                             ; コール先アドレスにPCを書き換え
  293  02:DA8A  68                pla
  294  02:DA8B  85 57             sta  <SRC_ADR+1
  295  02:DA8D  68                pla
  296  02:DA8E  85 56             sta  <SRC_ADR+0
  297  02:DA90  4C 11 DA          jmp  .loop
  298                     
  299                             ;------------------
  300                             ; リターン
  301                             ;------------------
  302  02:DA93            .mc_ret
  303  02:DA93  20 F3 D9          jsr  popMstack_areg
  304  02:DA96  8D A6 03          sta  MISSON_LOOP_CNT
  305  02:DA99  20 F3 D9          jsr  popMstack_areg
  306  02:DA9C  85 57             sta  <SRC_ADR+1
  307  02:DA9E  20 F3 D9          jsr  popMstack_areg
  308  02:DAA1  85 56             sta  <SRC_ADR+0
  309                     
  310  02:DAA3  4C 11 DA          jmp  .loop
  311                     
  312                             ;------------------
  313                             ; ループカウンターセット
  314                             ;------------------
  315  02:DAA6            .mc_loop_cnt
  316  02:DAA6  20 C5 EC          jsr  getSCR_ADR_DATA
  317  02:DAA9  8D A6 03          sta  MISSON_LOOP_CNT
  318  02:DAAC  4C 11 DA          jmp  .loop
  319                     
  320                     
  321                             ;------------------
  322                             ; 条件付ジャンプ
  323                             ;------------------
  324  02:DAAF            .mc_jmp
  325  02:DAAF  20 C5 EC          jsr  getSCR_ADR_DATA
  326  02:DAB2  48                pha
  327  02:DAB3  20 C5 EC          jsr  getSCR_ADR_DATA
  328  02:DAB6  48                pha
  329  02:DAB7  20 C5 EC          jsr  getSCR_ADR_DATA
  330  02:DABA  AA                tax
  331  02:DABB  20 C5 EC          jsr  getSCR_ADR_DATA
  332  02:DABE  20 D1 DA          jsr  .mcj_sub
  333  02:DAC1  B0 05             bcs  .mc_jump00
  334                     
  335                             ; ジャンプしないで、次の命令へ
  336  02:DAC3  68                pla
  337  02:DAC4  68                pla
  338  02:DAC5  4C 11 DA          jmp  .loop
  339                     
  340                             ; 指定アドレスにジャンプ
  341  02:DAC8            .mc_jump00
  342  02:DAC8  68                pla
  343  02:DAC9  85 57             sta  <SRC_ADR+1
  344  02:DACB  68                pla
  345  02:DACC  85 56             sta  <SRC_ADR+0
  346  02:DACE  4C 11 DA          jmp  .loop
  347                     
  348                     
  349                     
  350                     ;-------------------------------------
  351                     ; 条件付ジャンプの条件判定サブ
  352                     ;   ジャンプする場合 cフラグセット
  353                     ;-------------------------------------
  354  02:DAD1            .mcj_sub
  355  02:DAD1  8A                txa
  356                             TBL_JUMP
       02:DAD2  0A                ASL     A
       02:DAD3  86 F0             stx  <TMP_SYS
       02:DAD5  AA                TAX
       02:DAD6  BD E2 DA          LDA     .tbl00377+1,X
       02:DAD9  48                PHA
       02:DADA  BD E1 DA          LDA     .tbl00377+0,X
       02:DADD  A6 F0             ldx  <TMP_SYS
       02:DADF  48                PHA
       02:DAE0  60                RTS
       02:DAE1            .tbl00377:
  357                             JPTBL  .MCJ_JMP
       02:DAE1  F4 DA             DW      .MCJ_JMP -1
  358                             JPTBL  .MCJ_LOOP_CNT
       02:DAE3  F6 DA             DW      .MCJ_LOOP_CNT -1
  359                             JPTBL  .MCJ_BOSS_HP
       02:DAE5  F4 DA             DW      .MCJ_BOSS_HP -1
  360                             JPTBL  .MCJ_JMP
       02:DAE7  F4 DA             DW      .MCJ_JMP -1
  361                             JPTBL  .MCJ_JMP
       02:DAE9  F4 DA             DW      .MCJ_JMP -1
  362                             JPTBL  .MCJ_JMP
       02:DAEB  F4 DA             DW      .MCJ_JMP -1
  363                             JPTBL  .MCJ_CMP_Z
       02:DAED  FD DA             DW      .MCJ_CMP_Z -1
  364                             JPTBL  .MCJ_CMP_NZ
       02:DAEF  06 DB             DW      .MCJ_CMP_NZ -1
  365                             JPTBL  .MCJ_CMP_C
       02:DAF1  0F DB             DW      .MCJ_CMP_C -1
  366                             JPTBL  .MCJ_CMP_NC
       02:DAF3  18 DB             DW      .MCJ_CMP_NC -1
  367                     
  368                     
  369                     ; 無条件ジャンプ ----------
  370                     
  371                     ; BOSS HP比較　未使用 ----------
  372  02:DAF5            .MCJ_BOSS_HP
  373  02:DAF5            .MCJ_JMP
  374  02:DAF5  38                sec
  375  02:DAF6  60                rts
  376                     
  377                     ; ループカウントダウン ----------
  378  02:DAF7            .MCJ_LOOP_CNT
  379  02:DAF7  CE A6 03          dec  MISSON_LOOP_CNT
  380  02:DAFA  D0 F9             bne  .MCJ_JMP
  381  02:DAFC  18                clc
  382  02:DAFD  60                rts
  383                     
  384                     
  385                     ; メモリー比較結果がZならジャンプ ----------
  386  02:DAFE            .MCJ_CMP_Z
  387  02:DAFE  AD B1 03          lda  MISSON_CMP_P
  388  02:DB01  48                pha
  389  02:DB02  28                plp
  390  02:DB03  F0 F0             beq  .MCJ_JMP
  391  02:DB05  18                clc
  392  02:DB06  60                rts
  393                     
  394                     ; メモリー比較結果がNZならジャンプ ----------
  395  02:DB07            .MCJ_CMP_NZ
  396  02:DB07  AD B1 03          lda  MISSON_CMP_P
  397  02:DB0A  48                pha
  398  02:DB0B  28                plp
  399  02:DB0C  D0 E7             bne  .MCJ_JMP
  400  02:DB0E  18                clc
  401  02:DB0F  60                rts
  402                     
  403                     ; メモリー比較結果がCならジャンプ ----------
  404  02:DB10            .MCJ_CMP_C
  405  02:DB10  AD B1 03          lda  MISSON_CMP_P
  406  02:DB13  48                pha
  407  02:DB14  28                plp
  408  02:DB15  B0 DE             bcs  .MCJ_JMP
  409  02:DB17  18                clc
  410  02:DB18  60                rts
  411                     
  412                     ; メモリー比較結果がNCならジャンプ ----------
  413  02:DB19            .MCJ_CMP_NC
  414  02:DB19  AD B1 03          lda  MISSON_CMP_P
  415  02:DB1C  48                pha
  416  02:DB1D  28                plp
  417  02:DB1E  90 D5             bcc  .MCJ_JMP
  418  02:DB20  18                clc
  419  02:DB21  60                rts
  420                     
  421                     
  422                             ;------------------
  423                             ; プログラムコールアドレスセット版
  424                             ;------------------
  425  02:DB22            .mc_pgcall2
  426  02:DB22  20 C5 EC          jsr  getSCR_ADR_DATA
  427  02:DB25  85 5A             sta  <TMP_ADR0 +0
  428  02:DB27  20 C5 EC          jsr  getSCR_ADR_DATA
  429  02:DB2A  85 5B             sta  <TMP_ADR0 +1
  430                     
  431                             ;------------------
  432                             ; プログラムコール
  433                             ;------------------
  434  02:DB2C            .mc_pgcall
  435  02:DB2C  20 37 DB          jsr  .mc_pgcall_sub
  436  02:DB2F  08                php
  437  02:DB30  68                pla
  438  02:DB31  8D B1 03          sta  MISSON_CMP_P
  439  02:DB34  4C 11 DA          jmp  .loop
  440                     
  441  02:DB37            .mc_pgcall_sub
  442  02:DB37  20 C5 EC          jsr  getSCR_ADR_DATA
  443  02:DB3A  48                pha
  444  02:DB3B  20 C5 EC          jsr  getSCR_ADR_DATA
  445  02:DB3E  48                pha
  446  02:DB3F  20 C5 EC          jsr  getSCR_ADR_DATA
  447  02:DB42  A8                tay
  448  02:DB43  4C C5 EC          jmp  getSCR_ADR_DATA
  449                     
  450                             ;------------------
  451                             ; メモリーコピー ２バイト版
  452                             ;------------------
  453  02:DB46            .mc_memcpy2
  454  02:DB46  20 56 DA          jsr  .getSCR_DST_ADR
  455  02:DB49  A0 01             ldy  #1
  456  02:DB4B  B1 58             lda  [DST_ADR],Y
  457  02:DB4D  88                dey
  458  02:DB4E  48                pha
  459  02:DB4F  B1 58             lda  [DST_ADR],Y
  460  02:DB51  48                pha
  461                     
  462  02:DB52  20 56 DA          jsr  .getSCR_DST_ADR
  463                     
  464  02:DB55  68                pla
  465  02:DB56  91 58             sta  [DST_ADR],Y
  466  02:DB58  C8                iny
  467  02:DB59  68                pla
  468  02:DB5A  91 58             sta  [DST_ADR],Y
  469  02:DB5C  4C 11 DA          jmp  .loop
  470                     
  471                             ;------------------
  472                             ; メモリーコピー Nバイト版
  473                             ;------------------
  474  02:DB5F            .mc_memcpyn
  475  02:DB5F  20 C5 EC          jsr  getSCR_ADR_DATA
  476  02:DB62  85 40             sta   <W_AR+0
  477  02:DB64  20 C5 EC          jsr  getSCR_ADR_DATA
  478  02:DB67  85 41             sta   <W_AR+1
  479                     
  480  02:DB69  20 56 DA          jsr  .getSCR_DST_ADR
  481                     
  482  02:DB6C  20 C5 EC          jsr  getSCR_ADR_DATA
  483  02:DB6F  A8                tay
  484  02:DB70  88                dey
  485  02:DB71            .loop_mc_memcpyn
  486  02:DB71  B1 40             lda  [W_AR],Y
  487  02:DB73  91 58             sta  [DST_ADR],Y
  488  02:DB75  88                dey
  489  02:DB76  10 F9             bpl  .loop_mc_memcpyn
  490  02:DB78  4C 11 DA          jmp  .loop
  491                     
  492                     
  493                             ;------------------
  494                             ; メモリーセット ２バイト版
  495                             ;------------------
  496  02:DB7B            .mc_memset2
  497  02:DB7B  20 56 DA          jsr  .getSCR_DST_ADR
  498  02:DB7E  20 C5 EC          jsr  getSCR_ADR_DATA
  499  02:DB81  48                pha
  500  02:DB82  20 C5 EC          jsr  getSCR_ADR_DATA
  501  02:DB85  A0 01             ldy   #1
  502  02:DB87  91 58             sta   [DST_ADR],Y
  503  02:DB89  88                dey
  504  02:DB8A  68                pla
  505  02:DB8B  91 58             sta   [DST_ADR],Y
  506  02:DB8D  4C 11 DA          jmp  .loop
  507                     
  508                             ;------------------
  509                             ; メモリーセット
  510                             ;------------------
  511  02:DB90            .mc_memset
  512  02:DB90  20 56 DA          jsr  .getSCR_DST_ADR
  513  02:DB93  20 C5 EC          jsr  getSCR_ADR_DATA
  514  02:DB96  A0 00             ldy   #0
  515  02:DB98  91 58             sta   [DST_ADR],Y
  516  02:DB9A  4C 11 DA          jmp  .loop
  517                     
  518                             ;------------------
  519                             ; メモリークリア
  520                             ;------------------
  521  02:DB9D            .mc_memclr
  522  02:DB9D  20 56 DA          jsr  .getSCR_DST_ADR
  523  02:DBA0  20 C5 EC          jsr  getSCR_ADR_DATA
  524  02:DBA3  A8                tay
  525  02:DBA4  20 C5 EC          jsr  getSCR_ADR_DATA
  526                     
  527  02:DBA7            .mc_mclr_loop
  528  02:DBA7  88                dey
  529  02:DBA8  91 58             sta   [DST_ADR],y
  530  02:DBAA  D0 FB             bne   .mc_mclr_loop
  531  02:DBAC  4C 11 DA          jmp  .loop
  532                     
  533                     
  534                             ;------------------
  535                             ; メモリー加算
  536                             ;------------------
  537  02:DBAF            .mc_memadd
  538  02:DBAF  20 56 DA          jsr  .getSCR_DST_ADR
  539  02:DBB2  20 C5 EC          jsr  getSCR_ADR_DATA
  540  02:DBB5  A0 00             ldy   #0
  541  02:DBB7  18                clc
  542  02:DBB8  71 58             adc  [DST_ADR],Y
  543  02:DBBA  91 58             sta  [DST_ADR],Y
  544  02:DBBC  4C 11 DA          jmp  .loop
  545                     
  546                             ;------------------
  547                             ; メモリー比較
  548                             ;------------------
  549  02:DBBF            .mc_memcmp
  550  02:DBBF  20 56 DA          jsr  .getSCR_DST_ADR
  551  02:DBC2  20 C5 EC          jsr  getSCR_ADR_DATA
  552  02:DBC5  A0 00             ldy   #0
  553  02:DBC7  D1 58             cmp  [DST_ADR],Y
  554  02:DBC9  08                php
  555  02:DBCA  68                pla
  556  02:DBCB  8D B1 03          sta  MISSON_CMP_P
  557  02:DBCE  4C 11 DA          jmp  .loop
  558                     
  559                     
  560                             ;------------------
  561                             ; メモリーPUSH
  562                             ;------------------
  563  02:DBD1            .mc_mempush
  564  02:DBD1  20 56 DA          jsr  .getSCR_DST_ADR
  565  02:DBD4  A0 00             ldy   #0
  566  02:DBD6  B1 58             lda  [DST_ADR],Y
  567  02:DBD8  20 E9 D9          jsr  pushMstack_areg
  568  02:DBDB  4C 11 DA          jmp  .loop
  569                     
  570                     
  571                             ;------------------
  572                             ; メモリーPOP
  573                             ;------------------
  574  02:DBDE            .mc_mempop
  575  02:DBDE  20 56 DA          jsr  .getSCR_DST_ADR
  576  02:DBE1  20 F3 D9          jsr  popMstack_areg
  577  02:DBE4  A0 00             ldy   #0
  578  02:DBE6  91 58             sta  [DST_ADR],Y
  579  02:DBE8  4C 11 DA          jmp  .loop
  580                     
  581                     
  582                             ;------------------
  583                             ; パレットセット
  584                             ;------------------
  585  02:DBEB            .mc_palset
  586  02:DBEB  20 C5 EC          jsr  getSCR_ADR_DATA
  587  02:DBEE  AA                tax
  588  02:DBEF  20 C5 EC          jsr  getSCR_ADR_DATA
  589  02:DBF2  9D 90 00          sta  PAL_WRK,x
  590  02:DBF5  20 C5 EC          jsr  getSCR_ADR_DATA
  591  02:DBF8  9D 91 00          sta  PAL_WRK+1,x
  592  02:DBFB  20 C5 EC          jsr  getSCR_ADR_DATA
  593  02:DBFE  9D 92 00          sta  PAL_WRK+2,x
  594                             PAL_CHG
       02:DC01  E6 E4             inc  <PAL_CHG_FG
  595  02:DC03  4C 11 DA          jmp  .loop
  596                     
#[1]   PG_main.asm
   62                     
   63                     
   64           0003              .BANK           3
   65           E000            ORG     $E000
   66                     ;-----------------------------
   67                     ;  $E000
   68                     ;  ゲーム変数初期化　FC PICO用
   69                     ; 
   70                     ;-----------------------------
   71  03:E000            jvcFCP_GAME_INIT:
   72  03:E000  20 08 E0          jsr  FCP_GAME_INIT
   73  03:E003  00                brk
   74                     ;-----------------------------
   75                     ;  $E004
   76                     ;  ゲーム本体処理　FC PICO用
   77                     ; 
   78                     ;-----------------------------
   79  03:E004            jvcFCP_GAME_MAIN:
   80  03:E004  20 3C E0          jsr  FCP_GAME_MAIN
   81  03:E007  00                brk
   82                     
   83                     
   84                     
   85  03:E008            FCP_GAME_INIT:
   86  03:E008  A9 00             lda  #0
   87  03:E00A  85 B7             sta  <DEMO_FG
   88                     
   89  03:E00C  A9 05             lda  #ST_MAIN        ;プレイ画面へ
   90  03:E00E  85 E8             STA     <STG_COD
   91                     
   92  03:E010  A9 00             LDA     #0
   93  03:E012  85 EF             sta <NMI_CALL_ADR+1
   94  03:E014  85 ED             sta <NMI_CALL_BNK
   95  03:E016  85 E9             STA     <STG_COD_SUB
   96  03:E018  85 C5             STA     <KEY_NEW
   97  03:E01A  85 C3             STA     <KEY_TRG
   98                     
   99  03:E01C  A2 2E             ldx  #low( CLEAR_300W_TOP )
  100  03:E01E  A9 00             lda  #0
  101  03:E020            .loop
  102  03:E020  9D 00 03          sta  $300,x
  103  03:E023  E8                inx
  104  03:E024  D0 FA             bne  .loop
  105                     
  106  03:E026  20 6F D8          jsr  PLY_LIFE_SET
  107  03:E029  A9 80             lda #POS_PLY_X_INIT
  108  03:E02B  8D 20 05          sta POS_PLY_X
  109  03:E02E  A9 C0             lda #POS_PLY_Y_INIT
  110  03:E030  8D 21 05          sta POS_PLY_Y
  111                     
  112  03:E033  A9 00             lda  #PLY_AN_WAIT
  113  03:E035  20 92 D6          jsr  SET_PLY_ANM
  114                     
  115  03:E038  20 F5 D8          jsr initMission
  116  03:E03B  60                rts
  117                     
  118                     
  119  03:E03C            FCP_GAME_MAIN:
  120  03:E03C  20 87 D9          jsr updateMission
  121  03:E03F  20 58 E0          jsr moveGameObj
  122                     
  123  03:E042  AD B3 03          lda  PLY_ANM_NO
  124  03:E045  C9 04             cmp  #PLY_AN_DEAD
  125  03:E047  D0 03             bne  .plydm_20
  126                     
  127  03:E049  20 AD D7          jsr  setPlayerDeadEffect
  128                     
  129                     
  130  03:E04C            .plydm_20
  131  03:E04C  20 B8 EE          jsr  MAKE_RND
  132                             incw  <SYS_TIMER
       03:E04F  E6 E5             inc     <SYS_TIMER
       03:E051  D0 02             bne     .iend00389
                          
       03:E053  E6 E6             inc     <SYS_TIMER + 1
       03:E055            .iend00389:
                          
  133  03:E055  E6 E7             inc <FLM_TIMER
  134  03:E057  60                rts
  135                     
#[2]   AplGameMove.asm
  136                             .INCLUDE        "AplGameMove.asm"
    1                     ;=======================================================================
    2                     ;=======================================================================
    3                     ;=======================================================================
    4                     ;
    5                     ;  各種ゲームOBJ移動処理
    6                     ;
    7                     
    8                     
    9                     
   10                     
   11  03:E058            moveGameObj:
   12                             ; 無敵タイマーカウントダウン
   13  03:E058  AD B6 03          lda  PLY_MUTEKI_TM
   14  03:E05B  F0 03             beq  .mg00
   15  03:E05D  CE B6 03          dec  PLY_MUTEKI_TM
   16  03:E060            .mg00
   17  03:E060  AD A1 03          lda  MISSON_TYPE
   18  03:E063  C9 03             cmp  #MT_EVNT
   19  03:E065  F0 0F             beq  .skip_00
   20                     
   21                     ;       jsr movePlyMoveObj
   22                     
   23  03:E067  20 1B E2          jsr movePlyHorming
   24  03:E06A  20 08 E6          jsr movePlyMoveObj
   25                     
   26  03:E06D  20 75 E2          jsr movePlyShotAObj
   27  03:E070  20 77 E0          jsr moveEnemyNTObj
   28                     
   29  03:E073  20 BA E2          jsr hitEnemyNTObj
   30                     
   31  03:E076            .skip_00
   32  03:E076  60                rts
   33                     
   34                     
   35                     
   36                     ;-----------------------------------
   37                     ; 敵弾移動
   38                     ;-----------------------------------
   39  03:E077            moveEnemyNTObj:
   40                     
   41                             ; 移動処理ループ
   42  03:E077  A5 E7             lda  <FLM_TIMER
   43  03:E079  85 47             sta  <TMP_LOOP_CNT
   44  03:E07B  A2 00             ldx  #0
   45  03:E07D  86 8E             stx  <CACHE_GET_NENMY_NT_FG
   46  03:E07F            .loop
   47  03:E07F  BD 00 06          lda ENEMY_NT_KIND,x
   48  03:E082  D0 0C             bne .movejob
   49  03:E084            .next
   50  03:E084  E6 47             inc  <TMP_LOOP_CNT
   51  03:E086  8A                txa
   52  03:E087  18                clc
   53  03:E088  69 08             adc  #ENEMY_NT_SIZE
   54  03:E08A  AA                tax
   55  03:E08B  E0 B0             cpx #ENEMY_NT_SIZE*ENEMY_NT_SUU
   56  03:E08D  D0 F0             bne .loop
   57                     
   58                     
   59  03:E08F            .end
   60  03:E08F  60                rts
   61                     
   62                     
   63  03:E090            .movejob
   64  03:E090  20 E8 E0          jsr  .moveSpcSub
   65  03:E093  BD 00 06          lda  ENEMY_NT_KIND,x
   66  03:E096  F0 EC             beq .next
   67  03:E098  C9 8C             cmp #NTK_WARP           ; ワープは移動しない
   68  03:E09A  F0 E8             beq .next
   69                     
   70  03:E09C  BD 01 06          lda  ENEMY_NT_MP,x
   71  03:E09F  20 4C E3          jsr  setMoveDirData
   72                     
   73                             ; X移動計算
   74  03:E0A2  BD 04 06          lda  ENEMY_NT_X+0,x
   75  03:E0A5  18                clc
   76  03:E0A6  65 40             adc  <W_AR
   77  03:E0A8  9D 04 06          sta  ENEMY_NT_X+0,x
   78  03:E0AB  BD 05 06          lda  ENEMY_NT_X+1,x
   79  03:E0AE  65 41             adc  <W_AR+1
   80  03:E0B0  9D 05 06          sta  ENEMY_NT_X+1,x
   81                             
   82                             ;  X画面外チェック
   83  03:E0B3  A5 41             lda  <W_AR+1
   84  03:E0B5  10 03             bpl  .movx1
   85  03:E0B7  20 FC EC          jsr  revCFlag
   86  03:E0BA            .movx1
   87  03:E0BA  B0 24             bcs  .clear
   88                             
   89                             ; Y移動計算
   90  03:E0BC  BD 06 06          lda  ENEMY_NT_Y+0,x
   91  03:E0BF  18                clc
   92  03:E0C0  65 42             adc  <W_BR
   93  03:E0C2  9D 06 06          sta  ENEMY_NT_Y+0,x
   94  03:E0C5  BD 07 06          lda  ENEMY_NT_Y+1,x
   95  03:E0C8  65 43             adc  <W_BR+1
   96  03:E0CA  9D 07 06          sta  ENEMY_NT_Y+1,x
   97                     
   98                             
   99                             ;  Y画面外チェック
  100                     ;       lda ENEMY_NT_Y+1,x
  101  03:E0CD  C9 D8             cmp #ENEMY_LINE_SUU
  102                     ;       cmp #240
  103  03:E0CF  90 B3             bcc .next
  104                     
  105  03:E0D1  BD 00 06          lda  ENEMY_NT_KIND,x
  106  03:E0D4  C9 04             cmp  #NTK_MISS
  107  03:E0D6  D0 08             bne  .clear
  108                             ; ミサイル時特殊処理
  109  03:E0D8  A9 01             lda  #1
  110  03:E0DA  9D 07 06          sta  ENEMY_NT_Y+1,x
  111  03:E0DD  4C 84 E0          jmp  .next
  112                     
  113                             ; 移動終了
  114  03:E0E0            .clear
  115  03:E0E0  A9 00             lda  #0
  116  03:E0E2  9D 00 06          sta  ENEMY_NT_KIND,x
  117  03:E0E5  4C 84 E0          jmp  .next
  118                     
  119                     ;------------------------------
  120                     ; 敵の弾の移動特殊処理
  121                     ;------------------------------
  122  03:E0E8            .moveSpcSub
  123  03:E0E8  20 DC D7          jsr  getEnemyNTcfg2
  124  03:E0EB  A5 53             lda  <TMP_WRK3
  125  03:E0ED  F0 30             beq  .mss00
  126                             ; タイマーで弾種＋１する
  127  03:E0EF  FE 02 06          inc  ENEMY_NT_DT,x
  128  03:E0F2  DD 02 06          cmp  ENEMY_NT_DT,x
  129  03:E0F5  D0 28             bne  .mss00
  130  03:E0F7  BD 00 06          lda  ENEMY_NT_KIND,x
  131  03:E0FA  C9 8C             cmp  #NTK_WARP
  132  03:E0FC  D0 19             bne  .mss01
  133                             ;----------------------
  134                             ; ワープ時特殊処理
  135                             ;----------------------
  136  03:E0FE  BD 01 06          lda  ENEMY_NT_MP,x
  137  03:E101  9D 00 06          sta  ENEMY_NT_KIND,x
  138  03:E104  20 DC D7          jsr  getEnemyNTcfg2
  139  03:E107  A5 51             lda  <TMP_WRK1
  140  03:E109  9D 03 06          sta  ENEMY_NT_HP,x
  141  03:E10C  A9 40             lda  #$40*1
  142  03:E10E  9D 01 06          sta  ENEMY_NT_MP,x
  143  03:E111  20 EB E1          jsr  .angle2
  144  03:E114  4C 1F E1          jmp  .mss00
  145                     
  146  03:E117            .mss01
  147  03:E117  FE 00 06          inc  ENEMY_NT_KIND,x
  148  03:E11A  A9 00             lda  #0
  149  03:E11C  9D 02 06          sta  ENEMY_NT_DT,x
  150  03:E11F            .mss00
  151  03:E11F  A5 52             lda  <TMP_WRK2
  152                             TBL_JUMP
       03:E121  0A                ASL     A
       03:E122  86 F0             stx  <TMP_SYS
       03:E124  AA                TAX
       03:E125  BD 31 E1          LDA     .tbl00390+1,X
       03:E128  48                PHA
       03:E129  BD 30 E1          LDA     .tbl00390+0,X
       03:E12C  A6 F0             ldx  <TMP_SYS
       03:E12E  48                PHA
       03:E12F  60                RTS
       03:E130            .tbl00390:
  153                             JPTBL   .end2           ; 0
       03:E130  5B E1             DW      .end2 -1
  154                             JPTBL   .angle          ; 1
       03:E132  E7 E1             DW      .angle -1
  155                             JPTBL   .horming        ; 2
       03:E134  8B E1             DW      .horming -1
  156                             JPTBL   .missile_u      ; 3     上昇
       03:E136  39 E1             DW      .missile_u -1
  157                             JPTBL   .missile_d      ; 4 下降
       03:E138  65 E1             DW      .missile_d -1
  158                     
  159                     ;-----------------------------------
  160                     ; ミサイル上昇中
  161                     ;-----------------------------------
  162  03:E13A            .missile_u
  163  03:E13A  BD 02 06          lda  ENEMY_NT_DT,x
  164  03:E13D  F0 1E             beq  .missile_d_00
  165                     
  166  03:E13F  AD 20 05          lda  POS_PLY_X
  167  03:E142  DD 05 06          cmp  ENEMY_NT_X+1,x
  168  03:E145  90 0B             bcc  .mu_left
  169                     
  170  03:E147  A9 F2             lda  #$C0+48+2
  171  03:E149  DD 01 06          cmp  ENEMY_NT_MP,x
  172  03:E14C  F0 0E             beq  .end2
  173  03:E14E  FE 01 06          inc  ENEMY_NT_MP,x
  174  03:E151  60                rts
  175                     
  176  03:E152            .mu_left
  177  03:E152  A9 EE             lda  #$C0+48-2
  178  03:E154  DD 01 06          cmp  ENEMY_NT_MP,x
  179  03:E157  F0 03             beq  .end2
  180  03:E159  DE 01 06          dec  ENEMY_NT_MP,x
  181  03:E15C            .end2
  182  03:E15C  60                rts
  183                     
  184                     ;-----------------------------------
  185                     ; ミサイル下降中
  186                     ;-----------------------------------
  187  03:E15D            .missile_d_00
  188  03:E15D  AD 20 05          lda  POS_PLY_X
  189  03:E160  9D 05 06          sta  ENEMY_NT_X+1,x
  190  03:E163  20 86 E1          jsr  .md_down
  191                     
  192  03:E166            .missile_d
  193  03:E166  AD 20 05          lda  POS_PLY_X
  194  03:E169  DD 05 06          cmp  ENEMY_NT_X+1,x
  195  03:E16C  F0 18             beq  .md_down
  196  03:E16E  B0 0B             bcs  .md_left
  197                     
  198  03:E170  A9 D2             lda  #$C0+16+2
  199  03:E172  DD 01 06          cmp  ENEMY_NT_MP,x
  200  03:E175  F0 E5             beq  .end2
  201  03:E177  FE 01 06          inc  ENEMY_NT_MP,x
  202  03:E17A  60                rts
  203                     
  204  03:E17B            .md_left
  205  03:E17B  A9 CE             lda  #$C0+16-2
  206  03:E17D  DD 01 06          cmp  ENEMY_NT_MP,x
  207  03:E180  F0 DA             beq  .end2
  208  03:E182  DE 01 06          dec  ENEMY_NT_MP,x
  209  03:E185  60                rts
  210                     
  211  03:E186            .md_down
  212  03:E186  A9 D0             lda  #$C0+16
  213  03:E188  9D 01 06          sta  ENEMY_NT_MP,x
  214  03:E18B  60                rts
  215                     
  216                     
  217                     ;-----------------------------------
  218                     ; ホーミング弾特殊処理
  219                     ;-----------------------------------
  220  03:E18C            .horming
  221  03:E18C  BD 02 06          lda  ENEMY_NT_DT,x
  222  03:E18F  D0 1E             bne  .skip_getang
  223                     
  224                             ; 方向修正
  225  03:E191  BD 05 06          lda  ENEMY_NT_X+1,x
  226  03:E194  85 68             sta  <PRM_X_POS
  227  03:E196  BD 07 06          lda  ENEMY_NT_Y+1,x
  228  03:E199  85 69             sta  <PRM_Y_POS
  229  03:E19B  AD 20 05          lda  POS_PLY_X
  230  03:E19E  8D 40 00          sta  W_AR+0
  231  03:E1A1  AD 21 05          lda  POS_PLY_Y
  232  03:E1A4  8D 41 00          sta  W_AR+1
  233  03:E1A7  20 7A E4          jsr  getAngleENT
  234                     
  235  03:E1AA  09 80             ora  #$80
  236  03:E1AC  9D 02 06          sta  ENEMY_NT_DT,x
  237                     
  238  03:E1AF            .skip_getang
  239  03:E1AF  29 3F             and  #%0011_1111
  240  03:E1B1  85 44             sta  <TMP_SVA
  241                             
  242  03:E1B3  BD 01 06          lda  ENEMY_NT_MP,x
  243  03:E1B6  29 3F             and  #%0011_1111
  244  03:E1B8  85 42             sta  <W_BR+0
  245  03:E1BA  38                sec
  246  03:E1BB  E5 44             sbc  <TMP_SVA
  247  03:E1BD  F0 0A             beq  .hrm002
  248                     
  249  03:E1BF  29 20             and  #%0010_0000
  250  03:E1C1  F0 04             beq  .hrm001
  251  03:E1C3  E6 42             inc  <W_BR+0
  252  03:E1C5  E6 42             inc  <W_BR+0
  253  03:E1C7            .hrm001
  254  03:E1C7  C6 42             dec  <W_BR+0
  255                     
  256  03:E1C9            .hrm002
  257  03:E1C9  A5 42             lda  <W_BR+0
  258  03:E1CB  29 3F             and  #%0011_1111
  259  03:E1CD  85 42             sta  <W_BR+0
  260                     
  261  03:E1CF  BD 01 06          lda  ENEMY_NT_MP,x
  262  03:E1D2  29 C0             and  #$C0
  263  03:E1D4  05 42             ora  <W_BR+0
  264  03:E1D6  9D 01 06          sta  ENEMY_NT_MP,x
  265                             
  266                     
  267  03:E1D9  A5 47             lda  <TMP_LOOP_CNT
  268  03:E1DB  29 1F             and  #$1F
  269  03:E1DD  D0 05             bne  .end3
  270  03:E1DF  A9 00             lda  #0
  271  03:E1E1  9D 02 06          sta  ENEMY_NT_DT,x
  272  03:E1E4            .end3
  273  03:E1E4  60                rts
  274                     
  275  03:E1E5            .tbl_rot
  276  03:E1E5  00 FF 01          db  0, -1,1
  277                     
  278                     ;-----------------------------------
  279                     ; 自機狙い弾
  280                     ;-----------------------------------
  281  03:E1E8            .angle
  282  03:E1E8  FE 00 06          inc  ENEMY_NT_KIND,x
  283                     
  284  03:E1EB            .angle2
  285                             ; 方向取得
  286  03:E1EB  BD 05 06          lda  ENEMY_NT_X+1,x
  287  03:E1EE  85 68             sta  <PRM_X_POS
  288  03:E1F0  BD 07 06          lda  ENEMY_NT_Y+1,x
  289  03:E1F3  85 69             sta  <PRM_Y_POS
  290  03:E1F5  AD 20 05          lda  POS_PLY_X
  291  03:E1F8  8D 40 00          sta  W_AR+0
  292  03:E1FB  AD 21 05          lda  POS_PLY_Y
  293  03:E1FE  8D 41 00          sta  W_AR+1
  294  03:E201  20 7A E4          jsr  getAngleENT
  295                     
  296  03:E204  BD 01 06          lda  ENEMY_NT_MP,x
  297  03:E207  29 3F             and  #%0011_1111
  298  03:E209  18                clc
  299  03:E20A  65 44             adc  <TMP_SVA
  300  03:E20C  29 3F             and  #%0011_1111
  301  03:E20E  85 44             sta  <TMP_SVA
  302  03:E210  BD 01 06          lda  ENEMY_NT_MP,x
  303  03:E213  29 C0             and  #%1100_0000
  304  03:E215  05 44             ora  <TMP_SVA
  305  03:E217  9D 01 06          sta  ENEMY_NT_MP,x
  306  03:E21A  60                rts
  307                     
  308                     
  309                     
  310                     ;-----------------------------------
  311                     ; 自機誘導弾補正 8フレームに１回だけ誘導
  312                     ;-----------------------------------
  313  03:E21B            movePlyHorming:
  314  03:E21B  A2 00             ldx  #0
  315  03:E21D            .loop
  316  03:E21D  BD 23 05          lda  PSHOT_A_Y,x
  317  03:E220  F0 0C             beq  .next
  318                             
  319  03:E222  8A                txa
  320  03:E223  0A                asl  a
  321  03:E224  0A                asl  a
  322  03:E225  A8                tay
  323  03:E226  B9 00 06          lda  ENEMY_NT_KIND,y
  324  03:E229  F0 03             beq .next
  325  03:E22B  20 35 E2          jsr  .mph00
  326  03:E22E            .next
  327  03:E22E  E8                inx
  328  03:E22F  E8                inx
  329  03:E230  E0 10             cpx  #2*8
  330  03:E232  D0 E9             bne  .loop
  331  03:E234            .end
  332  03:E234  60                rts
  333                     
  334  03:E235            .mph00
  335                             ; 方向修正
  336  03:E235  BD 23 05          lda  PSHOT_A_Y,x
  337  03:E238  85 68             sta  <PRM_X_POS
  338  03:E23A  BD 23 05          lda  PSHOT_A_Y,x
  339  03:E23D  85 69             sta  <PRM_Y_POS
  340                     
  341  03:E23F  B9 05 06          lda  ENEMY_NT_X+1,y
  342  03:E242  8D 40 00          sta  W_AR+0
  343  03:E245  B9 07 06          lda  ENEMY_NT_Y+1,y
  344  03:E248  8D 41 00          sta  W_AR+1
  345  03:E24B  20 7A E4          jsr  getAngleENT
  346                     
  347  03:E24E  BD 03 05          lda  PSHOT_DIR,x
  348  03:E251  29 3F             and  #%0011_1111
  349  03:E253  85 42             sta  <W_BR+0
  350  03:E255  38                sec
  351  03:E256  E5 44             sbc  <TMP_SVA
  352  03:E258  F0 0A             beq  .hrm002
  353                     
  354  03:E25A  29 20             and  #%0010_0000
  355  03:E25C  F0 04             beq  .hrm001
  356  03:E25E  E6 42             inc  <W_BR+0
  357  03:E260  E6 42             inc  <W_BR+0
  358  03:E262            .hrm001
  359  03:E262  C6 42             dec  <W_BR+0
  360                     
  361  03:E264            .hrm002
  362  03:E264  A5 42             lda  <W_BR+0
  363  03:E266  29 3F             and  #%0011_1111
  364  03:E268  85 42             sta  <W_BR+0
  365                     
  366  03:E26A  BD 03 05          lda  PSHOT_DIR,x
  367  03:E26D  29 C0             and  #$C0
  368  03:E26F  05 42             ora  <W_BR+0
  369  03:E271  9D 03 05          sta  PSHOT_DIR,x
  370  03:E274  60                rts
  371                     
  372                     ;-----------------------------------
  373                     ; 自機ノーマル弾移動
  374                     ;-----------------------------------
  375  03:E275            movePlyShotAObj:
  376  03:E275  A2 00             ldx #0
  377  03:E277            .loop
  378  03:E277  BD 23 05          lda  PSHOT_A_Y,x
  379  03:E27A  F0 37             beq  .next
  380                     
  381  03:E27C  BD 03 05          lda  PSHOT_DIR,x
  382  03:E27F  20 4C E3          jsr  setMoveDirData
  383                     
  384                             ; X移動計算
  385  03:E282  BD 42 05          lda  PSHOT_A_WX,x
  386  03:E285  18                clc
  387  03:E286  65 40             adc  <W_AR
  388  03:E288  9D 42 05          sta  PSHOT_A_WX,x
  389  03:E28B  BD 22 05          lda  PSHOT_A_X,x
  390  03:E28E  65 41             adc  <W_AR+1
  391  03:E290  9D 22 05          sta  PSHOT_A_X,x
  392                             
  393                             ;  X画面外チェック
  394  03:E293  A5 41             lda  <W_AR+1
  395  03:E295  10 03             bpl  .movx1
  396  03:E297  20 FC EC          jsr  revCFlag
  397  03:E29A            .movx1
  398  03:E29A  B0 12             bcs  .clear
  399                     
  400                             ; Y移動計算
  401  03:E29C  BD 43 05          lda  PSHOT_A_WY,x
  402  03:E29F  18                clc
  403  03:E2A0  65 42             adc  <W_BR
  404  03:E2A2  9D 43 05          sta  PSHOT_A_WY,x
  405  03:E2A5  BD 23 05          lda  PSHOT_A_Y,x
  406  03:E2A8  65 43             adc  <W_BR+1
  407                     
  408                             ;  Y画面外チェック
  409  03:E2AA  C9 D8             cmp #ENEMY_LINE_SUU
  410  03:E2AC  90 02             bcc .me000
  411  03:E2AE            .clear
  412  03:E2AE  A9 00             lda  #0
  413  03:E2B0            .me000
  414  03:E2B0  9D 23 05          sta PSHOT_A_Y,x
  415  03:E2B3            .next
  416  03:E2B3  E8                inx
  417  03:E2B4  E8                inx
  418  03:E2B5  E0 1E             cpx #2*PSHOT_A_SUU
  419  03:E2B7  D0 BE             bne .loop
  420  03:E2B9            .end
  421  03:E2B9  60                rts
  422                     
  423                     
  424                     ;=======================================================================
  425                     ;  敵当たり判定
  426                     ;=======================================================================
  427                     
  428                     
  429                     ;-----------------------------------
  430                     ; 敵ノーマル弾当たり判定
  431                     ;-----------------------------------
  432  03:E2BA            hitEnemyNTObj:
  433  03:E2BA  AD B3 03          lda  PLY_ANM_NO
  434  03:E2BD  C9 04             cmp  #PLY_AN_DEAD
  435  03:E2BF  D0 01             bne  .hitchk
  436  03:E2C1  60                rts
  437                     
  438  03:E2C2            .hitchk
  439  03:E2C2  A0 16         ldy  #ENEMY_NT_SUU
  440  03:E2C4  84 47             sty  <TMP_LOOP_CNT
  441                     
  442  03:E2C6  A2 00             ldx #0
  443  03:E2C8            .loop
  444  03:E2C8  BD 00 06          lda  ENEMY_NT_KIND,x
  445  03:E2CB  F0 12             beq  .next
  446                     
  447  03:E2CD  BD 05 06          lda  ENEMY_NT_X+1,X
  448  03:E2D0  C9 08             cmp  #8         ; 当たり判定の左側リミッター
  449  03:E2D2  90 0B             bcc  .next
  450                     
  451  03:E2D4  A0 20             ldy  #2*(PSHOT_A_SUU+1)
  452  03:E2D6  BD 03 06          lda  ENEMY_NT_HP,x
  453  03:E2D9  F0 0E             beq  .he10
  454  03:E2DB  C9 FE             cmp  #254               ; 判定無し
  455  03:E2DD  D0 0C             bne  .he00
  456                     
  457  03:E2DF            .next
  458  03:E2DF  8A                txa
  459  03:E2E0  18                clc
  460  03:E2E1  69 08             adc  #ENEMY_NT_SIZE
  461  03:E2E3  AA                tax
  462  03:E2E4  C6 47             dec  <TMP_LOOP_CNT
  463  03:E2E6  D0 E0             bne .loop
  464  03:E2E8            .end
  465  03:E2E8  60                rts
  466                     
  467                     
  468  03:E2E9            .he10
  469  03:E2E9  A0 02             ldy  #2                 ; 自機だけチェック
  470  03:E2EB            .he00
  471  03:E2EB  BD 07 06          lda  ENEMY_NT_Y+1,x
  472  03:E2EE  85 69             sta  <PRM_Y_POS
  473  03:E2F0  BD 05 06          lda  ENEMY_NT_X+1,x
  474  03:E2F3  85 68             sta  <PRM_X_POS
  475                     
  476  03:E2F5  20 FE D7          jsr  hit_ShotA
  477  03:E2F8  90 E5             bcc  .next
  478                     
  479  03:E2FA  C0 00             cpy  #0
  480  03:E2FC  D0 10             bne  .chkShotAB
  481                     
  482  03:E2FE  AD B6 03          lda  PLY_MUTEKI_TM
  483  03:E301  D0 03             bne  .muteki
  484  03:E303  20 7D D7          jsr  setPlayerDead              ; プレーヤーにダメージ
  485                     
  486  03:E306            .muteki
  487  03:E306  A9 00             lda  #0
  488  03:E308  9D 00 06          sta  ENEMY_NT_KIND,x    ; 弾を消す
  489  03:E30B  4C DF E2          jmp  .next
  490                     
  491                     
  492  03:E30E            .chkShotAB
  493  03:E30E  BD 03 06          lda  ENEMY_NT_HP,X
  494  03:E311  F0 CC             beq  .next                      ;当たり判定無し、破壊不能弾
  495                     
  496  03:E313  C9 FF             cmp  #255
  497  03:E315  D0 08             bne  .ch30
  498                     
  499                             ; 当たり判定あり、破壊不能弾
  500  03:E317  A9 0F             lda  #SE_NO_DAME
  501  03:E319  20 2D 9C          jsr  PLAY_SE
  502  03:E31C  4C DF E2          jmp  .next
  503                     
  504  03:E31F            .ch30
  505  03:E31F  DE 03 06          dec  ENEMY_NT_HP,X
  506  03:E322  F0 08             beq  .hit
  507                             
  508  03:E324  A9 10             lda  #SE_DAME
  509  03:E326  20 2D 9C          jsr  PLAY_SE
  510  03:E329  4C DF E2          jmp  .next
  511                     
  512  03:E32C            .hit
  513                             ; SPザコならスコア+1
  514  03:E32C  BD 00 06          lda  ENEMY_NT_KIND,x
  515  03:E32F  10 05             bpl  .hit2
  516  03:E331  A9 01             lda  #1
  517  03:E333  20 6D D5          jsr  SCR_ADD
  518  03:E336            .hit2
  519                             ; 爆発演出セット
  520                     
  521  03:E336  BC 07 06          ldy ENEMY_NT_Y+1,x
  522  03:E339  BD 05 06          lda ENEMY_NT_X+1,x
  523  03:E33C  20 9B D6          jsr setBakuEfc
  524                     
  525  03:E33F  A9 0C             lda  #SE_BAKU_EFC
  526  03:E341  20 2D 9C          jsr  PLAY_SE
  527                     
  528                     
  529  03:E344  A9 00             lda  #0
  530  03:E346  9D 00 06          sta  ENEMY_NT_KIND,x
  531  03:E349  4C DF E2          jmp  .next
  532                     
  533                     
  534                     ;====================================================================
  535                     ;    指定方向の移動データ取得
  536                     ; IN -> Areg 移動方向+速度
  537                     ; OUT -> X移動データ W_AR
  538                     ;        Y移動データ W_BR
  539                     ;====================================================================
  540  03:E34C            setMoveDirData:
  541  03:E34C  08                php
  542  03:E34D  0A                asl  a
  543  03:E34E  85 46             sta  <TMP_SVY
  544  03:E350  0A                asl  a
  545  03:E351  08                php
  546  03:E352  18                clc
  547  03:E353  69 40             adc  #$40
  548  03:E355  28                plp
  549  03:E356  6A                ror  a
  550  03:E357  A8                tay
  551                     
  552                             ; X移動データ
  553  03:E358  B9 7A E3          lda  tblMoveENTsin,y
  554  03:E35B  85 40             sta  <W_AR
  555  03:E35D  B9 7B E3          lda  tblMoveENTsin+1,y
  556  03:E360  85 41             sta  <W_AR+1
  557                     
  558                             ; Ｙ移動データ
  559  03:E362  A4 46             ldy  <TMP_SVY
  560  03:E364  B9 7A E3          lda  tblMoveENTsin,y
  561  03:E367  85 42             sta  <W_BR
  562  03:E369  B9 7B E3          lda  tblMoveENTsin+1,y
  563  03:E36C  85 43             sta  <W_BR+1
  564                     
  565  03:E36E  28                plp
  566  03:E36F  10 08             bpl  .speedx1
  567                     
  568                             ; 倍速
  569  03:E371  06 40             asl  <W_AR
  570  03:E373  26 41             rol  <W_AR+1
  571  03:E375  06 42             asl  <W_BR
  572  03:E377  26 43             rol  <W_BR+1
  573                     
  574  03:E379            .speedx1
  575  03:E379  60                rts
  576                     
  577                     
  578                     ;====================================================================
  579                     ;    敵の弾移動データ
  580                     ;====================================================================
  581                     
  582                     ; 敵の弾移動テーブル 64方向一周分sinテーブル
  583                     
  584                     NT_SIN MACRO
  585                             DW      ( \1 ) * $100 / MV_ENT_BASE0
  586                             ENDM
  587                     
  588                     NT_SIN1 MACRO
  589                             DW      ( \1 ) * $100 / MV_ENT_BASE1
  590                             ENDM
  591                     
  592                     NT_SIN2 MACRO
  593                             DW      ( \1 ) * $100 / MV_ENT_BASE2
  594                             ENDM
  595                     
  596                     NT_SIN3 MACRO
  597                             DW      ( \1 ) * $100 / MV_ENT_BASE3
  598                             ENDM
  599                     
  600                     
  601                     ; 360 / 64 = 5.625
  602                     
  603  03:E37A            tblMoveENTsin:
  604                             NT_SIN 0                ; 0  0
       03:E37A  00 00             DW      ( 0 ) * $100 / MV_ENT_BASE0
  605                             NT_SIN 25               ; 1  5.625
       03:E37C  35 00             DW      ( 25 ) * $100 / MV_ENT_BASE0
  606                             NT_SIN 50               ; 2  11.25
       03:E37E  6A 00             DW      ( 50 ) * $100 / MV_ENT_BASE0
  607                             NT_SIN 74               ; 3  16.875
       03:E380  9D 00             DW      ( 74 ) * $100 / MV_ENT_BASE0
  608                             NT_SIN 98               ; 4  22.5
       03:E382  D1 00             DW      ( 98 ) * $100 / MV_ENT_BASE0
  609                             NT_SIN 121              ; 5  28.125
       03:E384  02 01             DW      ( 121 ) * $100 / MV_ENT_BASE0
  610                             NT_SIN 142              ; 6  33.75
       03:E386  2E 01             DW      ( 142 ) * $100 / MV_ENT_BASE0
  611                             NT_SIN 162              ; 7  39.375
       03:E388  59 01             DW      ( 162 ) * $100 / MV_ENT_BASE0
  612                             NT_SIN 181              ; 8  45
       03:E38A  82 01             DW      ( 181 ) * $100 / MV_ENT_BASE0
  613                             NT_SIN 198              ; 9  50.625
       03:E38C  A6 01             DW      ( 198 ) * $100 / MV_ENT_BASE0
  614                             NT_SIN 213              ; 10  56.25
       03:E38E  C6 01             DW      ( 213 ) * $100 / MV_ENT_BASE0
  615                             NT_SIN 226              ; 11  61.875
       03:E390  E2 01             DW      ( 226 ) * $100 / MV_ENT_BASE0
  616                             NT_SIN 237              ; 12  67.5
       03:E392  F9 01             DW      ( 237 ) * $100 / MV_ENT_BASE0
  617                             NT_SIN 245              ; 13  73.125
       03:E394  0A 02             DW      ( 245 ) * $100 / MV_ENT_BASE0
  618                             NT_SIN 251              ; 14  78.75
       03:E396  17 02             DW      ( 251 ) * $100 / MV_ENT_BASE0
  619                             NT_SIN 255              ; 15  84.375
       03:E398  20 02             DW      ( 255 ) * $100 / MV_ENT_BASE0
  620                     
  621                             NT_SIN 256              ; 16  90
       03:E39A  22 02             DW      ( 256 ) * $100 / MV_ENT_BASE0
  622                             NT_SIN 255              ; 17  84.375
       03:E39C  20 02             DW      ( 255 ) * $100 / MV_ENT_BASE0
  623                             NT_SIN 251              ; 18  78.75
       03:E39E  17 02             DW      ( 251 ) * $100 / MV_ENT_BASE0
  624                             NT_SIN 245              ; 19  73.125
       03:E3A0  0A 02             DW      ( 245 ) * $100 / MV_ENT_BASE0
  625                             NT_SIN 237              ; 20  67.5
       03:E3A2  F9 01             DW      ( 237 ) * $100 / MV_ENT_BASE0
  626                             NT_SIN 226              ; 21  61.875
       03:E3A4  E2 01             DW      ( 226 ) * $100 / MV_ENT_BASE0
  627                             NT_SIN 213              ; 22  56.25
       03:E3A6  C6 01             DW      ( 213 ) * $100 / MV_ENT_BASE0
  628                             NT_SIN 198              ; 23 50.625
       03:E3A8  A6 01             DW      ( 198 ) * $100 / MV_ENT_BASE0
  629                             NT_SIN 181              ; 24 45
       03:E3AA  82 01             DW      ( 181 ) * $100 / MV_ENT_BASE0
  630                             NT_SIN 162              ; 25  39.375
       03:E3AC  59 01             DW      ( 162 ) * $100 / MV_ENT_BASE0
  631                             NT_SIN 142              ; 26  33.75
       03:E3AE  2E 01             DW      ( 142 ) * $100 / MV_ENT_BASE0
  632                             NT_SIN 121              ; 27  28.125
       03:E3B0  02 01             DW      ( 121 ) * $100 / MV_ENT_BASE0
  633                             NT_SIN 98               ; 28  22.5
       03:E3B2  D1 00             DW      ( 98 ) * $100 / MV_ENT_BASE0
  634                             NT_SIN 74               ; 29
       03:E3B4  9D 00             DW      ( 74 ) * $100 / MV_ENT_BASE0
  635                             NT_SIN 50               ; 30
       03:E3B6  6A 00             DW      ( 50 ) * $100 / MV_ENT_BASE0
  636                             NT_SIN 25               ; 31
       03:E3B8  35 00             DW      ( 25 ) * $100 / MV_ENT_BASE0
  637                     
  638                             NT_SIN 0                ; 32
       03:E3BA  00 00             DW      ( 0 ) * $100 / MV_ENT_BASE0
  639                             NT_SIN -25              ; 33
       03:E3BC  CB FF             DW      ( -25 ) * $100 / MV_ENT_BASE0
  640                             NT_SIN -50              ; 34
       03:E3BE  96 FF             DW      ( -50 ) * $100 / MV_ENT_BASE0
  641                             NT_SIN -74              ; 35
       03:E3C0  63 FF             DW      ( -74 ) * $100 / MV_ENT_BASE0
  642                             NT_SIN -98              ; 36  22.5
       03:E3C2  2F FF             DW      ( -98 ) * $100 / MV_ENT_BASE0
  643                             NT_SIN -121             ; 37  28.125
       03:E3C4  FE FE             DW      ( -121 ) * $100 / MV_ENT_BASE0
  644                             NT_SIN -142             ; 38  33.75
       03:E3C6  D2 FE             DW      ( -142 ) * $100 / MV_ENT_BASE0
  645                             NT_SIN -162             ; 39  39.375
       03:E3C8  A7 FE             DW      ( -162 ) * $100 / MV_ENT_BASE0
  646                             NT_SIN -181             ; 40  45
       03:E3CA  7E FE             DW      ( -181 ) * $100 / MV_ENT_BASE0
  647                             NT_SIN -198             ; 41  50.625
       03:E3CC  5A FE             DW      ( -198 ) * $100 / MV_ENT_BASE0
  648                             NT_SIN -213             ; 42  56.25
       03:E3CE  3A FE             DW      ( -213 ) * $100 / MV_ENT_BASE0
  649                             NT_SIN -226             ; 43  61.875
       03:E3D0  1E FE             DW      ( -226 ) * $100 / MV_ENT_BASE0
  650                             NT_SIN -237             ; 44  67.5
       03:E3D2  07 FE             DW      ( -237 ) * $100 / MV_ENT_BASE0
  651                             NT_SIN -245             ; 45  73.125
       03:E3D4  F6 FD             DW      ( -245 ) * $100 / MV_ENT_BASE0
  652                             NT_SIN -251             ; 46  78.75
       03:E3D6  E9 FD             DW      ( -251 ) * $100 / MV_ENT_BASE0
  653                             NT_SIN -255             ; 47  84.375
       03:E3D8  E0 FD             DW      ( -255 ) * $100 / MV_ENT_BASE0
  654                     
  655                             NT_SIN -256             ; 48  90
       03:E3DA  DE FD             DW      ( -256 ) * $100 / MV_ENT_BASE0
  656                             NT_SIN -255             ; 49  84.375
       03:E3DC  E0 FD             DW      ( -255 ) * $100 / MV_ENT_BASE0
  657                             NT_SIN -251             ; 50  78.75
       03:E3DE  E9 FD             DW      ( -251 ) * $100 / MV_ENT_BASE0
  658                             NT_SIN -245             ; 51  73.125
       03:E3E0  F6 FD             DW      ( -245 ) * $100 / MV_ENT_BASE0
  659                             NT_SIN -237             ; 52  67.5
       03:E3E2  07 FE             DW      ( -237 ) * $100 / MV_ENT_BASE0
  660                             NT_SIN -226             ; 53  61.875
       03:E3E4  1E FE             DW      ( -226 ) * $100 / MV_ENT_BASE0
  661                             NT_SIN -213             ; 54  56.25
       03:E3E6  3A FE             DW      ( -213 ) * $100 / MV_ENT_BASE0
  662                             NT_SIN -198             ; 55  50.625
       03:E3E8  5A FE             DW      ( -198 ) * $100 / MV_ENT_BASE0
  663                             NT_SIN -181             ; 56  45
       03:E3EA  7E FE             DW      ( -181 ) * $100 / MV_ENT_BASE0
  664                             NT_SIN -162             ; 57  39.375
       03:E3EC  A7 FE             DW      ( -162 ) * $100 / MV_ENT_BASE0
  665                             NT_SIN -142             ; 58  33.75
       03:E3EE  D2 FE             DW      ( -142 ) * $100 / MV_ENT_BASE0
  666                             NT_SIN -121             ; 59  28.125
       03:E3F0  FE FE             DW      ( -121 ) * $100 / MV_ENT_BASE0
  667                             NT_SIN -98              ; 60  22.5
       03:E3F2  2F FF             DW      ( -98 ) * $100 / MV_ENT_BASE0
  668                             NT_SIN -74              ; 61
       03:E3F4  63 FF             DW      ( -74 ) * $100 / MV_ENT_BASE0
  669                             NT_SIN -50              ; 62
       03:E3F6  96 FF             DW      ( -50 ) * $100 / MV_ENT_BASE0
  670                             NT_SIN -25              ; 63
       03:E3F8  CB FF             DW      ( -25 ) * $100 / MV_ENT_BASE0
  671                     
  672  03:E3FA            tblMoveENTsin1:
  673                             NT_SIN1 0               ; 0
       03:E3FA  00 00             DW      ( 0 ) * $100 / MV_ENT_BASE1
  674                             NT_SIN1 25              ; 1
       03:E3FC  40 00             DW      ( 25 ) * $100 / MV_ENT_BASE1
  675                             NT_SIN1 50              ; 2
       03:E3FE  80 00             DW      ( 50 ) * $100 / MV_ENT_BASE1
  676                             NT_SIN1 74              ; 3
       03:E400  BD 00             DW      ( 74 ) * $100 / MV_ENT_BASE1
  677                             NT_SIN1 98              ; 4  22.5
       03:E402  FA 00             DW      ( 98 ) * $100 / MV_ENT_BASE1
  678                             NT_SIN1 121             ; 5  28.125
       03:E404  35 01             DW      ( 121 ) * $100 / MV_ENT_BASE1
  679                             NT_SIN1 142             ; 6  33.75
       03:E406  6B 01             DW      ( 142 ) * $100 / MV_ENT_BASE1
  680                             NT_SIN1 162             ; 7  39.375
       03:E408  9E 01             DW      ( 162 ) * $100 / MV_ENT_BASE1
  681                             NT_SIN1 181             ; 8  45
       03:E40A  CF 01             DW      ( 181 ) * $100 / MV_ENT_BASE1
  682                             NT_SIN1 198             ; 9  50.625
       03:E40C  FA 01             DW      ( 198 ) * $100 / MV_ENT_BASE1
  683                             NT_SIN1 213             ; 10  56.25
       03:E40E  21 02             DW      ( 213 ) * $100 / MV_ENT_BASE1
  684                             NT_SIN1 226             ; 11  61.875
       03:E410  42 02             DW      ( 226 ) * $100 / MV_ENT_BASE1
  685                             NT_SIN1 237             ; 12  67.5
       03:E412  5E 02             DW      ( 237 ) * $100 / MV_ENT_BASE1
  686                             NT_SIN1 245             ; 13  73.125
       03:E414  73 02             DW      ( 245 ) * $100 / MV_ENT_BASE1
  687                             NT_SIN1 251             ; 14  78.75
       03:E416  82 02             DW      ( 251 ) * $100 / MV_ENT_BASE1
  688                             NT_SIN1 255             ; 15  84.375
       03:E418  8C 02             DW      ( 255 ) * $100 / MV_ENT_BASE1
  689                     
  690                             NT_SIN1 256             ; 16  90
       03:E41A  8F 02             DW      ( 256 ) * $100 / MV_ENT_BASE1
  691                             NT_SIN1 255             ; 17  84.375
       03:E41C  8C 02             DW      ( 255 ) * $100 / MV_ENT_BASE1
  692                             NT_SIN1 251             ; 18  78.75
       03:E41E  82 02             DW      ( 251 ) * $100 / MV_ENT_BASE1
  693                             NT_SIN1 245             ; 19  73.125
       03:E420  73 02             DW      ( 245 ) * $100 / MV_ENT_BASE1
  694                             NT_SIN1 237             ; 20  67.5
       03:E422  5E 02             DW      ( 237 ) * $100 / MV_ENT_BASE1
  695                             NT_SIN1 226             ; 21  61.875
       03:E424  42 02             DW      ( 226 ) * $100 / MV_ENT_BASE1
  696                             NT_SIN1 213             ; 22  56.25
       03:E426  21 02             DW      ( 213 ) * $100 / MV_ENT_BASE1
  697                             NT_SIN1 198             ; 23 50.625
       03:E428  FA 01             DW      ( 198 ) * $100 / MV_ENT_BASE1
  698                             NT_SIN1 181             ; 24 45
       03:E42A  CF 01             DW      ( 181 ) * $100 / MV_ENT_BASE1
  699                             NT_SIN1 162             ; 25  39.375
       03:E42C  9E 01             DW      ( 162 ) * $100 / MV_ENT_BASE1
  700                             NT_SIN1 142             ; 26  33.75
       03:E42E  6B 01             DW      ( 142 ) * $100 / MV_ENT_BASE1
  701                             NT_SIN1 121             ; 27  28.125
       03:E430  35 01             DW      ( 121 ) * $100 / MV_ENT_BASE1
  702                             NT_SIN1 98              ; 28  22.5
       03:E432  FA 00             DW      ( 98 ) * $100 / MV_ENT_BASE1
  703                             NT_SIN1 74              ; 29
       03:E434  BD 00             DW      ( 74 ) * $100 / MV_ENT_BASE1
  704                             NT_SIN1 50              ; 30
       03:E436  80 00             DW      ( 50 ) * $100 / MV_ENT_BASE1
  705                             NT_SIN1 25              ; 31
       03:E438  40 00             DW      ( 25 ) * $100 / MV_ENT_BASE1
  706                     
  707                             NT_SIN1 0               ; 32
       03:E43A  00 00             DW      ( 0 ) * $100 / MV_ENT_BASE1
  708                             NT_SIN1 -25             ; 33
       03:E43C  C0 FF             DW      ( -25 ) * $100 / MV_ENT_BASE1
  709                             NT_SIN1 -50             ; 34
       03:E43E  80 FF             DW      ( -50 ) * $100 / MV_ENT_BASE1
  710                             NT_SIN1 -74             ; 35
       03:E440  43 FF             DW      ( -74 ) * $100 / MV_ENT_BASE1
  711                             NT_SIN1 -98             ; 36  22.5
       03:E442  06 FF             DW      ( -98 ) * $100 / MV_ENT_BASE1
  712                             NT_SIN1 -121    ; 37  28.125
       03:E444  CB FE             DW      ( -121 ) * $100 / MV_ENT_BASE1
  713                             NT_SIN1 -142    ; 38  33.75
       03:E446  95 FE             DW      ( -142 ) * $100 / MV_ENT_BASE1
  714                             NT_SIN1 -162    ; 39  39.375
       03:E448  62 FE             DW      ( -162 ) * $100 / MV_ENT_BASE1
  715                             NT_SIN1 -181    ; 40  45
       03:E44A  31 FE             DW      ( -181 ) * $100 / MV_ENT_BASE1
  716                             NT_SIN1 -198    ; 41  50.625
       03:E44C  06 FE             DW      ( -198 ) * $100 / MV_ENT_BASE1
  717                             NT_SIN1 -213    ; 42  56.25
       03:E44E  DF FD             DW      ( -213 ) * $100 / MV_ENT_BASE1
  718                             NT_SIN1 -226    ; 43  61.875
       03:E450  BE FD             DW      ( -226 ) * $100 / MV_ENT_BASE1
  719                             NT_SIN1 -237    ; 44  67.5
       03:E452  A2 FD             DW      ( -237 ) * $100 / MV_ENT_BASE1
  720                             NT_SIN1 -245    ; 45  73.125
       03:E454  8D FD             DW      ( -245 ) * $100 / MV_ENT_BASE1
  721                             NT_SIN1 -251    ; 46  78.75
       03:E456  7E FD             DW      ( -251 ) * $100 / MV_ENT_BASE1
  722                             NT_SIN1 -255    ; 47  84.375
       03:E458  74 FD             DW      ( -255 ) * $100 / MV_ENT_BASE1
  723                     
  724                             NT_SIN1 -256    ; 48  90
       03:E45A  71 FD             DW      ( -256 ) * $100 / MV_ENT_BASE1
  725                             NT_SIN1 -255    ; 49  84.375
       03:E45C  74 FD             DW      ( -255 ) * $100 / MV_ENT_BASE1
  726                             NT_SIN1 -251    ; 50  78.75
       03:E45E  7E FD             DW      ( -251 ) * $100 / MV_ENT_BASE1
  727                             NT_SIN1 -245    ; 51  73.125
       03:E460  8D FD             DW      ( -245 ) * $100 / MV_ENT_BASE1
  728                             NT_SIN1 -237    ; 52  67.5
       03:E462  A2 FD             DW      ( -237 ) * $100 / MV_ENT_BASE1
  729                             NT_SIN1 -226    ; 53  61.875
       03:E464  BE FD             DW      ( -226 ) * $100 / MV_ENT_BASE1
  730                             NT_SIN1 -213    ; 54  56.25
       03:E466  DF FD             DW      ( -213 ) * $100 / MV_ENT_BASE1
  731                             NT_SIN1 -198    ; 55  50.625
       03:E468  06 FE             DW      ( -198 ) * $100 / MV_ENT_BASE1
  732                             NT_SIN1 -181    ; 56  45
       03:E46A  31 FE             DW      ( -181 ) * $100 / MV_ENT_BASE1
  733                             NT_SIN1 -162    ; 57  39.375
       03:E46C  62 FE             DW      ( -162 ) * $100 / MV_ENT_BASE1
  734                             NT_SIN1 -142    ; 58  33.75
       03:E46E  95 FE             DW      ( -142 ) * $100 / MV_ENT_BASE1
  735                             NT_SIN1 -121    ; 59  28.125
       03:E470  CB FE             DW      ( -121 ) * $100 / MV_ENT_BASE1
  736                             NT_SIN1 -98             ; 60  22.5
       03:E472  06 FF             DW      ( -98 ) * $100 / MV_ENT_BASE1
  737                             NT_SIN1 -74             ; 61
       03:E474  43 FF             DW      ( -74 ) * $100 / MV_ENT_BASE1
  738                             NT_SIN1 -50             ; 62
       03:E476  80 FF             DW      ( -50 ) * $100 / MV_ENT_BASE1
  739                             NT_SIN1 -25             ; 63
       03:E478  C0 FF             DW      ( -25 ) * $100 / MV_ENT_BASE1
  740                     
  741                     
  742                     ;------------------------------------------
  743                     ;                2点間方向判定システム
  744                     ;------------------------------------------
  745                     ; 入力
  746                     ; PRM_X_POS     -> 基準点X
  747                     ; PRM_Y_POS     -> 基準点Y
  748                     ; W_AR+0    -> ターゲットX
  749                     ; W_AR+1    -> ターゲットY
  750                     ;
  751                     ; 破壊
  752                     ;       W_BR,PRM_W_POS,PRM_H_POS
  753                     ;
  754                     ; 出力
  755                     ;       TMP_SVA 0-63 方向
  756                     
  757  03:E47A            getAngleENT:
  758  03:E47A  A9 00             lda  #0
  759  03:E47C  85 42             sta  <W_BR+0
  760                     
  761                             ; X軸チェック
  762  03:E47E  A5 40             lda  <W_AR+0
  763  03:E480  38                sec
  764  03:E481  E5 68             sbc  <PRM_X_POS
  765  03:E483  B0 04             bcs  .gae00
  766  03:E485  E6 42             inc  <W_BR+0
  767  03:E487  49 FF             eor  #$FF
  768  03:E489            .gae00
  769  03:E489  85 6A             sta  <PRM_W_POS
  770                     
  771                             ; Y軸チェック
  772  03:E48B  A5 41             lda  <W_AR+1
  773  03:E48D  38                sec
  774  03:E48E  E5 69             sbc  <PRM_Y_POS
  775  03:E490  B0 06             bcs  .gae01
  776  03:E492  E6 42             inc  <W_BR+0
  777  03:E494  E6 42             inc  <W_BR+0
  778  03:E496  49 FF             eor  #$FF
  779  03:E498            .gae01
  780  03:E498  85 6B             sta  <PRM_H_POS
  781                     
  782  03:E49A  A9 0F             lda  #15
  783  03:E49C            .loop
  784  03:E49C  C5 6B             cmp  <PRM_H_POS
  785  03:E49E  90 06             bcc  .next
  786  03:E4A0  C5 6A             cmp  <PRM_W_POS
  787  03:E4A2  90 02             bcc  .next
  788  03:E4A4  B0 07             bcs  .exit
  789  03:E4A6            .next
  790  03:E4A6  46 6B             lsr  <PRM_H_POS
  791  03:E4A8  46 6A             lsr  <PRM_W_POS
  792  03:E4AA  4C 9C E4          jmp  .loop
  793                     
  794  03:E4AD            .exit
  795                     
  796  03:E4AD  A5 6B             lda  <PRM_H_POS
  797  03:E4AF  0A                asl  a
  798  03:E4B0  0A                asl  a
  799  03:E4B1  0A                asl  a
  800  03:E4B2  0A                asl  a
  801  03:E4B3  05 6A             ora  <PRM_W_POS
  802  03:E4B5  A8                tay
  803  03:E4B6  B9 08 E5          lda  tblDirCheck,y
  804  03:E4B9  0A                asl  a
  805  03:E4BA  0A                asl  a
  806  03:E4BB  05 42             ora  <W_BR+0
  807  03:E4BD  A8                tay
  808  03:E4BE  B9 C4 E4          lda  tblDirCnv,y
  809                     
  810  03:E4C1  85 44             sta  <TMP_SVA
  811  03:E4C3  60                rts
  812                     
  813                     
  814                     ;------------------------------------------
  815                     ;                方向変換テーブル
  816                     ;------------------------------------------
  817  03:E4C4            tblDirCnv:
  818  03:E4C4  00 20 00          db $00,$20,$00,$20
       03:E4C7  20        
  819  03:E4C8  01 1F 3F          db $01,$1F,$3F,$21
       03:E4CB  21        
  820  03:E4CC  02 1E 3E          db $02,$1E,$3E,$22
       03:E4CF  22        
  821  03:E4D0  03 1D 3D          db $03,$1D,$3D,$23
       03:E4D3  23        
  822  03:E4D4  04 1C 3C          db $04,$1C,$3C,$24
       03:E4D7  24        
  823  03:E4D8  05 1B 3B          db $05,$1B,$3B,$25
       03:E4DB  25        
  824  03:E4DC  06 1A 3A          db $06,$1A,$3A,$26
       03:E4DF  26        
  825  03:E4E0  07 19 39          db $07,$19,$39,$27
       03:E4E3  27        
  826  03:E4E4  08 18 38          db $08,$18,$38,$28
       03:E4E7  28        
  827  03:E4E8  09 17 37          db $09,$17,$37,$29
       03:E4EB  29        
  828  03:E4EC  0A 16 36          db $0A,$16,$36,$2A
       03:E4EF  2A        
  829  03:E4F0  0B 15 35          db $0B,$15,$35,$2B
       03:E4F3  2B        
  830  03:E4F4  0C 14 34          db $0C,$14,$34,$2C
       03:E4F7  2C        
  831  03:E4F8  0D 13 33          db $0D,$13,$33,$2D
       03:E4FB  2D        
  832  03:E4FC  0E 12 32          db $0E,$12,$32,$2E
       03:E4FF  2E        
  833  03:E500  0F 11 31          db $0F,$11,$31,$2F
       03:E503  2F        
  834  03:E504  10 10 30          db $10,$10,$30,$30
       03:E507  30        
  835                             
  836                     
  837                     ;------------------------------------------
  838                     ;                方向判定テーブル 16x16
  839                     ;------------------------------------------
  840                     ;       NT_SIN 0                ; 0  0
  841                     ;       NT_SIN 25               ; 1  5.625
  842                     ;       NT_SIN 50               ; 2  11.25
  843                     ;       NT_SIN 74               ; 3  16.875
  844                     ;       NT_SIN 98               ; 4  22.5
  845                     ;       NT_SIN 121              ; 5  28.125
  846                     ;       NT_SIN 142              ; 6  33.75
  847                     ;       NT_SIN 162              ; 7  39.375
  848                     ;       NT_SIN 181              ; 8  45
  849                     ;       NT_SIN 198              ; 9  50.625
  850                     ;       NT_SIN 213              ; A  56.25
  851                     ;       NT_SIN 226              ; B  61.875
  852                     ;       NT_SIN 237              ; C  67.5
  853                     ;       NT_SIN 245              ; F  73.125
  854                     ;       NT_SIN 251              ; E  78.75
  855                     ;       NT_SIN 255              ; F  84.375
  856                     
  857  03:E508            tblDirCheck:
  858  03:E508  08 00 00          db $08,$00,$00,$00,$00,$00,$00,$00,  $00,$00,$00,$00,$00,$00,$00,$00
       03:E50B  00 00 00  
       03:E50E  00 00 00  
       03:E511  00 00 00  
       03:E514  00 00 00  
       03:E517  00        
  859  03:E518  10 08 06          db $10,$08,$06,$05,$04,$03,$03,$03,  $02,$02,$02,$02,$02,$01,$01,$01
       03:E51B  05 04 03  
       03:E51E  03 03 02  
       03:E521  02 02 02  
       03:E524  02 01 01  
       03:E527  01        
  860  03:E528  10 0A 08          db $10,$0A,$08,$07,$06,$05,$04,$04,  $03,$03,$03,$03,$02,$02,$02,$02
       03:E52B  07 06 05  
       03:E52E  04 04 03  
       03:E531  03 03 03  
       03:E534  02 02 02  
       03:E537  02        
  861  03:E538  10 0B 09          db $10,$0B,$09,$08,$07,$06,$05,$05,  $04,$04,$04,$03,$03,$03,$03,$03
       03:E53B  08 07 06  
       03:E53E  05 05 04  
       03:E541  04 04 03  
       03:E544  03 03 03  
       03:E547  03        
  862  03:E548  10 0C 0A          db $10,$0C,$0A,$09,$08,$07,$06,$06,  $05,$05,$04,$04,$03,$03,$03,$03
       03:E54B  09 08 07  
       03:E54E  06 06 05  
       03:E551  05 04 04  
       03:E554  03 03 03  
       03:E557  03        
  863  03:E558  10 0D 0B          db $10,$0D,$0B,$0A,$09,$08,$07,$07,  $06,$06,$05,$05,$04,$04,$04,$04
       03:E55B  0A 09 08  
       03:E55E  07 07 06  
       03:E561  06 05 05  
       03:E564  04 04 04  
       03:E567  04        
  864  03:E568  10 0D 0C          db $10,$0D,$0C,$0B,$0A,$09,$08,$07,  $07,$06,$06,$05,$05,$05,$04,$04
       03:E56B  0B 0A 09  
       03:E56E  08 07 07  
       03:E571  06 06 05  
       03:E574  05 05 04  
       03:E577  04        
  865  03:E578  10 0D 0C          db $10,$0D,$0C,$0B,$0A,$09,$09,$08,  $07,$07,$06,$06,$06,$05,$05,$05
       03:E57B  0B 0A 09  
       03:E57E  09 08 07  
       03:E581  07 06 06  
       03:E584  06 05 05  
       03:E587  05        
  866                     
  867  03:E588  10 0E 0D          db $10,$0E,$0D,$0C,$0B,$0A,$09,$09,  $08,$07,$07,$07,$06,$06,$05,$05
       03:E58B  0C 0B 0A  
       03:E58E  09 09 08  
       03:E591  07 07 07  
       03:E594  06 06 05  
       03:E597  05        
  868  03:E598  10 0E 0D          db $10,$0E,$0D,$0C,$0B,$0A,$0A,$09,  $09,$08,$08,$07,$07,$06,$06,$06
       03:E59B  0C 0B 0A  
       03:E59E  0A 09 09  
       03:E5A1  08 08 07  
       03:E5A4  07 06 06  
       03:E5A7  06        
  869  03:E5A8  10 0E 0D          db $10,$0E,$0D,$0C,$0C,$0B,$0A,$0A,  $09,$08,$08,$08,$07,$07,$06,$06
       03:E5AB  0C 0C 0B  
       03:E5AE  0A 0A 09  
       03:E5B1  08 08 08  
       03:E5B4  07 07 06  
       03:E5B7  06        
  870  03:E5B8  10 0E 0D          db $10,$0E,$0D,$0D,$0C,$0B,$0B,$0A,  $09,$09,$08,$08,$08,$07,$07,$07
       03:E5BB  0D 0C 0B  
       03:E5BE  0B 0A 09  
       03:E5C1  09 08 08  
       03:E5C4  08 07 07  
       03:E5C7  07        
  871  03:E5C8  10 0E 0E          db $10,$0E,$0E,$0D,$0D,$0C,$0B,$0A,  $0A,$09,$09,$08,$08,$08,$07,$07
       03:E5CB  0D 0D 0C  
       03:E5CE  0B 0A 0A  
       03:E5D1  09 09 08  
       03:E5D4  08 08 07  
       03:E5D7  07        
  872  03:E5D8  10 0F 0E          db $10,$0F,$0E,$0D,$0D,$0C,$0B,$0B,  $0A,$0A,$09,$09,$08,$08,$08,$07
       03:E5DB  0D 0D 0C  
       03:E5DE  0B 0B 0A  
       03:E5E1  0A 09 09  
       03:E5E4  08 08 08  
       03:E5E7  07        
  873  03:E5E8  10 0F 0E          db $10,$0F,$0E,$0D,$0D,$0C,$0C,$0B,  $0B,$0A,$0A,$09,$09,$08,$08,$08
       03:E5EB  0D 0D 0C  
       03:E5EE  0C 0B 0B  
       03:E5F1  0A 0A 09  
       03:E5F4  09 08 08  
       03:E5F7  08        
  874  03:E5F8  10 0F 0E          db $10,$0F,$0E,$0D,$0D,$0C,$0C,$0B,  $0B,$0A,$0A,$09,$09,$09,$08,$08
       03:E5FB  0D 0D 0C  
       03:E5FE  0C 0B 0B  
       03:E601  0A 0A 09  
       03:E604  09 09 08  
       03:E607  08        
  875                     
  876                     
#[1]   PG_main.asm
#[2]   AplGameMovePly.asm
  137                             .INCLUDE        "AplGameMovePly.asm"
    1                     ;=======================================================================
    2                     ;=======================================================================
    3                     ;=======================================================================
    4                     ;
    5                     ;  各種ゲームOBJ移動処理
    6                     ;
    7                     
    8                     ;-----------------------------------
    9                     ; 自機ジャンプ中移動
   10                     ;-----------------------------------
   11  03:E608            movePlyMoveObj
   12  03:E608  20 0E E6          jsr  PLY_KEY_CHK
   13                     
   14  03:E60B  4C 62 D6          jmp  PLY_MOVE
   15                     
   16                     
   17                     
   18                     ;=====================================
   19                     ;プレイヤーキーチェック
   20                     ;=====================================
   21  03:E60E            PLY_KEY_CHK:
   22                     
   23                     
   24  03:E60E            PLY_STG_1A:
   25                     ;       lda      PALFADE_TIME
   26                     ;       bne  .end
   27                     
   28  03:E60E  AD B3 03          lda  PLY_ANM_NO
   29  03:E611  C9 04             cmp  #PLY_AN_DEAD
   30  03:E613  F0 09             beq  .end
   31                     
   32  03:E615  AD A1 03          lda  MISSON_TYPE
   33  03:E618  C9 03             cmp  #MT_EVNT
   34  03:E61A  F0 02             beq  .end
   35  03:E61C  D0 01             bne  .plydm_10
   36                     
   37  03:E61E            .end
   38  03:E61E  60                rts
   39                     
   40  03:E61F            .plydm_10
   41  03:E61F            .plystg23:
   42                     
   43                     ;--- PLAY MAIN ----
   44  03:E61F  20 51 D6          jsr PLY_SHOT_A
   45                     
   46  03:E622            P1_KEYJOB:
   47  03:E622  A2 00             ldx #0
   48  03:E624  20 FB D5          jsr  shotHorming
   49                     
   50  03:E627            .plystg24:
   51  03:E627  20 8D E9          jsr  KEY_DIR
   52  03:E62A  30 42             bmi  .end
   53                     
   54  03:E62C  0A                asl  a
   55  03:E62D  AA                tax
   56  03:E62E  AD 40 05          lda  PLY_OBJ_WX
   57  03:E631  18                clc
   58  03:E632  7D 73 E6          adc  .tblAddX+0,x
   59  03:E635  8D 40 05          sta  PLY_OBJ_WX
   60  03:E638  AD 20 05          lda  POS_PLY_X
   61  03:E63B  7D 74 E6          adc  .tblAddX+1,x
   62                     
   63                             ; X limitter
   64  03:E63E  A0 20             ldy  #PLY_LIM_XL
   65  03:E640  C9 20             cmp  #PLY_LIM_XL
   66  03:E642  90 07             bcc  .xlim_end
   67                     
   68  03:E644  A0 E0             ldy  #PLY_LIM_XH
   69  03:E646  C9 E0             cmp  #PLY_LIM_XH
   70  03:E648  B0 01             bcs  .xlim_end
   71  03:E64A  A8                tay
   72  03:E64B            .xlim_end
   73  03:E64B  8C 20 05          sty  POS_PLY_X
   74                             
   75  03:E64E  AD 41 05          lda  PLY_OBJ_WY
   76  03:E651  18                clc
   77  03:E652  7D 6F E6          adc  .tblAddY+0,x
   78  03:E655  8D 41 05          sta  PLY_OBJ_WY
   79  03:E658  AD 21 05          lda  POS_PLY_Y
   80  03:E65B  7D 70 E6          adc  .tblAddY+1,x
   81                     
   82                             ; Y limitter
   83  03:E65E  A0 18             ldy  #PLY_LIM_YL
   84  03:E660  C9 18             cmp  #PLY_LIM_YL
   85  03:E662  90 07             bcc  .ylim_end
   86                     
   87  03:E664  A0 D0             ldy  #PLY_LIM_YH
   88  03:E666  C9 D0             cmp  #PLY_LIM_YH
   89  03:E668  B0 01             bcs  .ylim_end
   90  03:E66A  A8                tay
   91  03:E66B            .ylim_end
   92  03:E66B  8C 21 05          sty  POS_PLY_Y
   93                     
   94  03:E66E            .end
   95  03:E66E  60                rts
   96                     
   97                     
   98  03:E66F            .tblAddY
   99  03:E66F  00 FD             dw  -MV_PLY_BASE0
  100  03:E671  E1 FD             dw  -MV_PLY_BASE0_IR2
  101  03:E673            .tblAddX
  102  03:E673  00 00             dw  0
  103  03:E675  1F 02             dw  MV_PLY_BASE0_IR2
  104  03:E677  00 03             dw  MV_PLY_BASE0
  105  03:E679  1F 02             dw  MV_PLY_BASE0_IR2
  106  03:E67B  00 00             dw  0
  107  03:E67D  E1 FD             dw  -MV_PLY_BASE0_IR2
  108  03:E67F  00 FD             dw  -MV_PLY_BASE0
  109  03:E681  E1 FD             dw  -MV_PLY_BASE0_IR2
  110                     
  111                     
  112                             CHK_BIT <KEY_NEW, #KEY_RIGHT
       03:E683  A5 C5             LDA     <KEY_NEW
       03:E685  29 01             AND     #KEY_RIGHT
  113  03:E687  F0 0D         beq  .p21_0
  114                             ;==========================
  115                             ; 右キー
  116                             ;==========================
  117  03:E689  AD 20 05          lda POS_PLY_X
  118  03:E68C  C9 E0             cmp #PLY_LIM_XH
  119  03:E68E  B0 DE             bcs .end
  120  03:E690  EE 20 05          inc POS_PLY_X
  121  03:E693  EE 20 05          inc POS_PLY_X
  122                     
  123  03:E696            .p21_0
  124                             CHK_BIT <KEY_NEW, #KEY_LEFT
       03:E696  A5 C5             LDA     <KEY_NEW
       03:E698  29 02             AND     #KEY_LEFT
  125  03:E69A  F0 0E         beq  .p21_1
  126                             ;==========================
  127                             ; 左キー
  128                             ;==========================
  129  03:E69C  AD 20 05          lda POS_PLY_X
  130  03:E69F  C9 20             cmp #PLY_LIM_XL
  131  03:E6A1  90 CB             bcc .end
  132  03:E6A3  CE 20 05          dec POS_PLY_X
  133  03:E6A6  CE 20 05          dec POS_PLY_X
  134  03:E6A9  60                rts
  135                     
  136  03:E6AA            .p21_1
  137                             CHK_BIT <KEY_NEW, #KEY_UP
       03:E6AA  A5 C5             LDA     <KEY_NEW
       03:E6AC  29 08             AND     #KEY_UP
  138  03:E6AE  F0 03         beq  .p21_2
  139                             ;==========================
  140                             ; 上キー
  141                             ;==========================
  142  03:E6B0  4C C7 E6          jmp  P1_UP
  143                     
  144  03:E6B3            .p21_2
  145                             CHK_BIT <KEY_NEW, #KEY_DOWN
       03:E6B3  A5 C5             LDA     <KEY_NEW
       03:E6B5  29 04             AND     #KEY_DOWN
  146  03:E6B7  F0 B5         beq  .end
  147                     
  148                             ;==========================
  149                             ; 下キー
  150                             ;==========================
  151  03:E6B9            P1_DOWN:
  152                     
  153  03:E6B9  AD 21 05          lda POS_PLY_Y
  154  03:E6BC  C9 D0             cmp #PLY_LIM_YH
  155  03:E6BE  B0 06             bcs .end
  156  03:E6C0  EE 21 05          inc POS_PLY_Y
  157  03:E6C3  EE 21 05          inc POS_PLY_Y
  158  03:E6C6            .end
  159  03:E6C6  60                rts
  160                     
  161                     
  162  03:E6C7            P1_UP:
  163  03:E6C7  AD 21 05          lda POS_PLY_Y
  164  03:E6CA  C9 18             cmp #PLY_LIM_YL
  165  03:E6CC  90 06             bcc .end
  166  03:E6CE  CE 21 05          dec POS_PLY_Y
  167  03:E6D1  CE 21 05          dec POS_PLY_Y
  168  03:E6D4            .end
  169  03:E6D4  60                rts
  170                     
  171                     
  172                     
  173                     
#[1]   PG_main.asm
#[2]   AplGameInit.asm
  138                             .INCLUDE        "AplGameInit.asm"
    1                     
    2                     
    3                     
    4                     ;=====================================
    5                     ;
    6                     ;       ゲーム初期化
    7                     ;
    8                     ;
    9                     ;=====================================
   10                     
   11  03:E6D5            initGameDisp:
   12                     
   13                             ;--------------------------
   14                             ; BG関連初期化
   15                             ;--------------------------
   16                     
   17  03:E6D5  A9 00             lda #0
   18  03:E6D7  20 6B EB          JSR CLEAR_BG
   19                     
   20  03:E6DA  A9 00             lda #0
   21  03:E6DC  20 5A EB          jsr CLEAR_BG_2C
   22                     
   23  03:E6DF  20 D1 D8          jsr setGameCommonPal
   24  03:E6E2  20 2B EA          jsr PAL_FADE_SYSTEM
   25                     
   26                             ; アトリビュート書き換え
   27                             SET_VRAM_ADD2   #$23C0
       03:E6E5  A9 23             lda #HIGH (#$23C0)
       03:E6E7  8D 06 20      sta $2006
       03:E6EA  A9 C0             lda #LOW  (#$23C0)
       03:E6EC  8D 06 20          sta $2006
   28                     
   29  03:E6EF  A9 00             lda #%00000000
   30  03:E6F1  A0 38             ldy #64 -8
   31  03:E6F3            .loop_at
   32  03:E6F3  8D 07 20          sta     $2007
   33  03:E6F6  88                dey
   34  03:E6F7  D0 FA             bne .loop_at
   35                     
   36  03:E6F9  A9 FF             lda #%11111111
   37  03:E6FB  A0 08             ldy #8
   38  03:E6FD            .loop_at2
   39  03:E6FD  8D 07 20          sta     $2007
   40  03:E700  88                dey
   41  03:E701  D0 FA             bne .loop_at2
   42                     
   43                             SET_VRAM_ADD2 #$2000 + 32*28 + 0
       03:E703  A9 23             lda #HIGH (#$2000 + 32*28 + 0)
       03:E705  8D 06 20      sta $2006
       03:E708  A9 80             lda #LOW  (#$2000 + 32*28 + 0)
       03:E70A  8D 06 20          sta $2006
   44                             DRAW_STRING2 " SCORE 000000000  "
       03:E70D  A9 E7             LDA  #HIGH (.end00530 -1)
       03:E70F  48                PHA
       03:E710  A9 2E             LDA  #LOW (.end00530 -1)
       03:E712  48                PHA
       03:E713  A9 1C             LDA  #LOW (.tbl00530 )
       03:E715  85 56             STA  <SRC_ADR
       03:E717  A9 E7             LDA  #HIGH (.tbl00530 )
       03:E719  4C 12 ED          jmp  DRAW_STRING_SUB
       03:E71C            .tbl00530:
       03:E71C  20 53 43      db  " SCORE 000000000  ",0
       03:E71F  4F 52 45  
       03:E722  20 30 30  
       03:E725  30 30 30  
       03:E728  30 30 30  
       03:E72B  30 20 20  
       03:E72E  00        
       03:E72F            .end00530:
   45                     
   46  03:E72F  A9 7F             lda  #$7F       ; 自機アイコン
   47  03:E731  8D 07 20      sta  $2007
   48                             DRAW_STRING2 "    STAGE "
       03:E734  A9 E7             LDA  #HIGH (.end00531 -1)
       03:E736  48                PHA
       03:E737  A9 4D             LDA  #LOW (.end00531 -1)
       03:E739  48                PHA
       03:E73A  A9 43             LDA  #LOW (.tbl00531 )
       03:E73C  85 56             STA  <SRC_ADR
       03:E73E  A9 E7             LDA  #HIGH (.tbl00531 )
       03:E740  4C 12 ED          jmp  DRAW_STRING_SUB
       03:E743            .tbl00531:
       03:E743  20 20 20      db  "    STAGE ",0
       03:E746  20 53 54  
       03:E749  41 47 45  
       03:E74C  20 00     
       03:E74E            .end00531:
   49                             
   50                     
   51                             ;       ステージ番号描画
   52                             SET_VRAM_ADD2 #$2000 + 32*28 + 28
       03:E74E  A9 23             lda #HIGH (#$2000 + 32*28 + 28)
       03:E750  8D 06 20      sta $2006
       03:E753  A9 9C             lda #LOW  (#$2000 + 32*28 + 28)
       03:E755  8D 06 20          sta $2006
   53                             
   54  03:E758  AD 21 01          LDA     PLY_STAGE
   55  03:E75B  20 FD ED          jsr  convBCD
   56  03:E75E  20 38 ED          JSR     DRAW_HEX_BYTE
   57                     
   58                             ;       残機数描画
   59  03:E761  20 0B D2          jsr  drawPlyLife
   60                     
   61                     
   62                     ;       メモリークリアー
   63  03:E764  A2 00             ldx  #0
   64  03:E766  8A                txa                     ; =lda #0
   65  03:E767            .CLR_LOP:
   66  03:E767  9D 00 04          sta  $0400,x
   67  03:E76A  9D 00 05          sta  $0500,x
   68  03:E76D  9D 00 06          sta  $0600,x
   69  03:E770  9D 00 07          sta  $0700,x
   70  03:E773  E8                inx
   71  03:E774  D0 F1             bne  .CLR_LOP
   72                     
   73  03:E776  20 19 EE          jsr  SPT_CLR_RTN
   74                     
   75                     
   76  03:E779  A9 01             lda  #1
   77  03:E77B  8D 18 01          sta  SCR_CHG_SW
   78                     
   79                     
   80  03:E77E  A9 80             lda #POS_PLY_X_INIT
   81  03:E780  8D 20 05          sta POS_PLY_X
   82  03:E783  A9 C0             lda #POS_PLY_Y_INIT
   83  03:E785  8D 21 05          sta POS_PLY_Y
   84                     
   85  03:E788  60                rts
   86                     
   87                     
   88                     
   89                     
#[1]   PG_main.asm
#[2]   AplBgStar.asm
  139                             .INCLUDE        "AplBgStar.asm"
    1                     ;=====================================
    2                     ;
    3                     ;       BG裏に流れる星システム 8x16スプライト専用
    4                     ;
    5                     ;
    6                     ;=====================================
    7           0010      BG_STAR_MAX   equ 16                    ; BG星の表示数デフォルト
    8                     
    9                     
   10  03:E789            initGameBgStarObj:
   11  03:E789  A9 10             lda  #BG_STAR_MAX
   12  03:E78B  85 CD             sta  <BG_STAR_DISP
   13  03:E78D  A9 81             lda  #$81
   14  03:E78F  85 CE             sta  <BG_STAR_MODE
   15  03:E791  60                rts
   16                     
   17                     ;-----------------------------------
   18                     ;  BG流星表示
   19                     ; y reg = スプライトの開始位置
   20                     ;-----------------------------------
   21  03:E792            createBgStarObj:
   22  03:E792  A6 E7             ldx  <FLM_TIMER
   23  03:E794  86 48             stx  <TMP_SV0
   24  03:E796  A5 CE             lda  <BG_STAR_MODE
   25  03:E798  29 07             and  #$07
   26  03:E79A  AA                tax
   27  03:E79B            .loop
   28  03:E79B  CA                dex
   29  03:E79C  F0 05             beq  .exit
   30  03:E79E  06 48             asl  <TMP_SV0
   31  03:E7A0  4C 9B E7          jmp  .loop
   32                     
   33  03:E7A3            .exit
   34  03:E7A3  24 CE             bit  <BG_STAR_MODE
   35                     ;       bpl  .scr_down
   36  03:E7A5  30 06             bmi  .scr_down
   37  03:E7A7  A5 48             lda  <TMP_SV0
   38  03:E7A9  49 FF             eor  #$FF
   39  03:E7AB  85 48             sta  <TMP_SV0
   40                     
   41  03:E7AD            .scr_down
   42  03:E7AD  A6 48             ldx  <TMP_SV0
   43  03:E7AF  A5 CD             lda  <BG_STAR_DISP
   44  03:E7B1  D0 01             bne  createBgStarObj2
   45  03:E7B3  60                rts
   46                     ;-----------------------------------
   47                     ;  BG流星表示（拡張版）
   48                     ; a reg = 表示個数（偶数単位
   49                     ; x reg = スクロール値0-255
   50                     ; y reg = スプライトの開始位置
   51                     ;-----------------------------------
   52  03:E7B4            createBgStarObj2:
   53  03:E7B4  86 48             stx  <TMP_SV0
   54  03:E7B6  4A                lsr  a
   55  03:E7B7  85 47             sta  <TMP_LOOP_CNT
   56  03:E7B9  85 49             sta  <TMP_SV1
   57                     
   58  03:E7BB  A2 00             ldx  #0
   59  03:E7BD            .loop
   60  03:E7BD  BD 37 E8          lda TBL_BG_STAR_Y,x
   61  03:E7C0  18                clc
   62  03:E7C1  65 48             adc <TMP_SV0
   63  03:E7C3  99 00 07          sta     OBJ_BUF+0,y     ; ypos
   64                     
   65  03:E7C6  BD 17 E8          lda TBL_BG_STAR_X,x
   66  03:E7C9  99 03 07          sta     OBJ_BUF+3,y     ; xpos
   67                     
   68  03:E7CC  BD 57 E8          lda TBL_BG_STAR_CHR,x
   69  03:E7CF  99 01 07          sta     OBJ_BUF +1,y    ; pat
   70                     
   71                     
   72                     ;       bit7:垂直反転(１で反転)
   73                     ;       bit6:水平反転(１で反転)
   74                     ;       bit5:BGとの優先順位(0:手前、1:奥)
   75                     ;       bit0-1:パレットの上位2bit       
   76  03:E7D2  A9 23             lda #$23
   77  03:E7D4  99 02 07          sta     OBJ_BUF +2,y    ; pal
   78                             
   79  03:E7D7  C8                iny
   80  03:E7D8  C8                iny
   81  03:E7D9  C8                iny
   82  03:E7DA  C8                iny
   83  03:E7DB  C0 00             cpy #0
   84  03:E7DD  F0 37             beq .end
   85  03:E7DF  E8                inx
   86  03:E7E0  C6 47             dec <TMP_LOOP_CNT
   87  03:E7E2  D0 D9         bne .loop
   88                     
   89  03:E7E4  A5 49             lda <TMP_SV1
   90  03:E7E6  85 47             sta <TMP_LOOP_CNT
   91  03:E7E8  A2 00             ldx #0
   92  03:E7EA            .loop2
   93                             ; 倍速
   94  03:E7EA  BD 17 E8          lda TBL_BG_STAR_X,x
   95  03:E7ED  18                clc
   96  03:E7EE  65 48             adc <TMP_SV0
   97  03:E7F0  18                clc
   98  03:E7F1  65 48             adc <TMP_SV0
   99  03:E7F3  99 00 07          sta     OBJ_BUF+0,y     ; ypos
  100                     
  101  03:E7F6  A9 EB             lda  #$EB
  102  03:E7F8  5D 37 E8          eor  TBL_BG_STAR_Y,x
  103  03:E7FB  99 03 07          sta  OBJ_BUF+3,y        ; xpos
  104                     
  105  03:E7FE  BD 57 E8          lda TBL_BG_STAR_CHR,x
  106  03:E801  99 01 07          sta     OBJ_BUF +1,y    ; pat
  107                     
  108                     
  109                     ;       bit7:垂直反転(１で反転)
  110                     ;       bit6:水平反転(１で反転)
  111                     ;       bit5:BGとの優先順位(0:手前、1:奥)
  112                     ;       bit0-1:パレットの上位2bit       
  113  03:E804  A9 A3             lda #$80+$23
  114  03:E806  99 02 07          sta     OBJ_BUF +2,y    ; pal
  115                             
  116  03:E809  C8                iny
  117  03:E80A  C8                iny
  118  03:E80B  C8                iny
  119  03:E80C  C8                iny
  120  03:E80D  C0 00             cpy #0
  121  03:E80F  F0 05             beq .end
  122  03:E811            .next
  123  03:E811  E8                inx
  124  03:E812  C6 47             dec <TMP_LOOP_CNT
  125  03:E814  D0 D4         bne .loop2
  126                     
  127  03:E816            .end
  128  03:E816  60                rts
  129                     
  130                     
  131                     
  132                     ;=====================================
  133                     ;
  134                     ;       BG裏に流れる星システム 8x16スプライト専用 データテーブル
  135                     ;
  136                     ;
  137                     ;=====================================
  138           0031      BG_STAR_CHR   equ $31           ; BG星のキャラ番号
  139                     
  140                     
  141  03:E817            TBL_BG_STAR_X:
  142  03:E817  00 20 40          db $00,$20,$40,$60
       03:E81A  60        
  143  03:E81B  80 A0 C0          db $80,$A0,$C0,$E0
       03:E81E  E0        
  144                     
  145  03:E81F  10 30 50          db $10,$30,$50,$70
       03:E822  70        
  146  03:E823  90 B0 D0          db $90,$B0,$D0,$F0
       03:E826  F0        
  147                     
  148  03:E827  08 28 48          db $08,$28,$48,$68
       03:E82A  68        
  149  03:E82B  88 A8 C8          db $88,$A8,$C8,$E8
       03:E82E  E8        
  150                     
  151  03:E82F  18 38 58          db $18,$38,$58,$78
       03:E832  78        
  152  03:E833  98 B8 D8          db $98,$B8,$D8,$F8
       03:E836  F8        
  153                     
  154                     
  155  03:E837            TBL_BG_STAR_Y:
  156  03:E837  22 4C F0          db 32+2,76,240,50
       03:E83A  32        
  157  03:E83B  64 08 B4          db 100,8,180,64
       03:E83E  40        
  158                     
  159  03:E83F  D7 10 8C          db 215,16,140,90
       03:E842  5A        
  160  03:E843  14 A8 3A          db 20,168,58,244
       03:E846  F4        
  161                     
  162  03:E847  84 E2 3C          db 132,226,60,180
       03:E84A  B4        
  163  03:E84B  14 94 8C          db 20,148,140,164
       03:E84E  A4        
  164                     
  165  03:E84F  0C B0 50          db 12,176,80,230
       03:E852  E6        
  166  03:E853  8C 08 26          db 140,8,38,94
       03:E856  5E        
  167                     
  168                     
  169                     
  170  03:E857            TBL_BG_STAR_CHR:
  171  03:E857  31 33 35          db BG_STAR_CHR+ 0,BG_STAR_CHR+ 2,BG_STAR_CHR+ 4,BG_STAR_CHR+ 6
       03:E85A  37        
  172  03:E85B  31 33 35          db BG_STAR_CHR+ 0,BG_STAR_CHR+ 2,BG_STAR_CHR+ 4,BG_STAR_CHR+ 6
       03:E85E  37        
  173                     
  174  03:E85F  31 33 35          db BG_STAR_CHR+ 0,BG_STAR_CHR+ 2,BG_STAR_CHR+ 4,BG_STAR_CHR+ 6
       03:E862  37        
  175  03:E863  31 33 35          db BG_STAR_CHR+ 0,BG_STAR_CHR+ 2,BG_STAR_CHR+ 4,BG_STAR_CHR+ 6
       03:E866  37        
  176                     
  177  03:E867  31 33 35          db BG_STAR_CHR+ 0,BG_STAR_CHR+ 2,BG_STAR_CHR+ 4,BG_STAR_CHR+ 6
       03:E86A  37        
  178  03:E86B  31 33 35          db BG_STAR_CHR+ 0,BG_STAR_CHR+ 2,BG_STAR_CHR+ 4,BG_STAR_CHR+ 6
       03:E86E  37        
  179                     
  180  03:E86F  31 33 35          db BG_STAR_CHR+ 0,BG_STAR_CHR+ 2,BG_STAR_CHR+ 4,BG_STAR_CHR+ 6
       03:E872  37        
  181  03:E873  31 33 35          db BG_STAR_CHR+ 0,BG_STAR_CHR+ 2,BG_STAR_CHR+ 4,BG_STAR_CHR+ 6
       03:E876  37        
  182                     
  183                     
  184                     
#[1]   PG_main.asm
#[2]   AplSelSub.asm
  140                             .INCLUDE        "AplSelSub.asm"
    1                     ;============================================
    2                     ;       選択画面系サブルーチン
    3                     ;============================================
    4                     
    5  03:E877            initSelDisp:
    6                     
    7  03:E877  20 24 9C          jsr  STOP_SE
    8                     
    9  03:E87A  A9 00             lda  #0
   10  03:E87C  20 5A EB          JSR     CLEAR_BG_2C
   11  03:E87F  A9 00             lda  #0
   12  03:E881  20 6B EB          JSR     CLEAR_BG
   13  03:E884  20 19 EE          JSR     SPT_CLR_RTN
   14                     
   15                             
   16                             
   17  03:E887  A9 00             LDA     #0
   18  03:E889  85 E2             sta  <BG_SCR_Y
   19  03:E88B  85 D4             sta  <BG_SCR_X
   20  03:E88D  85 70             sta  <GM_TMP0
   21  03:E88F  85 77             sta  <PUSH_CTR
   22                     
   23                             SET_DATA_SRC  PAL_OVER_ADR
       03:E891  A9 9C             lda     #LOW (PAL_OVER_ADR)
       03:E893  85 56             sta     <SRC_ADR
       03:E895  A9 E8             lda #HIGH (PAL_OVER_ADR)
       03:E897  85 57         sta <SRC_ADR+1
   24  03:E899  4C 97 EB          jmp setPalData
   25                     
   26  03:E89C            PAL_CLEAR_ADR:
   27  03:E89C            PAL_OVER_ADR:
   28                             PAL_CLEAR
                                  ; PAL_DAT
       03:E89C  0F 15 21          DB  PAL_BG,$15,$21,$20  ;(黒) グラフィック
       03:E89F  20        
       03:E8A0  0F 00 10          DB  PAL_BG,$00,$10,$20  ;(青)
       03:E8A3  20        
       03:E8A4  0F 00 10          DB  PAL_BG,$00,$10,$20  ;(緑)
       03:E8A7  20        
       03:E8A8  0F 0F 20          DB  PAL_BG,$0F,$20,$20  ;(赤) 文字
       03:E8AB  20        
                                  ;       スプライト用パレット
       03:E8AC  0F 00 10          DB   PAL_BG,$00,$10,$20 ;スプライト0
       03:E8AF  20        
                                  PAL_PLYER2
       03:E8B0  0F 1A 17          DB   PAL_BG,$1A,$17,$29
       03:E8B3  29        
                                  PAL_EFFECT
       03:E8B4  0F 15 19          DB   PAL_BG,$15,$19,$20
       03:E8B7  20        
                                  PAL_PLYER
       03:E8B8  0F 21 10          DB   PAL_BG,$21,$10,$20
       03:E8BB  20        
   29                     
   30                     
   31                     
   32                     ;----------------------
   33                     ; ハイスコアチェック
   34                     ;----------------------
   35  03:E8BC            CHK_HISCORE:
   36  03:E8BC  A9 00             LDA     #0
   37  03:E8BE  85 53             STA     <TMP_DISP2
   38  03:E8C0  A2 03             LDX     #3                      ; 上の桁から見ていく
   39                     ;        LDY     #BGM_CLEAR
   40  03:E8C2            .hichk_00:
   41  03:E8C2  CA                DEX
   42  03:E8C3  30 21             BMI     .hichk_02
   43  03:E8C5  BD 14 01          LDA     GM_HISCORE,X
   44  03:E8C8  DD 10 01          CMP     GM_SCORE,X
   45  03:E8CB  F0 F5             BEQ     .hichk_00               ; 今の桁が同じなら下の桁を見にいく
   46  03:E8CD  B0 17             BCS     .hichk_02               ; 今の桁でハイスコアより低いなら終わる
   47                     
   48                             ; デバッグモード中はハイスコアを更新しないようにした (2016-06-01 門真)
   49                     ;       lda      DEBUG_FLG
   50                     ;       bne     .update_e
   51                     
   52                             ; ハイスコア更新
   53  03:E8CF  AD 12 01          LDA     GM_SCORE+2
   54  03:E8D2  8D 16 01          STA     GM_HISCORE+2
   55  03:E8D5  AD 11 01          LDA     GM_SCORE+1
   56  03:E8D8  8D 15 01          STA     GM_HISCORE+1
   57  03:E8DB  AD 10 01          LDA     GM_SCORE+0
   58  03:E8DE  8D 14 01          STA     GM_HISCORE+0
   59  03:E8E1  E6 53             INC     <TMP_DISP2
   60  03:E8E3  20 E8 E8          jsr save_hiscore
   61  03:E8E6            .update_e:
   62                     ;       LDY     #BGM_CLEAR2
   63  03:E8E6            .hichk_02:
   64  03:E8E6  98                TYA
   65  03:E8E7  60                RTS
   66                     
   67                     
   68  03:E8E8            save_hiscore:
   69  03:E8E8  AD 16 01          lda  GM_HISCORE+2
   70  03:E8EB  8D 04 01          sta  HISCORES+2
   71  03:E8EE  AD 15 01          lda  GM_HISCORE+1
   72  03:E8F1  8D 03 01          sta  HISCORES+1
   73  03:E8F4  AD 14 01          lda  GM_HISCORE+0
   74  03:E8F7  8D 02 01          sta  HISCORES+0
   75                     ;@      jmp  save_SAVEDATA
   76  03:E8FA  60                rts
   77                     
   78                     
   79                     ;load_hiscore:
   80                     ;       lda  HISCORES+2
   81                     ;       sta  GM_HISCORE+2
   82                     ;       lda  HISCORES+1
   83                     ;       sta  GM_HISCORE+1
   84                     ;       lda  HISCORES+0
   85                     ;       sta  GM_HISCORE+0
   86                     ;       rts
   87                     
   88                     
   89                     
   90  03:E8FB            STR_CLEAR_2:
   91                             DRAW_STRING2 "SCORE "
       03:E8FB  A9 E9             LDA  #HIGH (.end00538 -1)
       03:E8FD  48                PHA
       03:E8FE  A9 10             LDA  #LOW (.end00538 -1)
       03:E900  48                PHA
       03:E901  A9 0A             LDA  #LOW (.tbl00538 )
       03:E903  85 56             STA  <SRC_ADR
       03:E905  A9 E9             LDA  #HIGH (.tbl00538 )
       03:E907  4C 12 ED          jmp  DRAW_STRING_SUB
       03:E90A            .tbl00538:
       03:E90A  53 43 4F      db  "SCORE ",0
       03:E90D  52 45 20  
       03:E910  00        
       03:E911            .end00538:
   92  03:E911  60                rts
   93                     
   94                     
   95                     
   96  03:E912            DRAW_SCORE:
   97  03:E912  AD 12 01          LDA     GM_SCORE+2
   98  03:E915  20 38 ED          JSR     DRAW_HEX_BYTE
   99  03:E918  AD 11 01          LDA     GM_SCORE+1
  100  03:E91B  20 38 ED          JSR     DRAW_HEX_BYTE
  101  03:E91E  AD 10 01          LDA     GM_SCORE+0
  102  03:E921  20 38 ED          JSR     DRAW_HEX_BYTE
  103  03:E924  A9 00             lda #0                          ;ダミー０
  104  03:E926  4C 41 ED          jmp     DRAW_HEX_BYTE2
  105                     
  106                     ;-----------------------------------
  107                     ; PUSH ANY BUTTON 点滅描画処理
  108                     ;-----------------------------------
  109                     
  110  03:E929            DRAW_PUSH_ANY_BUTTON
  111  03:E929  E6 77             INC     <PUSH_CTR
  112  03:E92B  A5 77             LDA     <PUSH_CTR
  113  03:E92D  29 10             AND     #$10
  114  03:E92F  F0 0A             BEQ  DRAW_PUSH_ANY_BUTTON_C
  115                             DRAW_STRING STR_PUSH_W
       03:E931  A9 45             lda     #STR_PUSH_W & $ff
       03:E933  85 56             STA     <SRC_ADR
       03:E935  A9 E9             LDA     #STR_PUSH_W >> 8
                          ;;      STA     <SRC_ADR+1
       03:E937  20 12 ED          JSR     DRAW_STRING_SUB
  116  03:E93A  60                RTS
  117  03:E93B            DRAW_PUSH_ANY_BUTTON_C:
  118                             DRAW_STRING STR_PUSH_C
       03:E93B  A9 55             lda     #STR_PUSH_C & $ff
       03:E93D  85 56             STA     <SRC_ADR
       03:E93F  A9 E9             LDA     #STR_PUSH_C >> 8
                          ;;      STA     <SRC_ADR+1
       03:E941  20 12 ED          JSR     DRAW_STRING_SUB
  119  03:E944  60                RTS
  120                     
  121  03:E945            STR_PUSH_W
  122  03:E945  50 55 53          DB "PUSH ANY BUTTON",0
       03:E948  48 20 41  
       03:E94B  4E 59 20  
       03:E94E  42 55 54  
       03:E951  54 4F 4E  
       03:E954  00        
  123  03:E955            STR_PUSH_C
  124  03:E955  20 20 20          DB "               ",0
       03:E958  20 20 20  
       03:E95B  20 20 20  
       03:E95E  20 20 20  
       03:E961  20 20 20  
       03:E964  00        
  125                     
  126                     
  127                     
#[1]   PG_main.asm
  141                     
  142                     
  143  03:E965            PLY_MAIN_S:
  144  03:E965            PLY_MAIN:
  145  03:E965  E6 E7             inc  <FLM_TIMER
  146  03:E967  A5 E8             lda  <STG_COD   ;
  147                             TBL_JUMP
       03:E969  0A                ASL     A
       03:E96A  86 F0             stx  <TMP_SYS
       03:E96C  AA                TAX
       03:E96D  BD 79 E9          LDA     .tbl00541+1,X
       03:E970  48                PHA
       03:E971  BD 78 E9          LDA     .tbl00541+0,X
       03:E974  A6 F0             ldx  <TMP_SYS
       03:E976  48                PHA
       03:E977  60                RTS
       03:E978            .tbl00541:
  148                             JPTBL   JMP_NEXT_STG    ; 0
       03:E978  89 E9             DW      JMP_NEXT_STG -1
  149                             JPTBL   JMP_NEXT_STG2   ; 1
       03:E97A  89 E9             DW      JMP_NEXT_STG2 -1
  150                             JPTBL   TIT_STG                 ; 2
       03:E97C  3F C6             DW      TIT_STG -1
  151                             JPTBL   JMP_NEXT_STG    ; 3
       03:E97E  89 E9             DW      JMP_NEXT_STG -1
  152                             JPTBL   JMP_NEXT_STG    ; 4
       03:E980  89 E9             DW      JMP_NEXT_STG -1
  153                             JPTBL   APL_GAME                ; 5
       03:E982  F9 D3             DW      APL_GAME -1
  154                             JPTBL   CLEAR_STG               ; 6
       03:E984  26 CE             DW      CLEAR_STG -1
  155                             JPTBL   OVER_STG                ; 7
       03:E986  D5 CF             DW      OVER_STG -1
  156                             JPTBL   APL_LICENSE             ; 8
       03:E988  83 CD             DW      APL_LICENSE -1
  157                     
  158                     
  159  03:E98A            JMP_NEXT_STG2:
  160                     
  161  03:E98A            JMP_NEXT_STG:
  162  03:E98A  E6 E8             INC     <STG_COD
  163  03:E98C            JMP_RTS:
  164  03:E98C  60                RTS
  165                     
  166                     
  167                     
#[2]   .\SysKey.asm
  168                             .INCLUDE        ".\SysKey.asm"
    1                     ;========================================
    2                     ; Key System
    3                     ;========================================
    4                     
    5           0000      SYSKEY_OLD  EQU  0
    6                     
    7                     
    8                     ;*****************************************
    9                     ;キーの方向を取得
   10                     ;*****************************************
   11  03:E98D            KEY_DIR:
   12  03:E98D  A5 C5             lda  <KEY_NEW
   13  03:E98F  29 0F             and  #$0F
   14  03:E991  AA                tax
   15  03:E992  BD 96 E9          lda  .tbl,x
   16  03:E995  60                rts
   17                     
   18                     
   19  03:E996            .tbl
   20  03:E996  FF                db  KDIR_N      ; 0000 入力無し
   21  03:E997  02                db  KDIR_R      ; 0001 KEY_RIGHT
   22  03:E998  06                db  KDIR_L      ; 0010 KEY_LEFT
   23  03:E999  FF                db  KDIR_N      ; 0011 KEY_RIGHT + KEY_LEFT
   24  03:E99A  04                db  KDIR_D      ; 0100 KEY_DOWN
   25  03:E99B  03                db  KDIR_DR     ; 0101 KEY_DOWN + KEY_RIGHT
   26  03:E99C  05                db  KDIR_DL     ; 0110 KEY_DOWN + KEY_LEFT
   27  03:E99D  04                db  KDIR_D      ; 0111 KEY_DOWN + KEY_RIGHT + KEY_LEFT
   28  03:E99E  00                db  KDIR_U      ; 1000 KEY_UP
   29  03:E99F  01                db  KDIR_UR     ; 1001 KEY_UP + KEY_RIGHT
   30  03:E9A0  07                db  KDIR_UL     ; 1010 KEY_UP + KEY_LEFT
   31  03:E9A1  00                db  KDIR_U      ; 1011 KEY_UP + KEY_RIGHT + KEY_LEFT
   32  03:E9A2  FF                db  KDIR_N      ; 1100 KEY_UP + KEY_DOWN
   33  03:E9A3  02                db  KDIR_R      ; 1101 KEY_UP + KEY_DOWN + KEY_RIGHT
   34  03:E9A4  06                db  KDIR_L      ; 1110 KEY_UP + KEY_DOWN + KEY_LEFT
   35  03:E9A5  FF                db  KDIR_N      ; 1111 KEY_UP + KEY_DOWN + KEY_RIGHT + KEY_LEFT
   36                     
   37                     ;****************
   38                     ; KEY RTN       *
   39                     ;****************
   40                     ;
   41  03:E9A6            KEY_RTN:
   42                             ;----------------------------------------------------------------------
   43                             ; 4 回読込み版
   44                             ;----------------------------------------------------------------------
   45  03:E9A6  A5 C5             lda     <KEY_NEW
   46  03:E9A8  85 C4             sta     <KEY_OLD
   47                     
   48  03:E9AA  20 01 EA           jsr    .read                   ; 6+153
   49  03:E9AD  85 C7              sta    <KEY_CH1                ; 3
   50  03:E9AF  20 01 EA           jsr    .read                   ; 6+153
   51  03:E9B2  48                 pha                            ; 3
   52  03:E9B3  20 01 EA            jsr   .read                   ; 6+153
   53  03:E9B6  85 C9               sta   <KEY_CH3                ; 3
   54  03:E9B8  20 01 EA            jsr   .read                   ; 6+153  (645)
   55  03:E9BB  68                 pla                            ; (2nd read)
   56  03:E9BC  C5 C7             cmp     <KEY_CH1
   57  03:E9BE  F0 06             beq     .store                  ; XX--
   58  03:E9C0  C5 C5             cmp     <KEY_NEW                ; (4th read)
   59  03:E9C2  F0 02             beq     .store                  ; -X-X
   60  03:E9C4  A5 C9             lda     <KEY_CH3                ; X-X-
   61                                                             ; -XX-
   62                                                             ; --XX
   63  03:E9C6            .store:
   64  03:E9C6  85 C5             sta     <KEY_NEW
   65                     
   66                     ;;      lda     <KEY_NEW
   67  03:E9C8  45 C4             eor     <KEY_OLD
   68  03:E9CA  48                pha
   69  03:E9CB  25 C5              and    <KEY_NEW
   70  03:E9CD  85 C3              sta    <KEY_TRG
   71  03:E9CF  68                pla
   72  03:E9D0  25 C4             and     <KEY_OLD
   73  03:E9D2  85 C2             sta     <KEY_REL
   74                     
   75                     ;;      RTS
   76                     
   77  03:E9D4  A5 C3             lda     <KEY_TRG
   78  03:E9D6  29 0F             and     #(KEY_UP|KEY_DOWN|KEY_LEFT|KEY_RIGHT)
   79  03:E9D8  F0 0C             beq     .main                   ; 新たに押されたキーがない?
   80                     
   81  03:E9DA  A8                tay
   82  03:E9DB  B9 1B EA          lda  ro_keytable, y             ; 同時押し対策 (下上右左の順に優先)
   83  03:E9DE  85 CA             sta     <REP_KEY                ; 新たに押されたキーをリピート用に設定
   84  03:E9E0  A9 18             lda     #REP_WAIT
   85  03:E9E2  85 CC             sta     <REP_CNT                ; 初回ウェイト
   86           0001              .if     1
   87           0018               .if     REP_WAIT
   88  03:E9E4  D0 16               bne   .press                  ; =bra  押し始めは押下あり
   89                              .else
   91                              .endif
   92                             .else
   95                             .endif
   96  03:E9E6            .main:
   97  03:E9E6  A5 C5             lda     <KEY_NEW
   98  03:E9E8  25 CA             and     <REP_KEY
   99  03:E9EA  F0 12             beq     .set                    ; リピート用キーが押されていない (a=0)?
  100                     
  101  03:E9EC  C6 CC             dec     <REP_CNT                ; ウェイトのカウントダウン
  102  03:E9EE  F0 0C             beq     .press                  ; 初回ウェイト終了か?
  103  03:E9F0  A5 CC             lda     <REP_CNT
  104  03:E9F2  49 F8             eor     #-REP_INTERVAL
  105  03:E9F4  C9 01             cmp     #1                      ; c = 0:一致 / 1:不一致
  106  03:E9F6  A9 00             lda     #0                      ; カウンタ初期値 または 押下キーなし
  107  03:E9F8  B0 04             bcs     .set                    ; 2 回目以降のウェイト終了でないか?
  108                     
  109  03:E9FA  85 CC             sta     <REP_CNT                ; カウンタを戻す。
  110  03:E9FC            .press:
  111  03:E9FC  A5 CA             lda     <REP_KEY
  112  03:E9FE            .set:
  113  03:E9FE  85 CB             sta     <REP_NEW                ; リピートにより ON/OFF される押下状態
  114  03:EA00  60                rts
  115                     
  116                             ;----------------------------------------------------------------------
  117                             ; 4 回読込み版 - 1 回分サブ
  118                             ;----------------------------------------------------------------------
  119                             ; こちらの版は 2 フレーム間での比較を行わないため、
  120                             ; 反応が良くなって既存のゲームバランスに影響が出てしまった。
  121                             ; そのため、やむなく使用しないこととなった。
  122  03:EA01            .read:
  123  03:EA01  A9 01             lda     #1                      ; 2
  124  03:EA03  85 C5             sta     <KEY_NEW                ; 3
  125  03:EA05  8D 16 40          sta      $4016                  ; 4
  126  03:EA08  4A                lsr      a                      ; 2  =lda #0
  127  03:EA09  8D 16 40          sta      $4016                  ; 4
  128  03:EA0C            .read_loop:
  129  03:EA0C  AD 16 40          lda      $4016                  ; 4x
  130  03:EA0F  29 03             and     #(%11<<0)               ; 2x
  131  03:EA11  C9 01             cmp     #(%01<<0)               ; 2x
  132  03:EA13  26 C5             rol     <KEY_NEW                ; 5x
  133  03:EA15  90 F5             bcc     .read_loop              ; 3x
  134                                                             ;-1
  135  03:EA17  A5 C5             lda     <KEY_NEW                ; 3
  136  03:EA19  EA                nop                             ; 2  調整用
  137  03:EA1A  60                rts                             ; 6  (153)
  138                     
  139                             ;----------------------------------------------------------------------
  140                     ;;      Align   16
  141  03:EA1B            ro_keytable:            ;2143
  142  03:EA1B  00                .db     %0000   ;----
  143  03:EA1C  01                .db     %0001   ;---R
  144  03:EA1D  02                .db     %0010   ;--L-
  145  03:EA1E  01                .db     %0001   ;--lR
  146  03:EA1F  04                .db     %0100   ;-D--
  147  03:EA20  04                .db     %0100   ;-D-r
  148  03:EA21  04                .db     %0100   ;-Dl-
  149  03:EA22  04                .db     %0100   ;-Dlr
  150  03:EA23  08                .db     %1000   ;U---
  151  03:EA24  08                .db     %1000   ;U--r
  152  03:EA25  08                .db     %1000   ;U-l-
  153  03:EA26  08                .db     %1000   ;U-lr
  154  03:EA27  04                .db     %0100   ;uD--
  155  03:EA28  04                .db     %0100   ;uD-r
  156  03:EA29  04                .db     %0100   ;uDl-
  157  03:EA2A  04                .db     %0100   ;uDlr
  158                             ;--^--^--
  159                     
#[1]   PG_main.asm
#[2]   .\SysPallet.asm
  169                             .INCLUDE        ".\SysPallet.asm"
    1                     ;========================================
    2                     ; Pallet System
    3                     ;========================================
    4           0004      DEF_FADE_SPD    equ 4   ; デフォルトフェード速度
    5                     
    6                     ;*****************************************
    7                     ;パレットフェードシステム
    8                     ;*****************************************
    9  03:EA2B            PAL_FADE_SYSTEM:
   10  03:EA2B  20 31 EA          jsr PAL_FADE_SYSTEM2    ; フェード値制御
   11  03:EA2E  4C C6 EA          jmp PAL_SET_RTN2                ; パレット転送
   12                             
   13  03:EA31            PAL_FADE_SYSTEM2:
   14  03:EA31  AD D7 06          lda     PALFADE_TIME
   15  03:EA34  F0 1E             beq     .ret            ; フェードタイムが０なら何もしないでリターン
   16  03:EA36  CE D8 06          dec     PALFADE_CNT
   17  03:EA39  D0 19             bne     .ret            ; カウントダウン中ならリターン
   18  03:EA3B  8D D8 06          sta     PALFADE_CNT
   19                     
   20                             PAL_CHG
       03:EA3E  E6 E4             inc  <PAL_CHG_FG
   21  03:EA40  AD DA 06          lda     PALFADE_ADD
   22  03:EA43  18                clc
   23  03:EA44  6D D9 06          adc     PALFADE_VAL
   24  03:EA47  8D D9 06          sta     PALFADE_VAL
   25  03:EA4A  F0 09             beq     .end_fade
   26  03:EA4C  C9 50             cmp #$50
   27  03:EA4E  F0 05             beq     .end_fade
   28  03:EA50  C9 B0             cmp #-$50
   29  03:EA52  F0 01             beq     .end_fade
   30  03:EA54            .ret
   31  03:EA54  60                rts
   32                     
   33  03:EA55            .end_fade
   34  03:EA55  A9 00             lda     #0
   35  03:EA57  8D D7 06          sta     PALFADE_TIME
   36                     ;       sta     PALFADE_MASK
   37  03:EA5A  60                rts
   38                     
   39                     
   40                     ;*****************************************
   41                     ;黒フェードイン
   42                     ;*****************************************
   43  03:EA5B            SET_FADE_IN_B:
   44  03:EA5B  A9 04             lda     #DEF_FADE_SPD
   45  03:EA5D            SET_FADE_IN_B2:
   46  03:EA5D  A0 C0             ldy     #-$40
   47  03:EA5F  A2 10             ldx     #$10
   48  03:EA61  D0 16             bne fade_set_end
   49                     ;*****************************************
   50                     ;黒フェードアウト
   51                     ;*****************************************
   52  03:EA63            SET_FADE_OUT_B:
   53  03:EA63  A9 04             lda     #DEF_FADE_SPD
   54  03:EA65            SET_FADE_OUT_B2:
   55  03:EA65  A0 00             ldy     #0
   56  03:EA67  A2 F0             ldx     #-$10
   57  03:EA69  D0 0E             bne fade_set_end
   58                     ;*****************************************
   59                     ;白フェードイン
   60                     ;*****************************************
   61  03:EA6B            SET_FADE_IN_W:
   62  03:EA6B  A9 04             lda     #DEF_FADE_SPD
   63  03:EA6D            SET_FADE_IN_W2:
   64  03:EA6D  A0 40             ldy     #$40
   65  03:EA6F  A2 F0             ldx     #-$10
   66  03:EA71  D0 06             bne fade_set_end
   67                     ;*****************************************
   68                     ;白フェードアウト
   69                     ;*****************************************
   70  03:EA73            SET_FADE_OUT_W:
   71  03:EA73  A9 04             lda     #DEF_FADE_SPD
   72  03:EA75            SET_FADE_OUT_W2:
   73  03:EA75  A0 00             ldy     #0
   74  03:EA77  A2 10             ldx     #$10
   75  03:EA79            fade_set_end:
   76  03:EA79  8D D7 06          sta PALFADE_TIME
   77  03:EA7C  8D D8 06          sta     PALFADE_CNT
   78  03:EA7F  8E DA 06          stx     PALFADE_ADD
   79  03:EA82  8C D9 06          sty     PALFADE_VAL
   80                             PAL_CHG
       03:EA85  E6 E4             inc  <PAL_CHG_FG
   81  03:EA87  60                rts
   82                     
   83                     ;*****************************************
   84                     ;フェード終了待ち
   85                     ;*****************************************
   86  03:EA88            WAIT_FADE_END:
   87  03:EA88  A5 E0             lda  <FLG_2000
   88  03:EA8A  8D 00 20          sta      $2000                          ; このタイミングでNMI発生
   89  03:EA8D            .loop
   90  03:EA8D  20 60 EE          jsr  WAIT_VSYNC
   91  03:EA90  20 2B EA          jsr  PAL_FADE_SYSTEM
   92  03:EA93  AD D7 06          lda      PALFADE_TIME
   93  03:EA96  D0 F5             bne  .loop
   94  03:EA98  60                rts
   95                     
   96                     
   97                     ;*****************************************
   98                     ;パレットＰＰＵ転送システム
   99                     ;*****************************************
  100  03:EA99            transPALLET:
  101  03:EA99  A5 E4             lda  <PAL_CHG_FG
  102  03:EA9B  F0 28             beq  .end
  103                     
  104  03:EA9D  A2 00             ldx  #0
  105  03:EA9F  86 E4             stx  <PAL_CHG_FG
  106  03:EAA1  A9 3F             lda  #$3F
  107  03:EAA3  8D 06 20          sta  $2006      ; hi
  108  03:EAA6  8E 06 20          stx  $2006      ; low
  109                             
  110  03:EAA9  AD D9 06          lda  PALFADE_VAL
  111  03:EAAC  D0 0C             BNE  .fadepal00
  112                             ; ダイレクト転送
  113  03:EAAE            .loop
  114  03:EAAE  BD 90 00          lda  PAL_WRK,x
  115  03:EAB1  8D 07 20          sta  $2007
  116  03:EAB4  E8                inx
  117  03:EAB5  E0 20             cpx  #32
  118  03:EAB7  D0 F5             bne  .loop
  119  03:EAB9  60                rts
  120                     
  121                             ; フェード中転送
  122  03:EABA            .fadepal00
  123  03:EABA  BD E0 06          lda  PAL_WRK2,x
  124  03:EABD  8D 07 20          sta  $2007
  125  03:EAC0  E8                inx
  126  03:EAC1  E0 20             cpx  #32
  127  03:EAC3  D0 F5             bne  .fadepal00
  128  03:EAC5            .end
  129  03:EAC5  60                rts
  130                     
  131                     ;*****************************************
  132                     ;パレット制御システム
  133                     ;*****************************************
  134  03:EAC6            PAL_SET_RTN2:
  135  03:EAC6  A5 E4             LDA     <PAL_CHG_FG
  136  03:EAC8  D0 01             BNE     .pal00
  137  03:EACA  60                RTS
  138  03:EACB            .pal00
  139  03:EACB  A9 00             lda   #0
  140  03:EACD  AA                tax
  141  03:EACE  A8                tay
  142  03:EACF  AD D9 06          LDA     PALFADE_VAL
  143  03:EAD2  D0 01             BNE     .fadepal00
  144                     
  145  03:EAD4  60                rts
  146                     
  147                     ;--- パレット転送処理 -----
  148  03:EAD5            .fadepal00
  149  03:EAD5  30 0F             BMI             .fadepal01
  150                     
  151  03:EAD7            .palwcre020             ; 加算転送 （白フェード用）
  152  03:EAD7  B9 F5 EA          lda  tblFadeMask,y
  153  03:EADA  2D 0B 06          and  PALFADE_MASK
  154  03:EADD  20 FD EA          jsr  sub_palwcre
  155  03:EAE0  C8                iny
  156  03:EAE1  C0 08             cpy   #8
  157  03:EAE3  D0 F2             BNE     .palwcre020
  158  03:EAE5  60                rts
  159                     
  160                     
  161                     
  162  03:EAE6            .fadepal01      ; 減算転送 （黒フェード用）
  163  03:EAE6  B9 F5 EA          lda  tblFadeMask,y
  164  03:EAE9  2D 0B 06          and  PALFADE_MASK
  165  03:EAEC  20 20 EB          jsr  sub_palbcre
  166  03:EAEF  C8                iny
  167  03:EAF0  C0 08             cpy   #8
  168  03:EAF2  D0 F2             BNE     .fadepal01
  169  03:EAF4  60                rts
  170                     
  171                     
  172  03:EAF5            tblFadeMask:
  173  03:EAF5  01 02 04          db  $01,$02,$04,$08,$10,$20,$40,$80
       03:EAF8  08 10 20  
       03:EAFB  40 80     
  174                     
  175                     ;--------------------
  176                     ; 白フェードサブ
  177                     ;--------------------
  178  03:EAFD            sub_palwcre
  179  03:EAFD  D0 40             bne  sub_paldirect
  180  03:EAFF  98                tya
  181  03:EB00  48                pha
  182  03:EB01  A0 04             ldy  #4
  183                     
  184  03:EB03            .loop
  185  03:EB03  BD 90 00          lda     PAL_WRK,x
  186  03:EB06  C9 0F             cmp     #$0F            ; $0Fは特殊扱い
  187  03:EB08  D0 02             bne     .palwcre030
  188  03:EB0A  A9 F0             lda     #$F0
  189  03:EB0C            .palwcre030
  190                             ; 白以上なら白にする
  191  03:EB0C  18                clc
  192  03:EB0D  6D D9 06          adc     PALFADE_VAL
  193  03:EB10  C9 40             cmp     #$40
  194  03:EB12  90 02             bcc     .palwcre040
  195  03:EB14  A9 30             lda     #$30
  196  03:EB16            .palwcre040
  197  03:EB16  9D E0 06          sta  PAL_WRK2,x
  198  03:EB19  E8                inx
  199  03:EB1A  88                dey
  200  03:EB1B  D0 E6             bne  .loop
  201                     
  202  03:EB1D  68                pla
  203  03:EB1E  A8                tay
  204  03:EB1F  60                rts
  205                     
  206                     ;--------------------
  207                     ; 黒フェードサブ
  208                     ;--------------------
  209  03:EB20            sub_palbcre
  210  03:EB20  D0 1D             bne  sub_paldirect
  211  03:EB22  98                tya
  212  03:EB23  48                pha
  213  03:EB24  A0 04             ldy  #4
  214                     
  215  03:EB26            .loop
  216  03:EB26  BD 90 00      LDA     PAL_WRK,X
  217  03:EB29  C9 0F             cmp     #$0F            ; $0Fは特殊扱いで何もしない
  218  03:EB2B  F0 08             beq     .palbcre040
  219  03:EB2D            .palbcre030
  220                             ; 黒以下なら黒にする
  221  03:EB2D  18                clc
  222  03:EB2E  6D D9 06          adc     PALFADE_VAL
  223  03:EB31  10 02             bpl     .palbcre040
  224  03:EB33  A9 0F             lda     #$0F
  225  03:EB35            .palbcre040
  226  03:EB35  9D E0 06          sta  PAL_WRK2,x
  227  03:EB38  E8                inx
  228  03:EB39  88                dey
  229  03:EB3A  D0 EA             bne  .loop
  230                     
  231  03:EB3C  68                pla
  232  03:EB3D  A8                tay
  233  03:EB3E  60                rts
  234                     
  235                     ;--------------------
  236                     ; ダイレクト転送
  237                     ;--------------------
  238  03:EB3F            sub_paldirect
  239  03:EB3F  98                tya
  240  03:EB40  48                pha
  241  03:EB41  A0 04             ldy  #4
  242                     
  243  03:EB43            .loop
  244  03:EB43  BD 90 00          lda     PAL_WRK,x
  245  03:EB46  9D E0 06          sta  PAL_WRK2,x
  246  03:EB49  E8                inx
  247  03:EB4A  88                dey
  248  03:EB4B  D0 F6             bne  .loop
  249                     
  250  03:EB4D  68                pla
  251  03:EB4E  A8                tay
  252  03:EB4F  60                rts
  253                     
#[1]   PG_main.asm
#[2]   .\SysData.asm
  170                             .INCLUDE        ".\SysData.asm"
    1                     
    2                     ;***********************************************************************
    3                     ;       データ転送関連システム
    4                     ;***********************************************************************
    5                     
    6                     ;=======================
    7                     ; ROMの指定バンクのデータをRAMにコピーする
    8                     ;  IN: SRC_ADR 転送元アドレス 16bit
    9                     ;  IN: DST_ADR 転送先アドレス 16bit
   10                     ;  IN: Y 転送サイズ
   11                     ;  破壊 A,Y
   12                     ;=======================
   13  03:EB50            memcpy:
   14  03:EB50            .loop
   15  03:EB50  88                dey
   16  03:EB51  B1 56             lda  [SRC_ADR],y
   17  03:EB53  91 58             sta  [DST_ADR],y
   18  03:EB55  C0 00             cpy  #0
   19  03:EB57  D0 F7             bne  .loop
   20  03:EB59  60                rts
   21                     
   22                     
   23                     
   24                     ;=======================
   25                     ; 背景データ 2C00       *
   26                     ;=======================
   27  03:EB5A            CLEAR_BG_2C:
   28  03:EB5A  48                PHA
   29                             SET_VRAM_ADD2 #$2C00
       03:EB5B  A9 2C             lda #HIGH (#$2C00)
       03:EB5D  8D 06 20      sta $2006
       03:EB60  A9 00             lda #LOW  (#$2C00)
       03:EB62  8D 06 20          sta $2006
   30  03:EB65  68                PLA
   31  03:EB66  4C 77 EB          jmp CLEAR_BG_00
   32  03:EB69            BAK_CLR_RTN:
   33  03:EB69  A9 00             LDA     #$00
   34  03:EB6B            CLEAR_BG:
   35  03:EB6B  48                PHA
   36                             SET_VRAM_ADD2 #$2000
       03:EB6C  A9 20             lda #HIGH (#$2000)
       03:EB6E  8D 06 20      sta $2006
       03:EB71  A9 00             lda #LOW  (#$2000)
       03:EB73  8D 06 20          sta $2006
   37  03:EB76  68                PLA
   38                     
   39  03:EB77            CLEAR_BG_00:
   40                     
   41  03:EB77  A2 03             ldx     #3
   42  03:EB79            CLEAR_BG_DATA_L1:
   43  03:EB79  A0 00             ldy     #0
   44  03:EB7B            CLEAR_BG_DATA_L0:
   45  03:EB7B  8D 07 20          sta     $2007
   46  03:EB7E  88                dey
   47  03:EB7F  D0 FA             bne     CLEAR_BG_DATA_L0
   48  03:EB81  CA                dex
   49  03:EB82  D0 F5             bne     CLEAR_BG_DATA_L1
   50                     
   51  03:EB84  A0 C0             LDY     #$C0
   52                     ;       JSR  CLEAR_VRAM
   53  03:EB86            CLEAR_BG_DATA_L2:
   54  03:EB86  8D 07 20          sta     $2007
   55  03:EB89  88                dey
   56  03:EB8A  D0 FA             bne     CLEAR_BG_DATA_L2
   57                     
   58                     
   59  03:EB8C  A9 00             LDA     #$00
   60  03:EB8E  A0 40             LDY     #$40
   61                     ;       JSR  CLEAR_VRAM
   62  03:EB90            CLEAR_BG_DATA_L3:
   63  03:EB90  8D 07 20          sta     $2007
   64  03:EB93  88                dey
   65  03:EB94  D0 FA             bne     CLEAR_BG_DATA_L3
   66                     
   67  03:EB96  60                RTS
   68                     
   69                     
   70                     ;=======================
   71                     ; パレット初期セットサブ
   72                     ;  IN: SRC_ADR 転送元アドレス 16bit
   73                     ;=======================
   74  03:EB97            setPalData:
   75  03:EB97  A0 20             ldy  #32
   76                             SET_DATA_DST PAL_WRK
       03:EB99  A9 90             lda     #LOW (PAL_WRK)
       03:EB9B  85 58             sta     <DST_ADR
       03:EB9D  A9 00             lda #HIGH (PAL_WRK)
       03:EB9F  85 59         sta <DST_ADR +1
   77  03:EBA1            setPalData2:
   78                             PAL_CHG
       03:EBA1  E6 E4             inc  <PAL_CHG_FG
   79  03:EBA3  4C 50 EB          jmp  memcpy
   80                     
   81                     ;------------------------------------------------
   82                     ;       BPE デコード
   83                     ;
   84                     ;  SRC_ADR =  データ格納アドレス
   85                     ;  DST_ADR =  展開先VRAMアドレス
   86                     ;------------------------------------------------
   87           004F      BPE_pass                EQU  TMP_SV7
   88           0050      BPE_decompsize  EQU  TMP_WRK0           ; 展開サイズ
   89           0052      BPE_compsize    EQU  TMP_WRK2           ; 圧縮サイズ
   90                     
   91           0048      BPE_DIC_H               EQU  TMP_SV0
   92           004A      BPE_DIC_L               EQU  TMP_SV2
   93           004C      BPE_DIC_O               EQU  TMP_SV4
   94           0700      BPE_DT_BUF              EQU  BPE_BUF
   95           0780      BPE_IX_BUF              EQU  BPE_BUF+$80
   96                     
   97                     
   98  03:EBA6            bpe_dec_vram:
   99                             ; 転送先VRAMアドレスセット
  100  03:EBA6  A5 59             lda  <DST_ADR+1
  101  03:EBA8  8D 06 20      sta  $2006
  102  03:EBAB  A9 FF             lda  #$FF
  103  03:EBAD  85 59             sta  <DST_ADR+1
  104  03:EBAF  A5 58             lda <DST_ADR+0
  105  03:EBB1  8D 06 20          sta $2006
  106                     
  107  03:EBB4            bpe_dec:
  108                     
  109  03:EBB4            .loop
  110  03:EBB4  20 C5 EC          jsr  getSCR_ADR_DATA
  111  03:EBB7  D0 01             bne  .no_end
  112  03:EBB9  60                rts
  113  03:EBBA            .no_end
  114  03:EBBA  85 4F             sta  <BPE_pass
  115                     
  116                             ; 展開サイズ
  117  03:EBBC  20 C5 EC          jsr  getSCR_ADR_DATA
  118  03:EBBF  85 50             sta  <BPE_decompsize+0
  119  03:EBC1  20 C5 EC          jsr  getSCR_ADR_DATA
  120  03:EBC4  85 51             sta  <BPE_decompsize+1
  121                     
  122                             ; 圧縮サイズ
  123  03:EBC6  20 C5 EC          jsr  getSCR_ADR_DATA
  124  03:EBC9  85 52             sta  <BPE_compsize+0
  125  03:EBCB  20 C5 EC          jsr  getSCR_ADR_DATA
  126  03:EBCE  85 53             sta  <BPE_compsize+1
  127                     
  128                             ; 辞書アドレスH
  129                             LD_W <BPE_DIC_H , <SRC_ADR
       03:EBD0  A5 56             lda  <SRC_ADR
       03:EBD2  85 48             sta  <BPE_DIC_H
       03:EBD4  A5 57             lda  <SRC_ADR+1
       03:EBD6  85 49             sta  <BPE_DIC_H+1
  130  03:EBD8  A2 00             ldx  #0
  131  03:EBDA  A5 4F             lda  <BPE_pass
  132  03:EBDC  20 E6 EC          jsr  addSCR_ADR
  133                     
  134                             ; 辞書アドレスL
  135                             LD_W <BPE_DIC_L , <SRC_ADR
       03:EBDF  A5 56             lda  <SRC_ADR
       03:EBE1  85 4A             sta  <BPE_DIC_L
       03:EBE3  A5 57             lda  <SRC_ADR+1
       03:EBE5  85 4B             sta  <BPE_DIC_L+1
  136  03:EBE7  A2 00             ldx  #0
  137  03:EBE9  A5 4F             lda  <BPE_pass
  138  03:EBEB  20 E6 EC          jsr  addSCR_ADR
  139                     
  140                             ; 辞書アドレスO
  141                             LD_W <BPE_DIC_O , <SRC_ADR
       03:EBEE  A5 56             lda  <SRC_ADR
       03:EBF0  85 4C             sta  <BPE_DIC_O
       03:EBF2  A5 57             lda  <SRC_ADR+1
       03:EBF4  85 4D             sta  <BPE_DIC_O+1
  142  03:EBF6  A2 00             ldx  #0
  143  03:EBF8  A5 4F             lda  <BPE_pass
  144  03:EBFA  20 E6 EC          jsr  addSCR_ADR
  145                     
  146  03:EBFD  20 03 EC          jsr  frame_decode
  147                             
  148  03:EC00  4C B4 EB          jmp .loop
  149                     
  150                     ;------------------------------------------------
  151                     ;       BPE 1フレームデコード
  152                     ;------------------------------------------------
  153  03:EC03            frame_decode:
  154  03:EC03  A5 59             lda  <DST_ADR+1
  155  03:EC05  10 3C             bpl  frame_decode2_ram
  156                     
  157  03:EC07            frame_decode2:
  158  03:EC07  A5 52             lda  <BPE_compsize+0
  159  03:EC09  D0 06             bne  .fd00
  160  03:EC0B  A5 53             lda  <BPE_compsize+1
  161  03:EC0D  F0 33             beq  .end
  162  03:EC0F  C6 53             dec  <BPE_compsize+1
  163  03:EC11            .fd00
  164  03:EC11  C6 52             dec  <BPE_compsize+0
  165  03:EC13  20 C5 EC          jsr  getSCR_ADR_DATA
  166                             
  167  03:EC16  A2 00             ldx  #0
  168  03:EC18  A4 4F             ldy  <BPE_pass
  169                     
  170  03:EC1A            .loop
  171  03:EC1A  C0 00             cpy  #0
  172  03:EC1C  F0 13             beq  .next
  173  03:EC1E  88                dey
  174  03:EC1F  D1 4C             cmp  [BPE_DIC_O],y
  175  03:EC21  D0 F7             bne  .loop
  176                     
  177  03:EC23  B1 4A             lda  [BPE_DIC_L],y
  178  03:EC25  9D 00 07          sta  BPE_DT_BUF,x
  179  03:EC28  98                tya
  180  03:EC29  9D 80 07          sta  BPE_IX_BUF,x
  181  03:EC2C  B1 48             lda  [BPE_DIC_H],y
  182  03:EC2E  E8                inx
  183  03:EC2F  D0 E9             bne  .loop
  184                     
  185  03:EC31            .next
  186  03:EC31  8D 07 20          sta  $2007
  187  03:EC34  E0 00             cpx  #0
  188  03:EC36  F0 CF             beq  frame_decode2
  189                     
  190  03:EC38  CA                dex
  191  03:EC39  BC 80 07          ldy  BPE_IX_BUF,x
  192  03:EC3C  BD 00 07          lda  BPE_DT_BUF,x
  193  03:EC3F  4C 1A EC          jmp  .loop
  194  03:EC42            .end
  195  03:EC42  60                rts
  196                     
  197                     
  198  03:EC43            frame_decode2_ram:
  199  03:EC43  A5 52             lda  <BPE_compsize+0
  200  03:EC45  D0 06             bne  .fd00
  201  03:EC47  A5 53             lda  <BPE_compsize+1
  202  03:EC49  F0 3E             beq  .end
  203  03:EC4B  C6 53             dec  <BPE_compsize+1
  204  03:EC4D            .fd00
  205  03:EC4D  C6 52             dec  <BPE_compsize+0
  206  03:EC4F  20 C5 EC          jsr  getSCR_ADR_DATA
  207                             
  208  03:EC52  A2 00             ldx  #0
  209  03:EC54  A4 4F             ldy  <BPE_pass
  210                     
  211  03:EC56            .loop
  212  03:EC56  C0 00             cpy  #0
  213  03:EC58  F0 13             beq  .next
  214  03:EC5A  88                dey
  215  03:EC5B  D1 4C             cmp  [BPE_DIC_O],y
  216  03:EC5D  D0 F7             bne  .loop
  217                     
  218  03:EC5F  B1 4A             lda  [BPE_DIC_L],y
  219  03:EC61  9D 00 07          sta  BPE_DT_BUF,x
  220  03:EC64  98                tya
  221  03:EC65  9D 80 07          sta  BPE_IX_BUF,x
  222  03:EC68  B1 48             lda  [BPE_DIC_H],y
  223  03:EC6A  E8                inx
  224  03:EC6B  D0 E9             bne  .loop
  225                     
  226  03:EC6D            .next
  227  03:EC6D  84 46             sty  <TMP_SVY
  228  03:EC6F  A0 00             ldy  #0
  229  03:EC71  91 58             sta  [DST_ADR],y
  230  03:EC73  E6 58             inc  <DST_ADR+0
  231  03:EC75  D0 02             bne  .sk00
  232  03:EC77  E6 59             inc  <DST_ADR+1
  233  03:EC79            .sk00
  234  03:EC79  A4 46             ldy  <TMP_SVY
  235  03:EC7B  E0 00             cpx  #0
  236  03:EC7D  F0 C4             beq  frame_decode2_ram
  237                     
  238  03:EC7F  CA                dex
  239  03:EC80  BC 80 07          ldy  BPE_IX_BUF,x
  240  03:EC83  BD 00 07          lda  BPE_DT_BUF,x
  241  03:EC86  4C 56 EC          jmp  .loop
  242  03:EC89            .end
  243  03:EC89  60                rts
  244                     
  245                     
#[1]   PG_main.asm
  171                     
#[2]   .\SysSub.asm
  172                             .INCLUDE        ".\SysSub.asm"
    1                     ;===================================================================
    2                     ;
    3                     ;                       固定バンクに置く汎用ルーチン
    4                     ;
    5                     ;===================================================================
    6                     ;--------------------------------
    7                     ; STG_COD セット  A reg -> STG_COD
    8                     ;--------------------------------
    9  03:EC8A            SET_STG_COD:
   10  03:EC8A            SET_STG_COD2:
   11  03:EC8A  85 E8             STA     <STG_COD
   12                     
   13                     ;       JSR     STOP_SE
   14                     
   15  03:EC8C  78                sei
   16  03:EC8D  E6 E3             inc     <NMI_FLG        ;ハング防止
   17                     
   18  03:EC8F  A9 00             lda  #0
   19  03:EC91  85 EF             sta  <NMI_CALL_ADR+1
   20  03:EC93  85 ED             sta  <NMI_CALL_BNK
   21  03:EC95  85 E9             sta  <STG_COD_SUB
   22  03:EC97  85 C5             sta  <KEY_NEW
   23  03:EC99  85 C3             sta  <KEY_TRG
   24  03:EC9B  C6 E3             dec  <NMI_FLG
   25                     
   26                             DISP_OFF                ; 画面off
       03:EC9D  20 54 EE          jsr  _disp_off_sub
   27                     
   28  03:ECA0  60                rts
   29                     
   30                     
   31                     
   32                     ;******* GM_WAIT **********************
   33  03:ECA1            ST_GM_WKEY:
   34                             CHK_BIT <KEY_TRG, #KEY_ABRS
       03:ECA1  A5 C3             LDA     <KEY_TRG
       03:ECA3  29 F0             AND     #KEY_ABRS
   35  03:ECA5  D0 04             bne  st_gm_w01
   36                     
   37  03:ECA7            ST_GM_WAIT:
   38  03:ECA7  C6 B2             dec <GM_WAIT
   39  03:ECA9  D0 02             bne  st_gm_w00
   40                     
   41  03:ECAB            st_gm_w01:
   42  03:ECAB  E6 E9             inc  <STG_COD_SUB
   43  03:ECAD            st_gm_w00:
   44  03:ECAD  60                rts
   45                     
   46  03:ECAE            ST_GM_WAIT2:
   47  03:ECAE  20 BC EC          jsr  SLOW_DEC_GM_WAIT
   48  03:ECB1  F0 F8             beq  st_gm_w01
   49  03:ECB3  60                rts
   50                     
   51                     
   52                     ;******* フェード終了待ち **********************
   53  03:ECB4            ST_FADE_WAIT:
   54  03:ECB4  AD D7 06          lda  PALFADE_TIME
   55  03:ECB7  D0 F4             bne  st_gm_w00
   56  03:ECB9  E6 E9             inc  <STG_COD_SUB
   57  03:ECBB  60                rts
   58                     
   59                     ;-------------------------------------
   60                     ; 8フレーム毎にカウントダウンする GM_WAIT
   61                     ; カウントがゼロならゼロフラグセット
   62                     ;-------------------------------------
   63  03:ECBC            SLOW_DEC_GM_WAIT:
   64  03:ECBC  A5 E5             lda  <SYS_TIMER
   65  03:ECBE  29 07             and  #$07
   66  03:ECC0  D0 02             bne  .endstg52
   67  03:ECC2  C6 B2             dec  <GM_WAIT
   68  03:ECC4            .endstg52:
   69  03:ECC4  60                rts
   70                     
   71                     
   72                     ;=======================
   73                     ; [SCR_ADR] から１バイト A reg に入れてアドレスをインクリメント
   74                     ;  IN: SRC_ADR 転送元アドレス 16bit
   75                     ;  OUT: A reg  取得したデータ
   76                     ;=======================
   77  03:ECC5            getSCR_ADR_DATA:
   78  03:ECC5  84 F0             sty  <TMP_SYS
   79  03:ECC7  A0 00             ldy  #0
   80  03:ECC9  B1 56             lda  [SRC_ADR],Y
   81  03:ECCB  08                php
   82  03:ECCC  A4 F0             ldy  <TMP_SYS
   83                             incw <SRC_ADR
       03:ECCE  E6 56             inc     <SRC_ADR
       03:ECD0  D0 02             bne     .iend00562
                          
       03:ECD2  E6 57             inc     <SRC_ADR + 1
       03:ECD4            .iend00562:
                          
   84  03:ECD4  28                plp
   85  03:ECD5  60                rts
   86                     
   87  03:ECD6            incSCR_ADR:
   88                             incw <SRC_ADR
       03:ECD6  E6 56             inc     <SRC_ADR
       03:ECD8  D0 02             bne     .iend00563
                          
       03:ECDA  E6 57             inc     <SRC_ADR + 1
       03:ECDC            .iend00563:
                          
   89  03:ECDC  60                rts
   90                     
   91  03:ECDD            decSCR_ADR:
   92                             decw <SRC_ADR
       03:ECDD  A5 56             lda     <SRC_ADR
       03:ECDF  D0 02             bne     .dend00564
                          
       03:ECE1  C6 57             dec     <SRC_ADR + 1
       03:ECE3            .dend00564:
       03:ECE3  C6 56             dec     <SRC_ADR
                          
   93  03:ECE5  60                rts
   94                     
   95                     
   96                     ;----------------------
   97                     ;  SRC_ADRに加算
   98                     ;  Areg = LOW
   99                     ;  Xreg = High
  100                     ;----------------------
  101  03:ECE6            addSCR_ADR:
  102  03:ECE6  18                clc
  103  03:ECE7  65 56             adc  <SRC_ADR+0
  104  03:ECE9  85 56             sta  <SRC_ADR+0
  105  03:ECEB  8A                txa
  106  03:ECEC  65 57             adc  <SRC_ADR+1
  107  03:ECEE  85 57             sta  <SRC_ADR+1
  108  03:ECF0  60                rts
  109                     
  110                     
  111                     ;=======================
  112                     ; Areg を [DST_ADR] にセットしてアドレスをインクリメント
  113                     ;  IN: DST_ADR 転送元アドレス 16bit
  114                     ;  破壊 Y
  115                     ;=======================
  116  03:ECF1            setDST_ADR_DATA:
  117  03:ECF1  A0 00             ldy   #0
  118  03:ECF3  91 58             sta   [DST_ADR],Y
  119  03:ECF5            incDST_ADR:
  120  03:ECF5  E6 58             inc  <DST_ADR
  121  03:ECF7  D0 02             bne  .end
  122  03:ECF9  E6 59             inc  <DST_ADR+1
  123  03:ECFB            .end    
  124  03:ECFB  60                rts
  125                     
  126                     
  127                     
  128                     
  129                     ;=======================
  130                     ; キャリーフラグ反転
  131                     ;=======================
  132  03:ECFC            revCFlag:
  133  03:ECFC  90 02             bcc  .set
  134  03:ECFE  18                clc
  135  03:ECFF  60                rts
  136  03:ED00            .set
  137  03:ED00  38                sec
  138  03:ED01  60                rts
  139                     
  140                     
  141                     
  142                     ;-----------------------------------
  143                     ; 余ったスプライトをクリアーする
  144                     ; y reg = スプライトの開始位置
  145                     ;-----------------------------------
  146  03:ED02            clearObj:
  147  03:ED02  C0 00             cpy  #0
  148  03:ED04  F0 0B             beq  clearObj_end
  149  03:ED06            clearObj2:
  150  03:ED06  A9 F0             lda  #SP_CLR_Y
  151  03:ED08            .spclr_loop
  152  03:ED08  99 00 07          sta  OBJ_BUF,y
  153  03:ED0B  C8                iny
  154  03:ED0C  C8                iny
  155  03:ED0D  C8                iny
  156  03:ED0E  C8                iny
  157  03:ED0F  D0 F7             bne .spclr_loop
  158  03:ED11            clearObj_end:
  159  03:ED11  60                rts
  160                     
  161                     
  162                     
  163                     ;=======================
  164                     ; 文字列描画
  165                     ;   SET_VRAM で転送先VRAMアドレスを指定
  166                     ;   DRAW_STRING で文字列の格納アドレスを指定
  167                     ;=======================
  168  03:ED12            DRAW_STRING_SUB:
  169  03:ED12  85 57             sta  <SRC_ADR+1
  170  03:ED14  A0 00             ldy  #0
  171  03:ED16            .drst00:
  172  03:ED16  B1 56             lda  [SRC_ADR],Y
  173  03:ED18  F0 0C             beq  .drst01
  174  03:ED1A  C9 20             cmp  #' '
  175  03:ED1C  D0 02             bne  .set
  176  03:ED1E  A9 00             lda  #0
  177  03:ED20            .set
  178  03:ED20  8D 07 20          sta  $2007
  179  03:ED23  C8                iny
  180  03:ED24  D0 F0             bne  .drst00
  181  03:ED26            .drst01:
  182  03:ED26  60                rts
  183                     
  184                     ;=======================
  185                     ; 文字列クリアー
  186                     ;   SET_VRAM で転送先VRAMアドレスを指定
  187                     ;   DRAW_STRING で文字列の格納アドレスを指定
  188                     ;=======================
  189  03:ED27            CLR_STRING_SUB:
  190  03:ED27  85 57             sta  <SRC_ADR+1
  191  03:ED29  A0 00             ldy  #0
  192  03:ED2B            .crst00:
  193  03:ED2B  B1 56             lda  [SRC_ADR],Y
  194  03:ED2D  F0 08             beq  .crst01
  195  03:ED2F  A9 00             lda  #0
  196  03:ED31  8D 07 20          sta  $2007
  197  03:ED34  C8                iny
  198  03:ED35  D0 F4             bne  .crst00
  199  03:ED37            .crst01:
  200  03:ED37  60                rts
  201                     
  202                     
  203                     ;=======================
  204                     ; 16進数　数字描画
  205                     ;   SET_VRAM で転送先VRAMアドレスを指定
  206                     ;   A reg 描画する数値
  207                     ;=======================
  208  03:ED38            DRAW_HEX_BYTE:
  209  03:ED38  A8                tay
  210  03:ED39  4A                lsr  a
  211  03:ED3A  4A                lsr  a
  212  03:ED3B  4A                lsr  a
  213  03:ED3C  4A                lsr  a
  214  03:ED3D  20 41 ED          jsr  DRAW_HEX_BYTE2
  215  03:ED40  98                tya
  216  03:ED41            DRAW_HEX_BYTE2:
  217  03:ED41  29 0F             and  #$0f
  218  03:ED43  C9 0A             cmp  #10
  219  03:ED45  B0 06             bcs  .drhx00
  220  03:ED47  18                clc
  221  03:ED48  69 30             adc  #'0'
  222  03:ED4A  4C 50 ED          jmp  .drhx01
  223  03:ED4D            .drhx00:
  224  03:ED4D  18                clc
  225  03:ED4E  69 37             adc  #'A' -10
  226  03:ED50            .drhx01:
  227  03:ED50  8D 07 20          sta  $2007
  228  03:ED53  60                rts
  229                     
  230                     ;=======================
  231                     ; 16進数　数字描画
  232                     ;   SET_VRAM で転送先VRAMアドレスを指定
  233                     ;   A reg 描画する数値
  234                     ;=======================
  235  03:ED54            DRAW_HEX_BYTE_GM:
  236  03:ED54  A8                tay
  237  03:ED55  4A                lsr  a
  238  03:ED56  4A                lsr  a
  239  03:ED57  4A                lsr  a
  240  03:ED58  4A                lsr  a
  241  03:ED59  20 5D ED          jsr  DRAW_HEX_BYTE2_GM
  242  03:ED5C  98                tya
  243  03:ED5D            DRAW_HEX_BYTE2_GM:
  244  03:ED5D  29 0F             and  #$0f
  245  03:ED5F  18                clc
  246  03:ED60  69 01             adc  #1
  247  03:ED62            .drhx01_GM:
  248  03:ED62  8D 07 20          sta  $2007
  249  03:ED65  60                rts
  250                     
  251                     ;=======================
  252                     ; 2進化10進 8ビット加算
  253                     ;   A reg 加算する値（BCD値）
  254                     ;   X reg $1xx のワークの下位アドレス8bit
  255                     ;=======================
  256                     
  257  03:ED66            BCD_ADD:
  258                             ; 加算する値を上下4ビットずつに分離
  259  03:ED66  A8                tay
  260  03:ED67  29 0F             and  #$0F
  261  03:ED69  85 48             sta  <TMP_SV0
  262  03:ED6B  98                tya
  263  03:ED6C  29 F0             and  #$F0
  264  03:ED6E  4A                lsr  a
  265  03:ED6F  4A                lsr  a
  266  03:ED70  4A                lsr  a
  267  03:ED71  4A                lsr  a
  268  03:ED72  85 49             sta  <TMP_SV1
  269                             
  270  03:ED74  BD 00 01          lda  $100,x
  271  03:ED77  A8                tay
  272  03:ED78  29 0F             and  #$0F
  273  03:ED7A  85 4A             sta  <TMP_SV2
  274  03:ED7C  98                tya
  275  03:ED7D  29 F0             and  #$F0
  276  03:ED7F  4A                lsr  a
  277  03:ED80  4A                lsr  a
  278  03:ED81  4A                lsr  a
  279  03:ED82  4A                lsr  a
  280  03:ED83  85 4B             sta  <TMP_SV3
  281                     
  282                             ; 下位4ビットを加算
  283  03:ED85  A5 48             lda  <TMP_SV0
  284  03:ED87  18                clc
  285  03:ED88  65 4A             adc  <TMP_SV2
  286  03:ED8A  C9 0A             cmp  #10
  287  03:ED8C  90 04             bcc  BCD_00
  288  03:ED8E  E9 0A             sbc  #10
  289  03:ED90  E6 49             inc  <TMP_SV1
  290  03:ED92            BCD_00:
  291  03:ED92  85 4A             sta  <TMP_SV2
  292                     
  293                             ; 上位4ビットを加算
  294  03:ED94  A5 49             lda  <TMP_SV1
  295  03:ED96  18                clc
  296  03:ED97  65 4B             adc  <TMP_SV3
  297  03:ED99  C9 0A             cmp  #10
  298  03:ED9B  90 0B             bcc  BCD_01
  299  03:ED9D  E9 0A             sbc  #10
  300  03:ED9F  20 A8 ED          jsr  BCD_01
  301  03:EDA2  E8                inx
  302  03:EDA3  A9 01             lda  #1
  303  03:EDA5  4C 66 ED          jmp  BCD_ADD
  304                     
  305  03:EDA8            BCD_01:
  306  03:EDA8  0A                asl  a
  307  03:EDA9  0A                asl  a
  308  03:EDAA  0A                asl  a
  309  03:EDAB  0A                asl  a
  310  03:EDAC  05 4A             ora  <TMP_SV2
  311  03:EDAE  9D 00 01          sta  $100,x
  312  03:EDB1  60                rts
  313                     
  314                     
  315                     ;=======================
  316                     ; 2進化10進 インクリメント
  317                     ;   X reg $1xx のワークの下位アドレス8bit
  318                     ;=======================
  319  03:EDB2            BCD_INC:
  320  03:EDB2  BD 00 01          lda  $100,x
  321  03:EDB5  29 0F             and  #$0F
  322  03:EDB7  C9 09             cmp  #9
  323  03:EDB9  F0 04             beq  .BCD_I00
  324  03:EDBB  FE 00 01          inc  $100,x
  325  03:EDBE  60                rts
  326  03:EDBF            .BCD_I00:
  327  03:EDBF  BD 00 01          lda  $100,x
  328  03:EDC2  29 F0             and  #$F0
  329  03:EDC4  C9 90             cmp  #$90
  330  03:EDC6  F0 07             beq  .BCD_I01
  331  03:EDC8  18                clc
  332  03:EDC9  69 10             adc  #$10
  333  03:EDCB  9D 00 01          sta  $100,x
  334  03:EDCE  60                rts
  335  03:EDCF            .BCD_I01:
  336  03:EDCF  A9 00             lda  #$0
  337  03:EDD1  9D 00 01          sta  $100,x
  338  03:EDD4  E8                inx
  339  03:EDD5  4C B2 ED          jmp  BCD_INC
  340                     
  341                     
  342                     ;=======================
  343                     ; 2進化10進 デクリメント
  344                     ;   X reg $1xx のワークの下位アドレス8bit
  345                     ;=======================
  346  03:EDD8            BCD_DEC:
  347  03:EDD8  BD 00 01          lda  $100,x
  348  03:EDDB  29 0F             and  #$0F
  349  03:EDDD  F0 04             beq  .BCD_D00
  350  03:EDDF  DE 00 01          dec  $100,x
  351  03:EDE2  60                rts
  352  03:EDE3            .BCD_D00:
  353  03:EDE3  BD 00 01          lda  $100,x
  354  03:EDE6  29 F0             and  #$F0
  355  03:EDE8  F0 0A             beq  .BCD_D01
  356  03:EDEA  38                sec
  357  03:EDEB  E9 10             sbc  #$10
  358  03:EDED  18                clc
  359  03:EDEE  69 09             adc  #$09
  360  03:EDF0  9D 00 01          sta  $100,x
  361  03:EDF3  60                rts
  362  03:EDF4            .BCD_D01:
  363  03:EDF4  A9 99             lda  #$99
  364  03:EDF6  9D 00 01          sta  $100,x
  365  03:EDF9  E8                inx
  366  03:EDFA  4C D8 ED          jmp  BCD_DEC
  367                     
  368                     ;---------------------------------------------
  369                     ; Areg の値をBCDに変換:99以上の値は99になる
  370                     ;---------------------------------------------
  371  03:EDFD            convBCD:
  372  03:EDFD  C9 63             cmp  #99
  373  03:EDFF  90 03             bcc  .no_over
  374  03:EE01  A9 99             lda  #$99
  375  03:EE03  60                rts
  376                     
  377  03:EE04            .no_over
  378  03:EE04  A2 00             ldx  #0
  379  03:EE06            .loop
  380  03:EE06  C9 0A             cmp  #10
  381  03:EE08  90 05             bcc  .end
  382  03:EE0A  E9 0A             sbc  #10
  383  03:EE0C  E8                inx
  384  03:EE0D  D0 F7             bne  .loop
  385  03:EE0F            .end
  386  03:EE0F  85 F0             sta  <TMP_SYS
  387  03:EE11  8A                txa
  388  03:EE12  0A                asl  a
  389  03:EE13  0A                asl  a
  390  03:EE14  0A                asl  a
  391  03:EE15  0A                asl  a
  392  03:EE16  05 F0             ora  <TMP_SYS
  393  03:EE18  60                rts
  394                     
  395                     
  396                     ;=======================
  397                     ; SPRITE   CLEAR       *
  398                     ;=======================
  399  03:EE19            SYS_CLEAR_SP:
  400  03:EE19            SPT_CLR_RTN:
  401  03:EE19  A2 00             ldx #0
  402  03:EE1B  A9 F1             lda #$F1
  403  03:EE1D            .loop:
  404  03:EE1D  9D 00 02          sta  $0200,x
  405  03:EE20  9D 01 02          sta  $0201,x
  406  03:EE23  E8                inx
  407  03:EE24  E8                inx
  408  03:EE25  E8                inx
  409  03:EE26  E8                inx
  410  03:EE27  D0 F4             bne  .loop
  411  03:EE29  60                rts
  412                     
  413                     
  414                     ;=======================
  415                     ; VRAM CLEAR
  416                     ;=======================
  417  03:EE2A            SYS_CLEAR_BG:
  418                             SET_VRAM_ADD2 #$2000
       03:EE2A  A9 20             lda #HIGH (#$2000)
       03:EE2C  8D 06 20      sta $2006
       03:EE2F  A9 00             lda #LOW  (#$2000)
       03:EE31  8D 06 20          sta $2006
  419  03:EE34            SYS_CLEAR_BG2:
  420  03:EE34  A9 00             lda     #$00
  421  03:EE36  A0 00             ldy     #0
  422  03:EE38  20 41 EE          jsr SYS_VRAM_WLP
  423  03:EE3B  20 41 EE          jsr SYS_VRAM_WLP
  424  03:EE3E  20 41 EE          jsr SYS_VRAM_WLP
  425                     
  426  03:EE41            SYS_VRAM_WLP:
  427  03:EE41  8D 07 20          sta  $2007
  428  03:EE44  88                dey
  429  03:EE45  D0 FA             bne  SYS_VRAM_WLP
  430  03:EE47  60                rts
  431                     
  432                     
  433                     
  434                     ;------------------------------------------------------------------------------
  435                     ;                               表示on
  436                     ;------------------------------------------------------------------------------
  437  03:EE48            _disp_on_sub:
  438  03:EE48  A9 00             lda  #0
  439  03:EE4A  85 E3             sta  <NMI_FLG   ; 割り込み許可
  440                     
  441  03:EE4C  20 60 EE          jsr  WAIT_VSYNC ; IRQを働かせるため、次フレームになるまで待つ。
  442                     
  443  03:EE4F  A9 1E             lda  #FLG_PPU2001
  444  03:EE51  85 E1             sta  <FLG_2001  ; 画面ON
  445  03:EE53  60                rts
  446                     
  447                     ;------------------------------------------------------------------------------
  448                     ;                               表示off
  449                     ;------------------------------------------------------------------------------
  450  03:EE54            _disp_off_sub:
  451  03:EE54  A9 00             lda  #0
  452  03:EE56  85 E1             sta  <FLG_2001  ; 画面OFF
  453  03:EE58  20 60 EE          jsr  WAIT_VSYNC ; 画面offになるのは次のフレームからなので、待つ。
  454                     
  455  03:EE5B  A9 01             lda  #1
  456  03:EE5D  85 E3             sta  <NMI_FLG   ; 割り込み禁止
  457  03:EE5F  60                rts
  458                     
  459                     
  460                     
  461                     ;--------------------
  462                     ; VSYNC 待ち
  463                     ;--------------------
  464  03:EE60            WAIT_VSYNC:
  465  03:EE60  A5 E0             lda  <FLG_2000
  466  03:EE62  F0 06             beq  .end
  467  03:EE64  A5 E5             lda  <SYS_TIMER
  468  03:EE66            .loop:
  469  03:EE66  C5 E5             cmp  <SYS_TIMER
  470  03:EE68  F0 FC             beq  .loop              ; NMI終了待ち
  471  03:EE6A            .end
  472  03:EE6A  60                rts
  473                     
  474                     ;========================================
  475                     ; Random System
  476                     ;========================================
  477                     
  478                     ;*****************************************
  479                     ; Areg に 0-255の擬似乱数を返す
  480                     ;*****************************************
  481  03:EE6B            GET_RND:
  482  03:EE6B  86 45             stx  <TMP_SVX
  483  03:EE6D  AD 0B 01          lda  RND_SEL
  484  03:EE70  29 03             and  #3
  485  03:EE72  EE 0B 01          inc  RND_SEL
  486  03:EE75  AA                tax
  487  03:EE76  BD 0C 01          lda  RND_WK0,X
  488  03:EE79  69 9B             adc  #155
  489  03:EE7B  9D 0C 01          sta  RND_WK0,X
  490  03:EE7E  A6 45             ldx  <TMP_SVX
  491  03:EE80  60                rts
  492                     
  493                     
  494                     ;*****************************************
  495                     ; Areg に 乱数の最大値セット
  496                     ;
  497                     ; Areg に 指定した数値未満の擬似乱数を返す
  498                     ;*****************************************
  499  03:EE81            GET_RND_N:
  500  03:EE81  85 44             sta  <TMP_SVA
  501  03:EE83            .get_rndn_00:
  502  03:EE83  20 6B EE          jsr  GET_RND
  503  03:EE86  C5 44             cmp  <TMP_SVA
  504  03:EE88  B0 F9             bcs  .get_rndn_00
  505  03:EE8A  60                rts
  506                     
  507                     
#[1]   PG_main.asm
#[2]   .\SysNES.asm
  173                             .include        ".\SysNES.asm"
    1                     
    2                     ;=====================================================
    3                     
    4                     
    5  03:EE8B            INIT:
    6  03:EE8B  78                sei
    7  03:EE8C  D8                cld
    8  03:EE8D  A2 FF             ldx     #$ff
    9  03:EE8F  9A                txs
   10                     
   11  03:EE90  20 30 EF          jsr  SYS_INIT
   12                             
   13                             ; PPU 制御フラグ 1 初期化
   14  03:EE93  A9 A8             lda     #FLG_PPU2000
   15  03:EE95  85 E0             sta     <FLG_2000
   16  03:EE97  8D 00 20          sta      $2000                          ; このタイミングでNMI発生
   17                     
   18  03:EE9A            LOPX:
   19  03:EE9A  20 60 EE          jsr WAIT_VSYNC
   20                     
   21                             ; demo timer 処理
   22  03:EE9D  A5 B8             lda  <DEMO_TIMER
   23  03:EE9F  F0 08             beq  .lpx00
   24  03:EEA1  A5 E5             lda  <SYS_TIMER
   25  03:EEA3  29 0F             and  #$0f
   26  03:EEA5  F0 02             beq  .lpx00
   27  03:EEA7  C6 B8             dec  <DEMO_TIMER
   28  03:EEA9            .lpx00
   29  03:EEA9  20 A6 E9          jsr  KEY_RTN            ;--- キー入力チェック -----
   30  03:EEAC  20 B8 EE          jsr  MAKE_RND   ; 乱数生成
   31                     
   32  03:EEAF  20 65 E9          jsr  PLY_MAIN_S ; メイン処理呼び出し
   33                     
   34  03:EEB2  20 2B EA          jsr PAL_FADE_SYSTEM
   35                     
   36  03:EEB5  4C 9A EE          jmp LOPX
   37                     
   38                     
   39                     ;*****************************************
   40                     ;乱数システム
   41                     ;*****************************************
   42  03:EEB8            MAKE_RND:
   43  03:EEB8  AD 0C 01          lda  RND_WK0
   44  03:EEBB  69 4D             adc  #77
   45  03:EEBD  8D 0C 01          sta  RND_WK0
   46  03:EEC0  AD 0D 01          lda  RND_WK1
   47  03:EEC3  E9 4D             sbc  #77
   48  03:EEC5  8D 0D 01          sta  RND_WK1
   49  03:EEC8  AD 0E 01          lda  RND_WK2
   50  03:EECB  69 4D             adc  #77
   51  03:EECD  8D 0E 01          sta  RND_WK2
   52  03:EED0  AD 0F 01          lda  RND_WK3
   53  03:EED3  E9 4D             sbc  #77
   54  03:EED5  8D 0F 01          sta  RND_WK3
   55  03:EED8  60                rts
   56                     
   57                     
   58                     ;===========================================================
   59                     ;===========================================================
   60                     ;===========================================================
   61                     ;===========================================================
   62                     ;===========================================================
   63                     ;===========================================================
   64                     
   65                     ;***************************************
   66                     ;***************************************
   67                     ;***************************************
   68                     ;***************************************
   69                     ; NMI割り込み
   70                     ;***************************************
   71                     ;***************************************
   72                     ;***************************************
   73                     ;***************************************
   74                     
   75  03:EED9            NMI:
   76  03:EED9  2C 02 20          bit      $2002
   77  03:EEDC  48                pha
   78                             incw  <SYS_TIMER
       03:EEDD  E6 E5             inc     <SYS_TIMER
       03:EEDF  D0 02             bne     .iend00566
                          
       03:EEE1  E6 E6             inc     <SYS_TIMER + 1
       03:EEE3            .iend00566:
                          
   79  03:EEE3  A5 E3             lda  <NMI_FLG   ;NMI処理中か?
   80  03:EEE5  F0 02             beq  .nmi_ok
   81  03:EEE7  68                pla
   82  03:EEE8  40                rti
   83                     
   84  03:EEE9            .nmi_ok
   85  03:EEE9  E6 E3             inc  <NMI_FLG   ;NMI処理中フラグオン
   86  03:EEEB  8A            txa
   87  03:EEEC  48            pha
   88  03:EEED  98            tya
   89  03:EEEE  48            pha
   90                     
   91                     ; --- NMI メイン処理 --------------
   92                     
   93                     ;****************************
   94                     ; ＰＰＵ制御（※ＰＰＵは、垂直帰線期間中に処理を終わらせる）
   95                     ;****************************
   96                     ;--- スプライトDMA転送 ----- （※512 clock消費）
   97  03:EEEF  A9 07             lda  #high(OBJ_BUF)
   98  03:EEF1  8D 14 40          sta  $4014
   99                     
  100  03:EEF4  20 99 EA          jsr  transPALLET
  101                     
  102                     
  103                     ;--- ユーザーVRAM書き換え処理 -----
  104           0001       .if 1
  105  03:EEF7  A5 EF             lda <NMI_CALL_ADR+1
  106  03:EEF9  F0 05             beq  .no_usr_nmi
  107  03:EEFB  A5 ED             lda <NMI_CALL_BNK
  108  03:EEFD  20 27 EF          jsr .usr_nmi_sub
  109  03:EF00            .no_usr_nmi
  110                     
  111                      .endif
  112                     
  113  03:EF00  A5 E0             lda     <FLG_2000
  114  03:EF02  8D 00 20          sta      $2000
  115  03:EF05  A5 E1             lda     <FLG_2001
  116  03:EF07  8D 01 20          sta      $2001
  117                     
  118                     
  119                     ; ＩＲＱ割り込み値設定=============
  120                     ;--- スクロールレジスタ設定 -----
  121  03:EF0A  A5 D4             lda  <BG_SCR_X
  122  03:EF0C  8D 05 20          sta  $2005
  123  03:EF0F  A5 E2             lda  <BG_SCR_Y
  124  03:EF11  C9 EF             cmp  #240 -1
  125  03:EF13  90 02             bcc  .y_set
  126  03:EF15  A9 EF             lda  #239
  127  03:EF17            .y_set
  128  03:EF17  8D 05 20          sta  $2005
  129                     
  130                     
  131                     ;****************************
  132                     ; ＡＰＵ制御（※ＰＰＵ後に処理する）
  133                     ;****************************
  134                     
  135  03:EF1A  20 5F 9C          jsr  SOUND_SYSTEM
  136                     
  137                     
  138                     ;****************************
  139                     ; ＮＭＩの最後の最後
  140                     ;****************************
  141  03:EF1D  68                PLA
  142  03:EF1E  A8                TAY
  143  03:EF1F  68                PLA
  144  03:EF20  AA                TAX
  145                     
  146  03:EF21  A9 00             LDA     #0              ;NMI処理中のフラグオフ
  147  03:EF23  85 E3             STA     <NMI_FLG
  148                     
  149  03:EF25  68                pla
  150  03:EF26  40                rti
  151                     
  152  03:EF27            .usr_nmi_sub
  153  03:EF27  6C EE 00          jmp [NMI_CALL_ADR]
  154                     
  155                     
  156                     
#[1]   PG_main.asm
#[2]   .\SysINIT.asm
  174                             .include        ".\SysINIT.asm"
    1                     ;=====================================================
    2                     ;
    3                     ;       起動時初期化処理
    4                     ;
    5                     ;=====================================================
    6                     
    7                     
    8                     
    9                     
   10                     ;---------------------------------------------------
   11           0006      MAGIC_LEN       EQU     6
   12                     
   13  03:EF2A            ro_magic:
   14  03:EF2A  4D 41 50          .db     "MAP0DM"
       03:EF2D  30 44 4D  
   15                     
   16                     
   17  03:EF30            SYS_INIT:
   18  03:EF30  78                sei
   19  03:EF31  A2 00             ldx  #0         ; =ldx #0
   20  03:EF33  8E 00 20          stx  $2000
   21  03:EF36  8E 01 20          stx  $2001
   22  03:EF39  8E 15 40          stx  $4015
   23  03:EF3C  8E 10 40          stx      $4010  ;apu__dmc_control
   24  03:EF3F  A9 40             lda     #(%1<<6)
   25  03:EF41  8D 17 40          sta      $4017  ;apu__frame
   26                     
   27                     
   28                     
   29  03:EF44  AD 02 20          lda      $2002  ;ppu__status            ; 1st-write
   30  03:EF47  A9 10             lda     #$10
   31  03:EF49  AA                tax
   32  03:EF4A            .toggle_ppu_a12:
   33  03:EF4A  8D 06 20          sta      $2006  ;ppu__address
   34  03:EF4D  8D 06 20          sta      $2006  ;ppu__address
   35  03:EF50  49 10             eor     #$10
   36  03:EF52  CA                dex
   37  03:EF53  D0 F5             bne     .toggle_ppu_a12
   38  03:EF55  8E 01 20          stx      $2001  ;ppu__control2
   39                     
   40  03:EF58  2C 02 20          bit      $2002  ;ppu__status
   41  03:EF5B  2C 02 20  .v:     bit      $2002  ;ppu__status
   42  03:EF5E  10 FB             bpl     .v
   43                     
   44                     
   45                     ;=======================
   46                     ; メモリークリア       *
   47                     ;=======================
   48  03:EF60  8A                txa                             ; =lda #0
   49  03:EF61            .CLR_LOP:
   50  03:EF61  95 00             sta  <$00 ,x
   51                     
   52                     ; この領域に置いたハイスコアをリセット時にも保持させるため、
   53                     ;   sta  $0100,X
   54  03:EF63  9D 00 02          sta  $0200,X
   55  03:EF66  9D 00 03          sta  $0300,X
   56  03:EF69  9D 00 04          sta  $0400,X
   57  03:EF6C  9D 00 05          sta  $0500,X
   58  03:EF6F  9D 00 06          sta  $0600,X
   59  03:EF72  9D 00 07          sta  $0700,X
   60  03:EF75  E8                inx
   61  03:EF76  D0 E9             bne  .CLR_LOP
   62                     
   63                     ;===============================
   64                     ;       グラフィック関連初期化
   65                     ;===============================
   66  03:EF78            .v2:
   67  03:EF78  2C 02 20          bit      $2002  ;ppu__status
   68  03:EF7B  10 FB             bpl     .v2
   69                     
   70                     ;===============================
   71                     ;       パレットクリア
   72                     ;===============================
   73                     ; 全て白にしてリセット時のゴミを隠す
   74                             SET_VRAM_ADD2 #$3F00
       03:EF7D  A9 3F             lda #HIGH (#$3F00)
       03:EF7F  8D 06 20      sta $2006
       03:EF82  A9 00             lda #LOW  (#$3F00)
       03:EF84  8D 06 20          sta $2006
   75  03:EF87  A0 20             ldy  #32
   76  03:EF89  A9 30             lda  #$30                       ; 白
   77  03:EF8B  20 41 EE          jsr  SYS_VRAM_WLP
   78                     
   79                             SET_VRAM_ADD2 #$3F00
       03:EF8E  A9 3F             lda #HIGH (#$3F00)
       03:EF90  8D 06 20      sta $2006
       03:EF93  A9 00             lda #LOW  (#$3F00)
       03:EF95  8D 06 20          sta $2006
   80  03:EF98  A0 01             ldy     #1
   81  03:EF9A  A9 1F             lda     #$1F                    ; 黒
   82  03:EF9C  20 41 EE          jsr  SYS_VRAM_WLP
   83                     
   84                     
   85                     
   86                     ;===============================
   87                     ;       サウンド・乱数初期化
   88                     ;===============================
   89  03:EF9F  20 4C 9C          jsr  INIT_SOUND
   90                     
   91  03:EFA2  20 CC EF          jsr .INIT_RND
   92                     
   93                     
   94                     ;===============================
   95                     ; 初回キー入力チェック
   96                     ;===============================
   97                     ; WRAM 強制初期化操作に必要
   98                     ; 連続 2 フレームで同じキーが押されていないと
   99                     ; 「押された」と判定されないため、2 回の読込みを行わせる。
  100  03:EFA5  20 A6 E9          jsr  KEY_RTN
  101  03:EFA8  20 A6 E9          jsr  KEY_RTN
  102                     
  103                     ;=======================
  104                             ; 起動時ならマジックナンバー書込みとハイスコアクリア (2016-06-01 門真)
  105  03:EFAB  A2 05             ldx     #MAGIC_LEN -1           ; カウンタ
  106  03:EFAD  18                clc                             ; 初回起動でない、としておく
  107  03:EFAE            .magic_loop:
  108  03:EFAE  BD 2A EF          lda      ro_magic, x
  109  03:EFB1  A8                tay
  110  03:EFB2  5D 0A 01          eor      MAGIC, x
  111  03:EFB5  F0 05             beq     .magic_match
  112  03:EFB7  98                tya
  113  03:EFB8  9D 0A 01          sta      MAGIC, x
  114  03:EFBB  38                sec                             ; 初回起動確定
  115  03:EFBC            .magic_match:
  116  03:EFBC  CA                dex
  117  03:EFBD  10 EF             bpl     .magic_loop
  118  03:EFBF  90 0A             bcc     .magic_e                ; リセット時なら何もしない
  119                     
  120  03:EFC1  A9 00             lda     #0
  121  03:EFC3  A2 07             ldx     #(3+1)*2 -1             ; (ハイスコア,キャラ)*レベル数-1
  122  03:EFC5            .boot_loop:
  123  03:EFC5  9D 02 01          sta      HISCORES, x
  124  03:EFC8  CA                dex
  125  03:EFC9  10 FA             bpl     .boot_loop
  126                     
  127                     
  128  03:EFCB            .magic_e:
  129                     
  130                     
  131                     
  132                     
  133  03:EFCB  60                rts
  134                     
  135                     
  136                     
  137                     ;*****************************************
  138                     ;乱数システム初期化
  139                     ;*****************************************
  140  03:EFCC            .INIT_RND:
  141  03:EFCC  A9 00             LDA     #0
  142  03:EFCE  8D 0B 01          STA     RND_SEL
  143  03:EFD1  A9 0F             LDA     #15
  144  03:EFD3  8D 0C 01          STA     RND_WK0
  145  03:EFD6  A9 A2             LDA     #162
  146  03:EFD8  8D 0D 01          STA     RND_WK1
  147  03:EFDB  A9 53             LDA     #83
  148  03:EFDD  8D 0E 01          STA     RND_WK2
  149  03:EFE0  A9 E6             LDA     #230
  150  03:EFE2  8D 0F 01          STA     RND_WK3
  151  03:EFE5  60                RTS
  152                     
  153                     
  154                     
#[1]   PG_main.asm
  175                     
  176                     
  177                     
  178                     ; HIRQ割り込みエントリ
  179  03:EFE6            IRQ_ENTRY:
  180  03:EFE6  40                rti
  181                     
  182                     
  183           FFFA              ORG     $FFFA
  184  03:FFFA  D9 EE             DW      NMI
  185  03:FFFC  8B EE             DW      INIT
  186  03:FFFE  E6 EF             DW      IRQ_ENTRY
  187                     
  188                     
  189                     ;========================================
  190                     ; CHR-ROM 0x0000 - 0x1FFF
  191                     ;========================================
  192           0004              .BANK           4
  193           0000             ORG     $0000
  194  04:0000                    .INCBIN         "chr\font.chr"
  195  04:1000                    .INCBIN         "chr\OBJ_SP.chr"
  196                     
